{"url":"https://www.rocketpunch.com//jobs/70134/%EA%B3%B5%EA%B0%84-%EB%94%94%EC%9E%90%EC%9D%B4%EB%84%88","title":"공간 디자이너","origin":"미디어앤아트","start_date":"02/26 ","newbie":"인턴신입경력","content":["\n        주요 업무\n        미디어앤아트는 반 고흐 인사이드, 클림트 인사이드, 앨리스 ALICE, 슈가플래닛, 내 이름은 빨강머리 앤과 같은 대형 상업 전시 콘텐츠로 시장의 주목을 받고 있는 회사입니다. 저희는 옛역사, 공장, 버려진 상업 시설을 이용, 과거의 지적재산권(IP)를 이용하여 콘텐츠에 생명력을 불어 넣는 참신한 기획력을 선보이고 있습니다. 이에 설립 4년 만에 국내외 관람객 200만 명 돌파, 국내외 유수의 벤처캐피탈로부터 150억 원 이상의 프로젝트 파이낸싱을 유치하는 등 그 성장세를 이어가고 있습니다. 특히 2020년 상반기 내 종로구 통의통 내 대형 미술관을 오픈, 향후 정기적으로 자사 콘텐츠를 시장에 선보일 예정입니다.기획 전시 공간 디자인을 담당하는 포지션의 채용을 진행하고 있습니다. 초기 전시 기획부터 디자인/설계/감리 등 모든 프로세스에 긴밀하게 관여합니다. 단순히 보기 좋은 공간이 아닌 차별화된 사용자 경험을 제공해줄 수 있는 공간을 함께 디자인하실 분을 찾습니다.\n      ","\n        업무 관련 기술 / 활동 분야\n        \n          콘텐츠디자인\n          크리에이티브디자인\n          공간디자인\n          인테리어 디자인\n        \n      ","\n        채용 상세\n        [담당업무]• 1,000- 1,500sqm 이상의 대형 전시 공간 기획 및 디자인• 기본 설계, 실시 설계• 현장 시공 감리[자격요건]• 유관 프로그램 (Autocad, Sketchup, 3Dmax 등) 사용이 능숙한 분• 긍정적인 마인드로 적극적인 업무 수행이 가능한 분• 해외 출장 결격 사유가 없는 분[우대사항]• 유관 학과 전공자• 유관 업종 경험 또는 관련 직무 3년 이상의 경력자• 예술적, 인문학적 소양이 풍부한 분• 팀 프로젝트에 능하며 커뮤케이션 능력이 좋은 분• 프로젝트 매니지먼트 경험자[혜택 및 복지]• 교육비, 자기계발비, 도서구입비, 성과급, 문화생활비 지급• 사내 동호회 운영"]}