{"url":"https://www.rocketpunch.com//jobs/64658/Blockchain-Core-Developer","title":"Blockchain Core Developer","origin":"화이트블록","start_date":"02/20 ","newbie":"인턴신입경력","content":["\n        주요 업무\n                    블록체인 기반 서비스들은 현재 Hyperledger Fabric 기반으로 개발과 리서치 진행 중이며 블록체인 기반 대학 제증명 발급 시스템을 기반으로 블록체인 기반 대학 통합 인증 시스템을 개발중에 있습니다.현재 사용 중인 기술, 주요 업무, 구현 방향성, 개발팀 빌딩 등 모든 궁금하신 사항은 메일 ( contact@whiteblock.co )로 문…\n            더 보기\n            블록체인 기반 서비스들은 현재 Hyperledger Fabric 기반으로 개발과 리서치 진행 중이며 블록체인 기반 대학 제증명 발급 시스템을 기반으로 블록체인 기반 대학 통합 인증 시스템을 개발중에 있습니다.현재 사용 중인 기술, 주요 업무, 구현 방향성, 개발팀 빌딩 등 모든 궁금하신 사항은 메일 ( contact@whiteblock.co )로 문의 하시면 친절하게 답변 드리도록 하겠습니다. 관심있으신 개발자 여러분의 많은 지원 바랍니다. 감사합니다.\n\n      ","\n        업무 관련 기술 / 활동 분야\n        \n          blockchain\n          network\n          computer cryptography\n          cryptography\n          golang\n          private blockchain\n          블록체인\n        \n      ","\n        채용 상세\n                    담당업무- 블록체인 시스템 설계- 블록체인 시스템 개발자격요건- 학력/전공: 무관- 경력/연차: 무관- 블록체인 시스템 개발 경험이 있으신 분.- Go 언어 개발에 익숙하신 분.- Git을 사용하고 이를 통한 개발 및 협업이 가능한 분.우대사항- 새로운 기술에 대한 의욕 및 열정.- Cosmos, Tendermint 기반의 블록체인을 사용해 보신 분…\n            더 보기\n            담당업무- 블록체인 시스템 설계- 블록체인 시스템 개발자격요건- 학력/전공: 무관- 경력/연차: 무관- 블록체인 시스템 개발 경험이 있으신 분.- Go 언어 개발에 익숙하신 분.- Git을 사용하고 이를 통한 개발 및 협업이 가능한 분.우대사항- 새로운 기술에 대한 의욕 및 열정.- Cosmos, Tendermint 기반의 블록체인을 사용해 보신 분.- Docker 기반 서비스 운영에 이해가 깊으신 분.- Rust, C, C++ 언어가 사용 가능하신 분.- 암호학, 네트워크에 대한 이해가 있으신 분.- AWS 클라우드 서비스를 이용한 환경에서의 개발 경험을 가지신 분.- Slack / Jira / Notion 사용 경험을 가지신 분.\n"]}