{"url":"https://www.rocketpunch.com//jobs/59155/CMO-Chief-Marketing-Officer","title":"CMO (Chief Marketing Officer)","origin":"비알스톰","start_date":"02/07 ","newbie":"경력","content":["\n        주요 업무\n                    최고 마케팅 담당 책임자\n\n      ","\n        업무 관련 기술 / 활동 분야\n        \n          온라인마케팅\n          디지털마케팅\n          소셜마케팅\n          브랜드마케팅\n          바이럴마케팅\n          글로벌마케팅\n          콘텐츠마케팅\n          모바일광고\n          광고\n          maketing\n          Google Analytics\n          YouTube\n        \n      ","\n        채용 상세\n                    Chief Marketing Officer\n\n            \n              \n                  \n                  \n                \n            \n          \n            \n              \n                  \n                \n            \n          \n            \n              \n                  \n+3                \n            \n          \n            \n              \n                  \n                \n            \n          \n            \n              \n                  \n                \n            \n          \n            \n              \n                  \n                \n            \n          "]}