{"url":"https://www.rocketpunch.com//jobs/69569/%EB%AF%B8%EA%B5%AD-%EC%9C%A0%EB%8B%88%EC%BD%98-%EA%B8%80%EB%A1%9C%EB%B2%8C-%EC%8A%A4%ED%83%80%ED%8A%B8%EC%97%85-%ED%95%9C%EA%B5%AD%EC%A7%80%EC%82%AC-%EB%A8%B8%EC%8B%A0%EB%9F%AC%EB%8B%9D-%EC%97%94%EC%A7%80%EB%8B%88%EC%96%B4-%EB%8D%B0%EC%9D%B4%ED%84%B0-%EC%82%AC%EC%9D%B4%EC%96%B8%ED%8B%B0%EC%8A%A4%ED%8A%B8","title":"미국 유니콘 글로벌 스타트업 한국지사 머신러닝 엔지니어 / 데이터 사이언티스트","origin":"뤼드코리아","start_date":"  ","newbie":"경력","content":["\n        주요 업무\n        • Data annotation tool의 편의성으로 높여주기 위한 여러가지 전처리 기술 개발. 예를 들면 Computer vision use case를 위해 image recognition을 써서 bounding box를 그려주는 기술 개발• Data annotation quality control를 위한 각종 ML algorithm 개발. 현재 active learning을 이용한 human in the loop 알고리즘을 연구 중.• Data annotation의 여러 use case를 구상하고 소프트웨어로 구현. 예를 들면 computer vision (video annotation, semantic segmentation, 3D cuboids), natural language (named entity recognition, sentiment analysis) 등 여러 use case가 있음• 앱에서 수집한 광범위한 데이터를 Spark, Hadoop과 같은 big data technology를 사용하여 정리하고 여러 ML model을 사용하여 미래 수치 예측\n      ","\n        업무 관련 기술 / 활동 분야\n        \n          TensorFlow\n           Tensorflow, Keras 등 머신러닝/딥러닝 \n          Caffe / Tensorflow\n          Cassandra\n          Hadoop\n          spark\n        \n      ","\n        채용 상세\n        자격요건• 컴퓨터 공학, 타 머신러닝 관련 분야 석/박사 혹은 2년 이상의 관련 업무 경험• 다음 중 하나 이상의 조건에 해당되시는 분: - 자연어 처리, Computer Vision 관련 경험 - 의미있는 수준의 상용 머신러닝 프로젝트 수행 - 머신러닝을 활용한 실제 프로덕트 개발 경험 - 머신러닝, 딥러닝, 자연어처리 분야의 유수 학회에 논문 게재 경험 - Supervised learning 모델링 경험Python/C++/Java 등을 이용해 알고리즘을 자유자재로 구현할 수 있는 능력우대사항• 머신러닝 프로덱트에서 5명 이상의 머신러닝 엔지니어를 리딩해본 경험• 5년 이상의 software engineering 업무 경험• 2년 이상의 machine learning model/algorithm을 사용한 소프트웨어 개발 경험• Machine learning 관련 석사 전공자• TensorFlow, Keras, Caffe 등 machine learning technology 사용 경험• Spark, Hadoop, Cassandara 등 big data technology 사용 경험"]}