{"url":"https://www.rocketpunch.com//jobs/69030/%EB%B8%8C%EB%9E%9C%EB%93%9C-%EC%BD%98%ED%85%90%EC%B8%A0-%EB%94%94%EC%9E%90%EC%9D%B4%EB%84%88","title":"브랜드 콘텐츠 디자이너","origin":"코나투스","start_date":"02/04 ","newbie":"경력","content":["\n        주요 업무\n        코나투스(대표 김기동)는 '18년에 설립되었으며, 자발적 택시 동승 플랫폼  '반반택시' 를 운영 중입니다.구성원 모두 SK텔레콤, NCsoft, Coupang 등 대기업과 스타트업 창업 경험을 골고루 갖춘 각 분야 전문가로 구성되어 있으며, 현재 TBT, 본엔젤스, 스파크랩벤처스로부터 12억원 규모의 초기 투자유치를 완료하였습니다. 경기창조경제혁신센터 K Champ와 SKT Mobility Accelerator에 각각 선정되어, 판교와 서울대 후문 (출근지) 에 사무실을 두고 있습니다.모빌리티 산업은 대기업과 다양한 스타트업들이 상호 협력하면서 전체 시장을 함께 키워가고 있습니다코나투스는 택시산업을 혁신하고자 자발적 동승을 시작으로 다양한 서비스를 구상 중에 있습니다저희는 근본적으로 선하고, 다른 사람과 함께 일하는 것을 좋아하는 구성원을 찾고 있습니다.스타 플레이어보다는 협력의 가치를 중요하게 생각하는 구성원을 원하며, 이를 통해 회사와 구성원이 함께 성장하고자 합니다.지원하기 전 꼭 확인해 주세요.1. 근무시간: 오전 10시 ~ 오후 7시2. 수습기간: 3개월 (급여 100% 지급)\n      ","\n        업무 관련 기술 / 활동 분야\n        \n          그래픽디자인\n          광고디자인\n          콘텐츠디자인\n          마케팅디자인\n          크리에이티브디자인\n          서비스디자인\n          편집디자인\n        \n      ","\n        채용 상세\n        [주요업무]• 브랜드 마케팅 전략을 바탕으로 반반택시 브랜드 인지도 상승과 서비스 홍보를 위한 마케팅 프로모션 컨텐츠의 다지인 기획 및 제작• 반반택시 마케팅 프로모션 디자인 전반 (브랜드 온/오프라인 캠페인, 제휴/자체 이벤트 등)• 반반택시 서비스 관련 홍보 동영상 제작• SNS 관련 콘텐츠 제작 및 프로모션용 콘텐츠 기획 및 발굴• 반반택시 온/오프라인 마케팅 채널 디자인 및 제작[자격요건]• 디자인 또는 영상 관련 분야 3년 이상• 모바일 컨텐츠 디자인 경력을 보유하신 분• 웹툰 제작, 사진 합성, 타이포그래피, 모션 일러스트, 영상 제작 등의 경험이 있거나 최소 한 분야에서 자신이 있으신 분• 온라인 트렌트에 매우 민감하고 그것을 활용하여 컨텐츠화 가능하신 분• 태블릿을 이용한 드로잉 작업이 가능하신 분• 디자인 제작툴 (포토샵, 일러스트 등)에 능숙하신 분• 스토리테링을 통한 디자인 작업이 가능하신 분• 포트폴리오 첨부 (필수)[우대사항]• 영상 제작 및 촬영 편집에 자신이 있으신 분• 스타트업 O2O 혹은 모빌리티 분야에 경험이 있으신 분[혜택복지]• 모니터+노트북 제공• 중식/석식비 무한 지원• 생일 및 명절 선물 제공(30만원 상당)• 연차 18개• 배려심 많고 좋은 사람들과 일할 기회"]}