{"url":"https://www.rocketpunch.com//jobs/9505/Growth-Marketing-at-Tridge","title":"Growth / Marketing at Tridge","origin":"트릿지","start_date":"03/03 ","newbie":"인턴신입경력","content":["\n        주요 업무\n                    Tridge operates an online platform that facilitates effective and efficient communication between buyers and suppliers. As a growth hacker at Tridge, you will develop, implement, track and optimiz…\n            더 보기\n            Tridge operates an online platform that facilitates effective and efficient communication between buyers and suppliers. As a growth hacker at Tridge, you will develop, implement, track and optimize our digital marketing efforts across various channels. The right candidate will be proficient in developing effective online marketing strategies for suppliers and buyers of various industries in the global market.\n\n      ","\n        업무 관련 기술 / 활동 분야\n        \n          tms\n          Google Apps\n          Asana\n          Slack\n        \n      ","\n        채용 상세\n                    RESPONSIBILITIESWe are looking for a passionate individual who is eager to learn fast and enthusiastic about solving challenging business problems. As a member of Growth / Marketing Division of Tr…\n            더 보기\n            RESPONSIBILITIESWe are looking for a passionate individual who is eager to learn fast and enthusiastic about solving challenging business problems. As a member of Growth / Marketing Division of Tridge, you will:- Conduct data analysis to identify target stakeholders and marketing channels- Execute marketing strategies for recruiting Tridge’s local agents, suppliers and buyers- Initiate partnership opportunities with manufacturers \u0026 suppliers - Execute buyer communications and digital marketing campaigns - Support communication with Tridge users and engage them in the everyday operationsQUALIFICATIONSRequired: - Graduated with a Bachelor’s degree or is currently on his/her last year - Welcome both fresh graduate and experienced (3~7 years experience) Preferred: - Commodity trading, corporate b2b sales or cross-border purchasing experience - Proactive, hard-working and has a sense of responsibility to accomplish assigned tasks - “Go-getter” personality - Strategic and logical thinking capability - Excellent verbal and written communication skills - High interest on global trade and market trends HOW TO APPLY- Required documents: Resume in English (including contact information)- Please e-mail the required documents at recruit@tridge.com.- Qualified candidates for an interview will be contacted individually.\n"]}