{"url":"https://www.rocketpunch.com//jobs/70345/%ED%8D%BC%ED%8F%AC%EB%A8%BC%EC%8A%A4-%EB%A7%88%EC%BC%80%ED%84%B0","title":"퍼포먼스 마케터","origin":"번개장터 주식회사","start_date":"02/14 ","newbie":"경력","content":["\n        주요 업무\n                    번개장터 주식회사는 모바일 중고거래 No.1 플랫폼 번개장터와 중고 컨시어지 No.1 서비스 셀잇을 서비스하고 있습니다. 번개장터는 1,400만명 이상이 다운로드했고, 매월 450만명 이상의 이용자가 이용하고 있습니다.“누구나 숨 쉬듯 거래하는 세상을 만든다.”번개장터가 하려는 일입니다. 누구나 쉽게, 안심하고 거래하는 공간을 만들고 싶습니다. 마치…\n            더 보기\n            번개장터 주식회사는 모바일 중고거래 No.1 플랫폼 번개장터와 중고 컨시어지 No.1 서비스 셀잇을 서비스하고 있습니다. 번개장터는 1,400만명 이상이 다운로드했고, 매월 450만명 이상의 이용자가 이용하고 있습니다.“누구나 숨 쉬듯 거래하는 세상을 만든다.”번개장터가 하려는 일입니다. 누구나 쉽게, 안심하고 거래하는 공간을 만들고 싶습니다. 마치 숨을 쉴 때 의식하지 않는 것처럼, 번개장터에서 어떤 불편도 느끼지 않도록 하는 게 목표입니다.번개장터는 중고거래를 하면서 느끼는 불편함을 사용자와 함께 하나씩 해결하고 있습니다. 그 과정에서 ‘생활의 모든 것에는 가치가 있다’라는 믿음이 생겼습니다.누구나 쉽고 빠르고 안전하게 거래할 수 있다면, 모든 것의 가치가 커지는 세상이 된다고 믿습니다.번개장터 자세히 알아보기: http://bit.ly/BUNJANG번개장터의 미디어 (Media) 팀은 퍼포먼스 마케팅, 브랜드 캠페인 등 페이드 미디어 전반의 집행과 효율 관리를 담당합니다.- 유저 Acquisition 목적의 효율적 광고 집행 기획 - 페이스북, 인스타그램, 구글, 네이버, 카카오 상의 광고 집행 및 최적화 - 브랜드 팀과 긴밀하게 일하며 퍼포먼스 마케팅 최적화를 위한 크리에이티브 필요 요소 진단- IMC 캠페인의 목적과 설계를 이해하고, 최적화된 미디어 집행 기획 - 트래킹툴을 활용해 광고 데이터 관리\n\n      ","\n        업무 관련 기술 / 활동 분야\n        \n          퍼포먼스마케팅\n          performancemarketing\n          디지털마케팅\n          페이스북\n          인스타그램\n          퍼포먼스 마케팅\n          Performance Marketing\n          디지털 마케팅\n          앱마케팅\n          마케팅분석\n          GA\n          마케터\n        \n      ","\n        채용 상세\n                    담당업무- 유저 Acquisition 목적의 효율적 광고 집행 기획 - 페이스북, 인스타그램, 구글, 네이버, 카카오 상의 광고 집행 및 최적화 - 브랜드 팀과 긴밀하게 일하며 퍼포먼스 마케팅 최적화를 위한 크리에이티브 필요 요소 진단- IMC 캠페인의 목적과 설계를 이해하고, 최적화된 미디어 집행 기획 - 트래킹툴을 활용해 광고 데이터 관리자격요건…\n            더 보기\n            담당업무- 유저 Acquisition 목적의 효율적 광고 집행 기획 - 페이스북, 인스타그램, 구글, 네이버, 카카오 상의 광고 집행 및 최적화 - 브랜드 팀과 긴밀하게 일하며 퍼포먼스 마케팅 최적화를 위한 크리에이티브 필요 요소 진단- IMC 캠페인의 목적과 설계를 이해하고, 최적화된 미디어 집행 기획 - 트래킹툴을 활용해 광고 데이터 관리자격요건- 2년 이상의 마케팅 경력을 가지신 분, 데이터와 미디어에 대한 열정이 있는 분- 데이터 분석을 좋아하고 잘하시는 분- 디지털 매체별 특성을 이해하고, 최적화를 이끌어 줄 수 있는 분- 매체 전문성을 가지고 브랜드, 크리에이티브 팀과의 최고의 협업을 이끌어 낼 수 있는 분- 중고거래, 마켓 플레이스에 대한 관심이 많으신 분우대사항- IMC 미디어 집행 경험이 있으신 분- 온/오프라인 매체를 넘나드는 미디어 기획을 해보신 분- 디지털 광고를 직접 직행 경험이 있으신 분- 브랜드 미디어 담당으로서 미디어 대행사와 협업한 경험이 있으신 분\n"]}