{"url":"https://www.rocketpunch.com//jobs/68524/%ED%92%80%EC%8A%A4%ED%83%9D-%EA%B0%9C%EB%B0%9C%EC%9E%90-%EA%B2%BD%EB%A0%A5","title":"풀스택 개발자 (경력)","origin":"구름","start_date":"03/03 ","newbie":"소경력","content":["\n        주요 업무\n                    - 주요 스택은 NodeJS, MongoDB이며 프로젝트에 따라 jQuery와 React를 함께 사용하고 있습니다.- front-end와 back-end를 같은 언어로 개발하기 때문에 적응하기 수월하실 것이며, Javascript를 더 깊이 이해할 수 있을 것입니다.\n\n      ","\n        업무 관련 기술 / 활동 분야\n        \n          aws\n          GitHub\n          jQuery\n          React\n          Node.js\n          JavaScript\n          풀스택개발\n        \n      ","\n        채용 상세\n                    ### 코로나19 사태로 인해 당사의 면접 전형을 잠정 보류합니다 ###구름은 클라우드 인프라에 대한 깊은 이해와, 웹 애플리케이션 개발에 대한 노하우로 국내를 넘어서 글로벌 서비스를 표방하는 기술 기반 스타트업입니다.우리는 언제 어디서나 SW개발을 배우고, 만들 수 있도록 돕고 모두가 개발자가 될 수 있는 \"개발자 성장\" 중심의 생태계를 아래의 4…\n            더 보기\n            ### 코로나19 사태로 인해 당사의 면접 전형을 잠정 보류합니다 ###구름은 클라우드 인프라에 대한 깊은 이해와, 웹 애플리케이션 개발에 대한 노하우로 국내를 넘어서 글로벌 서비스를 표방하는 기술 기반 스타트업입니다.우리는 언제 어디서나 SW개발을 배우고, 만들 수 있도록 돕고 모두가 개발자가 될 수 있는 \"개발자 성장\" 중심의 생태계를 아래의 4가지 서비스를 통해 만들어나가고 있습니다.- 구름EDU: IT기술 교육 서비스- 구름LEVEL: 프로그래밍 문제 풀이 서비스- 구름DEVTH: 개발자 역량 평가 서비스- 구름IDE: 클라우드 통합 개발 환경 서비스[자격 요건]- (남성의 경우) 병역의 의무를 마치신 분 또는 군면제자[우대 사항]- 컴퓨터공학 관련 전공 석사학위가 있으신 분- React, NodeJS, MongoDB를 경험해 보신 분- 최신 JavaScript 프레임워크, 빌드 툴 및 라이브러리에 대한 지식을 습득하는데 거부감이 없으신 분- 디자인의 이해도가 높으신 분[복지 및 혜택]- 맥북 및 듀얼모니터 지급- 4대 보험 적용- 1일 1회 중식 지원 (4가지 메뉴가 선택 가능한 사내 식당, 삼성 웰스토리)- 휴게공간 최고급 커피머신 무제한 이용- 음료 및 다과 지원 - 저렴한 사내 카페- 수면실/샤워실/헬스장/양호실 지원[채용 절차]- 서류 검토- 1차 면접- 미션 수행(1~2주 기한의 직군별 미션 수행)- 최종 면접 후 채용 확정[지원 방법]- recruit@goorm.io 으로 이력서 및 포트폴리오(자유양식, URL첨부 가능)를 보내주세요.- 이력서는 한글파일포맷(.hwp)는 지양해주시기 바라며, 가급적 pdf로 보내주시기 바랍니다.[문의 및 참고]- 채용 문의: recruit@goorm.io- 구름 홈페이지: https://goorm.io/- 구름 채용 상세 페이지: http://bitly.kr/2qGeOySn### 코로나19 사태로 인해 당사의 면접 전형을 잠정 보류합니다 ###\n"]}