{"url":"https://www.rocketpunch.com//jobs/64990/%EA%B3%B5%EB%8F%99%EC%B0%BD%EC%97%85%EC%9E%90-CTO","title":"공동창업자 / CTO","origin":"Ballooming","start_date":"11/14 ","newbie":"경력","content":["\n        주요 업무\n                    Ballooming은 무슨 서비스 인가요?생년 월일을 기반으로 전세계에 있는 생일 친구들을 하나의 클라우드로 모아더욱더 넓은 감정의 교류를 나눌 수 있게끔 환경을 제공해주는 새로운 방식의 소셜네트워크 서비스 입니다.Ballooming은 지금 무슨 단계인가요?저희는 이제 시작 하는 서비스이며 현재는 빠른 MVP출시를 목표로 하고 있습니다.Balloom…\n            더 보기\n            Ballooming은 무슨 서비스 인가요?생년 월일을 기반으로 전세계에 있는 생일 친구들을 하나의 클라우드로 모아더욱더 넓은 감정의 교류를 나눌 수 있게끔 환경을 제공해주는 새로운 방식의 소셜네트워크 서비스 입니다.Ballooming은 지금 무슨 단계인가요?저희는 이제 시작 하는 서비스이며 현재는 빠른 MVP출시를 목표로 하고 있습니다.Ballooming의 강점은 무엇인가요?세계 어디에도 존재하지 않는 서비스이며사용자들의 호기심을 자극 할 수 있다는 점과전세계 친구들을 아무런 제약 없이 만날 수 있다는 장점이 있습니다.Ballooming이 추구하는 비전은 무엇인가요?오프라인 관계를 넘어선 새로운 온라인 관계의 시작점으로더이상 혼자 고립되지 않는 사회와 더욱더 좋은 세상을 만들기 위한소셜네트워크가 되고자 합니다.Ballooming이 목표로 하는 시장은 어디인가요?글로벌 출시를 목표로 하고 있으며전세계 친구들이 많이 가입 되어 있을 수록사용자의 이득이 극대화 되기 때문에초기 가설 검증을 마친 후에 적극적인 해외 진출을 위한전략적인 방향을 설정 하고 있습니다.Ballooming의 창업자는 누구인가요?저는 창의적 마인드와 도전적 마인드를  추구하는 모험가형 창업가 입니다.많은 실패들을 거치면서 삶의 중요한 가치를 배우게 되었으며 이를 통해사회에 도움이 되고자 새로운 소셜네트워크 서비스를 출시 하고자 합니다.사람이 먼저인, 사람을 위한 그런 스타트업이 되고자 합니다.Ballooming은 어떤 사람과 일하고 싶은가요?저희 서비스가 초기 단계인 만큼의미 있는 서비스를 처음부터 자기 손으로 만들어 보고 싶으신 분과 함께 하고 싶습니다.사람중심 기업문화를 지향 하기 때문에 긍정적인 마인드를 소유 하신좋은 사람과 함께 하고 싶습니다.홈페이지http://ballooming.com인터뷰 기사http://www.issuemaker.kr/news/articleView.html?idxno=29052\n\n      ","\n        업무 관련 기술 / 활동 분야\n        \n          iOS\n          Android\n          Swift\n          풀스텍\n        \n      ","\n        채용 상세\n                    담당업무- CTO로서의 기술적 자문 및 전반적 개발 업무의 총괄- 개발팀 팀 빌딩- 팀원과의 소통- 서비스 출시의 전반적인 코칭자격요건- 스타트업에 대한 경험이 많으신 분- Ballooming에 대한 비전을 같이 공유하고 싶으신 분- 해외 진출에 관심이 많거나 경험이 있으신분우대사항- 해외 서비스 출시 및 스타트업 경험.- 서비스 개발 PM 경험 및…\n            더 보기\n            담당업무- CTO로서의 기술적 자문 및 전반적 개발 업무의 총괄- 개발팀 팀 빌딩- 팀원과의 소통- 서비스 출시의 전반적인 코칭자격요건- 스타트업에 대한 경험이 많으신 분- Ballooming에 대한 비전을 같이 공유하고 싶으신 분- 해외 진출에 관심이 많거나 경험이 있으신분우대사항- 해외 서비스 출시 및 스타트업 경험.- 서비스 개발 PM 경험 및 스타트업의 환경을 잘 이해하고 계시는 분근무 조건- 초기 멤버인 만큼 협의에 의해 신중하게 진행 하겠습니다.- 지원자분의 역량에 따라 지분 15~20프로를 배분 할 예정입니다.채용 취소 사유- 전 직장에서 성희롱 및 분란 으로 퇴직 한 자.- 허위 경력 기재.\n\n            \n              \n                  \n                  \n                \n            \n          \n            \n              \n                  \n                \n            \n          "]}