{"url":"https://www.rocketpunch.com//jobs/49597/%EB%B0%98%EB%A0%A4%EB%8F%99%EB%AC%BC%EC%95%B1-%EC%8A%A4%ED%83%80%ED%8A%B8%EC%97%85-%EC%98%81%EC%97%85-%EB%8B%B4%EB%8B%B9%EC%9E%90-%EB%AA%A8%EC%A7%91","title":"반려동물앱 스타트업 영업 담당자 모집","origin":"커넥션랩","start_date":"01/29 ","newbie":"인턴신입경력","content":["\n        주요 업무\n                    - 반려동물 앱 관련 동물병원 O2O 영업.- 영업 기획- 제휴 동물병원 관리- 타 부서와 현장의 의견 취합 전달- 아웃바운드 콜\n\n      ","\n        업무 관련 기술 / 활동 분야\n        \n          고객관리\n          운영\n          B2B영업\n          로컬영업\n          영업관리\n          영업\n          영업기획\n          B2B/B2C영업\n          B2B/B2C 영업마케팅\n          B2B/B2C Sales\n          Sales planning\n          영업\n        \n      ","\n        채용 상세\n                    모집분야 : 로컬 O2O 영업1. 담당업무- 반려동물관련 로컬  영업.- 영업 기획- 업체 회원 관리- 타 부서와 현장의 의견 취합 전달2. 자격요건- 펫(pet) 관련 비즈니스 유 경험자- 원활한 커뮤니케이션 능력 보유자- 진취적이고 긍정적인 마인드- 낯선 사람들과의 만남을 즐기시는 분3. 우대사항- 엑셀, 구글스프레드시트 문서작성 우수자- 운전가…\n            더 보기\n            모집분야 : 로컬 O2O 영업1. 담당업무- 반려동물관련 로컬  영업.- 영업 기획- 업체 회원 관리- 타 부서와 현장의 의견 취합 전달2. 자격요건- 펫(pet) 관련 비즈니스 유 경험자- 원활한 커뮤니케이션 능력 보유자- 진취적이고 긍정적인 마인드- 낯선 사람들과의 만남을 즐기시는 분3. 우대사항- 엑셀, 구글스프레드시트 문서작성 우수자- 운전가능자- O2O 서비스, 반려동물 시장에 대한 이해와 지식, 열정 보유자- B2B, B2C 영업 유경험자4. 전형 절차- 입사지원서 작성 -\u003e 서류전형 -\u003e 임원 면접 -\u003e 최종합격5. 복리후생- 급여 : 회사 내규- 업무시간(9시 ~ 6시)- 자기계발 지원6. 지원방법- 로켓펀치에서 지원- 혹은, 자유 양식의 이력서를 이메일(spark@connlab.kr)로 보내주십시오.7. 기타- 지원서 허위기재 사실이 발견될 시에는 불합격 또는 입사 취소됩니다.- 지원서에 민감 개인 정보 (주민등록번호 등)가 기재되지 않도록 유의하여 주십시오.\n"]}