{"url":"https://www.rocketpunch.com//jobs/69890/%EA%B0%9C%EB%B0%9C%EC%9E%90","title":"개발자","origin":"마이베네핏","start_date":"02/20 ","newbie":"경력","content":["\n        주요 업무\n                    저희 회사의 개발팀은Java기반의 서버측 개발과 Unity기반의 기기 개발, 이렇게 크게 두가지 파트로 구성되어 있습니다. 먼저 서버측 개발자를 찾고 있지만, 2020년 상반기 내에 기기 개발진도 보강하려고 합니다. 기획이 진행된 후 개발되는 것이 기본적인 프로세스지만, 개발자가 원할 경우 기획부터 같이 참여하기도 합니다.\n\n      ","\n        업무 관련 기술 / 활동 분야\n        \n          Java\n          JSP\n        \n      ","\n        채용 상세\n                    담당업무- 애플리케이션 서버 백엔드 플랫폼 전반적인 개발 및 운영자격요건- Java 언어에 능숙하신 분- Spring Framework 기반 웹서버 개발경력 3년 이상 또는 그에 준하는 역량을 보유하신 분- 웹서비스 인프라에 대한 이해가 있는 분(apache, tomcat, cache, batch, message queue 등)- Restful AP…\n            더 보기\n            담당업무- 애플리케이션 서버 백엔드 플랫폼 전반적인 개발 및 운영자격요건- Java 언어에 능숙하신 분- Spring Framework 기반 웹서버 개발경력 3년 이상 또는 그에 준하는 역량을 보유하신 분- 웹서비스 인프라에 대한 이해가 있는 분(apache, tomcat, cache, batch, message queue 등)- Restful API 연동 경험 혹은  설계 원칙을 이해하고  있는 분- Back-end 시스템 및 RDB 기반 시스템 구현 경험이 있는 분우대사항- 새로운 기술에 적극적인 관심이 많은 분 - 팀워크의 중요성을 알고, 동료를 배려하고 같이 성장하고자 하시는 분- AWS 등 클라우드 사용 및 서비스 운영 경험 보유자 - 성능 개선 경험 및 능력 보유자 - SpringBoot, Cloud, Batch 등 다양한 Spring 모듈 사용 경험- 대용량 트래픽/데이터 처리 및 분산처리 플랫폼 경험을 보유하신 분\n"]}