{"url":"https://www.rocketpunch.com//jobs/65653/BeeCanvas-Front-End-Engineer-%EB%B9%84%EC%BA%94%EB%B2%84%EC%8A%A4-%ED%94%84%EB%A1%A0%ED%8A%B8%EC%97%94%EB%93%9C-%EC%97%94%EC%A7%80%EB%8B%88%EC%96%B4","title":"BeeCanvas Front-End Engineer (비캔버스 프론트엔드 엔지니어)","origin":"비캔버스","start_date":"11/19 ","newbie":"경력","content":["\n        주요 업무\n                    우리는 화이트보드 형태의 비주얼 워크스페이스 협업툴, 비캔버스를 만듭니다. 전세계 13만명의 가입자를 확보했으며, 론칭 이후 지속적인 성장세로 2020년 본격적으로 미국에 진출합니다. 한국의 한화 드림플러스, 영국의 킹슬리벤처스, 미국의 알케미스트 액셀러레이터로부터 투자를 유치하였으며, 국내에서 잘 시도 되지 않는 B2B SaaS 카테고리를 새롭게 …\n            더 보기\n            우리는 화이트보드 형태의 비주얼 워크스페이스 협업툴, 비캔버스를 만듭니다. 전세계 13만명의 가입자를 확보했으며, 론칭 이후 지속적인 성장세로 2020년 본격적으로 미국에 진출합니다. 한국의 한화 드림플러스, 영국의 킹슬리벤처스, 미국의 알케미스트 액셀러레이터로부터 투자를 유치하였으며, 국내에서 잘 시도 되지 않는 B2B SaaS 카테고리를 새롭게 개척해나가고 있습니다. 비캔버스는 뛰어난 기술적 장벽과 UX/UI에 대한 다년간의 노하우를 바탕으로 국내에서 독보적인 포지션을 갖고 성장하고 있습니다. 이제 우리는 최고의 팀을 구성하고, 최고의 제품을 만들어 본격적으로 미국 시장을 정복하려 합니다.\n\n      ","\n        업무 관련 기술 / 활동 분야\n        \n          JavaScript\n          React\n          Front-end\n          HTML5\n          CSS\n          jQuery\n          CSS3\n        \n      ","\n        채용 상세\n                    Company Description우리는 화이트보드 형태의 비주얼 워크스페이스 협업툴, 비캔버스를 만듭니다. 전세계 13만명의 가입자를 확보했으며, 론칭 이후 지속적인 성장세로 2020년 본격적으로 미국에 진출합니다. 한국의 한화 드림플러스, 영국의 킹슬리벤처스, 미국의 알케미스트 액셀러레이터로부터 투자를 유치하였으며, 국내에서 잘 시도 되지 않는 …\n            더 보기\n            Company Description우리는 화이트보드 형태의 비주얼 워크스페이스 협업툴, 비캔버스를 만듭니다. 전세계 13만명의 가입자를 확보했으며, 론칭 이후 지속적인 성장세로 2020년 본격적으로 미국에 진출합니다. 한국의 한화 드림플러스, 영국의 킹슬리벤처스, 미국의 알케미스트 액셀러레이터로부터 투자를 유치하였으며, 국내에서 잘 시도 되지 않는 B2B SaaS 카테고리를 새롭게 개척해나가고 있습니다. 비캔버스는 뛰어난 기술적 장벽과 UX/UI에 대한 다년간의 노하우를 바탕으로 국내에서 독보적인 포지션을 갖고 성장하고 있습니다. 이제 우리는 최고의 팀을 구성하고, 최고의 제품을 만들어 본격적으로 미국 시장을 정복하려 합니다. \u2028BeeCanvas is the all-in-one visual workspace with over 130k registered users across 50 countries. It's helping people and teams focus on the work that matters. People around the world are already using a variety of apps for communication, conferencing and file sharing. But now, the Workspace generation is here and multiple features can be found in one place. Developed in South Korea, Japan, and Germany, the core concept of BeeCanvas is that it's an easy and flexible visual workspace.Role Description개발자, 기획자, 디자이너로 구성된 Cross functional팀의 협업은 언제나 어렵습니다. 만나서도 어려운 협업을 만나지 않고도 한다면 어떨까요? 전세계적으로 급속도로 변해가고 있는 업무문화인 리모트워크에서 이러한 Cross functional 팀이 협업에 있어 발생하는 문제를 해결한 제품은 없습니다. 우리는 이 문제를 기술로 해결합니다. 비캔버스는 클라우드 기반의 비주얼 협업툴입니다. 순수한 Javascript로 완벽하게 브라우저상에서 동작하는 만큼 기술적으로 풀어야 할 어려운 문제들이 많습니다. 높은 수준의 기술적 난이도를 함께 해결해 나갈 창의적인 소프트웨어 엔지니어분과 함께하고자 합니다.\u2028비캔버스의 소프트웨어 엔지니어는 비캔버스의 사용자이자 창조자로서, 내부에서 엄격하게 품질을 테스트하며, 세계적인 제품을 만들어내기 위한 높은 수준의 스탠다드를 갖습니다. JavaScript 를 모든 플랫폼, 기기, 환경에 맞게 사용할 수 있을 정도의 도메인 전문성을 갖춰야 합니다. (또는 단기간에 갖출 수 있는 압도적인 학습력을 가져야만 합니다)Responsibilities* Javascript, React 를 활용한 BeeCanvas 크로스플랫폼 개발 (Desktop(Web), iOS, Android)* 개별적 기능에 대한 오너십. (Design, Implementation, Testing, Maintenance에 걸친 모든 과정에 대한)* 구글 독스, 드롭박스와 진검승부를 벌일 수 있는 기술적 패기와 내적 동기부여* 서울의 제품 개발팀, 미국내 제품관리자 등과 유연하게 소통할 수 있는 커뮤니케이션 능력* 탁월한 성과를 기반으로한 보상Requirements* CS 학사학위 또는 관련 학위 소지자(물리, 수학 등), 또는 이에 준하는 웹 어플리케이션 프로그래밍 실무경험 * 2년 이상의 경력 또는 그에 준하는 경험* Core JavaScript에 대한 이해도와 웹 도메인 지식* 강한 지적 호기심과 커뮤니케이션 능력* 기본적인 영어 실력우대사항* 웹 스택에 대한 완전한 이해도 (e.g. HTTP, headers, caching, etc.).* 수학 또는 물리학 관련 학위 또는 관련 오픈소스 활동 또는 증명할 수 있는 경험* 영어 소통 가능자 우대* Node.js 기반 서버 또는 MEAN stack 개발 경험, 기본적인 Database 나 API 설계에 대한 경험* Github README 와 같은 마크다운 형식 개발문서 작성에 대한 이해도* 소프트웨어 엔지니어링에 대한 강한 동경과 자부심* React-native 또는 React 로 직접 어플리케이션을 만들어본 경험* 데이터 분석 실무경험자 우대* 개발 관련 블로그를 운영해본 경험* Stripe, Slack, Google, Dropbox 등의 외부 API 연동 경험\n\n            \n              \n                  \n                \n            \n          \n            \n              \n                  \n                \n            \n          \n            \n              \n                  \n                \n            \n          "]}