{"url":"https://www.rocketpunch.com//jobs/68997/%EA%B0%80%EC%83%81%EC%9E%90%EC%82%B0%EC%95%94%ED%98%B8%ED%99%94%ED%8F%90-%EA%B1%B0%EB%9E%98%EC%86%8C-%EA%B3%A0%ED%8C%8D%EC%8A%A4GOPAX-CCO-Chief-Compliance-Officer-%EB%B3%B4%EA%B3%A0%EC%B1%85%EC%9E%84%EC%9E%90-%EB%AA%A8%EC%A7%91","title":"가상자산(암호화폐) 거래소 고팍스(GOPAX) CCO [Chief Compliance Officer, 보고책임자] 모집","origin":"스트리미","start_date":"02/04 ","newbie":"경력","content":["\n        주요 업무\n                    ∨ 스트리미는 이런 회사 입니다!스트리미는 사회적 책임을 갖고 블록체인 생태계를 이끌고 있습니다.스트리미의 대표 서비스로는 가상자산(암호화폐) 거래소인 'GOPAX'가 있으며, 가상자산(암호화폐) 예치 서비스 'DASK'를 출시하였습니다.'GOPAX'는 보안과 투명성을 중시하며 국내 거래소 중 최초로 국제 보안인증 ISO/IEC 27001과 국내 보…\n            더 보기\n            ∨ 스트리미는 이런 회사 입니다!스트리미는 사회적 책임을 갖고 블록체인 생태계를 이끌고 있습니다.스트리미의 대표 서비스로는 가상자산(암호화폐) 거래소인 'GOPAX'가 있으며, 가상자산(암호화폐) 예치 서비스 'DASK'를 출시하였습니다.'GOPAX'는 보안과 투명성을 중시하며 국내 거래소 중 최초로 국제 보안인증 ISO/IEC 27001과 국내 보안인증 ISMS를 취득하였습니다.또한 적법한 거래소 운영을 위해 사내 법률 자문팀을 운영하고 있으며, 대관업무에도 노력을 기하고 있습니다.스트리미와 함께 블록체인의 가치를 발견하고 성장해가실 분을 찾습니다.자세한 회사정보 및 사내문화는 블로그를 통해 확인 부탁드립니다.▶스트리미 블로그: https://blog.naver.com/streami_hr\n\n      ","\n        업무 관련 기술 / 활동 분야\n        \n          준법감시인\n          compliance\n        \n      ","\n        채용 상세\n                    ∨ 이런 역할을 합니다!- 자금세탁방지 업무 총괄로서 내부통제 설계·운영 및 평가와 관련한 역할 및 책임 수행- 보고책임자로서 관련 대외 기관과의 업무협조, 정보교환- 자금세탁방지부서 장으로서 조직 관리 및 타 부서와의 협력을 통한 리스크 대비 전략 개발- 대관활동을 통한 자금세탁방지체계에 있어 가상자산 업계 선도∨ 이런 생각(경험)을 갖고 계신 분…\n            더 보기\n            ∨ 이런 역할을 합니다!- 자금세탁방지 업무 총괄로서 내부통제 설계·운영 및 평가와 관련한 역할 및 책임 수행- 보고책임자로서 관련 대외 기관과의 업무협조, 정보교환- 자금세탁방지부서 장으로서 조직 관리 및 타 부서와의 협력을 통한 리스크 대비 전략 개발- 대관활동을 통한 자금세탁방지체계에 있어 가상자산 업계 선도∨ 이런 생각(경험)을 갖고 계신 분과 함께 하고 싶어요!- 최근 금융권의 관련 업계 재직 경험 (min 7년)- 국내외 AML 관련 지식/경험 보유- AML시스템 설계 및 운영 경험- 가상자산 자금세탁방지 업계 최고 수준의 전문가 커리어를 원하는 분∨ 이런 생각(경험)을 갖고 계신 분이면 더 좋아요!- 원활한 영어 커뮤니케이션- 블록체인 및 암호화폐/핀테크 관련 지식- 자금세탁방지 관련 자격증\n\n            \n              \n                  \n                \n            \n          \n            \n              \n                  \n                \n            \n          "]}