{"url":"https://www.rocketpunch.com//jobs/58959/%EC%9D%B8%EC%82%AC-%EB%A7%A4%EB%8B%88%EC%A0%80-People-OperationsRecruitHR-Manager","title":"인사 매니저 - People Operations/Recruit(HR) Manager","origin":"엘리스","start_date":"02/27 ","newbie":"경력","content":["\n        주요 업무\n                    • 엘리스 미션과 비젼에 맞는 사내 정책 수립 및 실행• 엘리스 미션과 비젼에 맞는 사외(선생님,튜터) 정책 수립 및 실행• 엘리스 미션과 비젼에 맞는 채용 진행• 평가와 보상 체계 정책 수립 및 실행\n\n      ","\n        업무 관련 기술 / 활동 분야\n        \n          인사(HR)\n          Recruting\n          채용\n          HRD\n          인사관리\n          헤드헌팅\n          조직문화\n          인사\n          인사운영\n          내부브랜딩\n          기업문화\n        \n      ","\n        채용 상세\n                    자격요건• HR 관련 경력 1~2년 이상• 빠른 추진력과 데이터에 입각한 실행을 하실 수 잇는 분• 다양한 직군과 뛰어난 커뮤니케이션 스킬이 있으신 분• 사내외 교육 관련 인사 정책을 혁신하고 싶으신 분우대사항• 기술(SW) 스타트업에서 HR을 담당하셨던 분• 교육 관련 업계 HR 경험이 있으신 분\n"]}