{"url":"https://www.rocketpunch.com//jobs/65539/%EB%A6%AC%EB%88%85%EC%8A%A4-%EC%97%94%EC%A7%80%EB%8B%88%EC%96%B4","title":"리눅스 엔지니어","origin":"티몬","start_date":"11/12 ","newbie":"경력","content":["\n        주요 업무\n                    1. Devops Engineer 2. Linux 기반의 어플리케이션 아키텍처 설계, 시스템 성능 튜닝, 모니터링 도구 개발/운영3. 오픈소스 기반의 DevOps 도구 운영\n\n      ","\n        업무 관련 기술 / 활동 분야\n        \n          리눅스\n          서버관리\n          devops\n        \n      ","\n        채용 상세\n                    자격요건1. 학력/전공 : 전문학사 이상2. 경력/연차 : 관련 경력 5년 이상우대사항1. 대용량 웹서비스 시스템 운영 경력자, AWS, Azure 중 하나 이상의 클라우드 아키텍처 구성 및 운영 경험이 있으신 분2. Linux 환경의 서비스 운영 경험이 있으신 분3. Linux Command 및 Shell 스크립트 작성에 익숙하신 분4. Pytho…\n            더 보기\n            자격요건1. 학력/전공 : 전문학사 이상2. 경력/연차 : 관련 경력 5년 이상우대사항1. 대용량 웹서비스 시스템 운영 경력자, AWS, Azure 중 하나 이상의 클라우드 아키텍처 구성 및 운영 경험이 있으신 분2. Linux 환경의 서비스 운영 경험이 있으신 분3. Linux Command 및 Shell 스크립트 작성에 익숙하신 분4. Python, Node.js, JAVA 등 프로그래밍 경험이 있으신 분5. Puppet 또는 Ansible 을 이용한 Code기반 시스템 자동화 경험이 있으신 분6. 다양한 Open source DB 유경험자 (mysql, PostreSQL, Maria, NoSQL...Etc) \n"]}