{"url":"https://www.rocketpunch.com//jobs/66448/IoT-%EC%84%9C%EB%B2%84-%EA%B0%9C%EB%B0%9C%EC%9E%90-%EC%B1%84%EC%9A%A9-AWS","title":"IoT 서버 개발자 채용 (AWS)","origin":"시누스소프트","start_date":"02/25 ","newbie":"인턴신입경력","content":["\n        주요 업무\n                    - JAVA 백엔드 서버 개발 ( Spring Boot ) - RESTful api - oAuth2- MySQL, mybatis, JPA 등 DB 연동- AWS 서비스 다수 ( EC2, IoT 외 ) - github\n\n      ","\n        업무 관련 기술 / 활동 분야\n        \n          Java\n          MySQL\n          Amazon AWS\n          Back-end\n        \n      ","\n        채용 상세\n                    담당업무- IoT 서버 백앤드 개발- RESTful API 설계/개발- AWS 서버 운영/관리자격요건-고졸이상우대사항-IoT 서비스, 제품 개발 경험 -JAVA 서버 개발 경험-대용량 서비스 개발/운영 경험-2개 이상 언어(C/C++/JAVA/C#) 활용 우대특이사항- 코딩 테스트 예정\n            더 보기\n            담당업무- IoT 서버 백앤드 개발- RESTful API 설계/개발- AWS 서버 운영/관리자격요건-고졸이상우대사항-IoT 서비스, 제품 개발 경험 -JAVA 서버 개발 경험-대용량 서비스 개발/운영 경험-2개 이상 언어(C/C++/JAVA/C#) 활용 우대특이사항- 코딩 테스트 예정\n"]}