{"url":"https://www.rocketpunch.com//jobs/69019/%ED%95%A8%EA%BB%98-%ED%95%A0-%EC%9B%B9-%ED%94%84%EB%A1%A0%ED%8A%B8%EC%97%94%EB%93%9C-%EA%B0%9C%EB%B0%9C%EC%9E%90-%EC%B1%84%EC%9A%A9-%EA%B2%BD%EB%A0%A5-1%EB%85%84%EC%9D%B4%EC%83%81","title":"함께 할 웹 프론트엔드 개발자 채용 (경력 1년이상)","origin":"DK 이노베이션","start_date":"02/04 ","newbie":"신입경력","content":["\n        주요 업무\n                    javascript를 이용한 웹 프론트엔드 개발\n\n      ","\n        업무 관련 기술 / 활동 분야\n        \n          JavaScript\n          CSS\n          Front-end\n          HTML\n        \n      ","\n        채용 상세\n                    담당업무- javascript를 이용한 웹 프론트엔드 개발--자격요건----우대사항- 경력1년이상--\n"]}