{"url":"https://www.rocketpunch.com//jobs/70320/%EC%B1%84%EB%84%90%ED%86%A1-B2B-%EB%A7%88%EC%BC%80%ED%8C%85-%EB%A7%A4%EB%8B%88%EC%A0%80-%ED%8C%80%EC%9E%A5%EA%B8%89","title":"[채널톡] B2B 마케팅 매니저 (팀장급)","origin":"조이코퍼레이션","start_date":"03/02 ","newbie":"경력","content":["\n        주요 업무\n                    조이(ZOYI)의 비전은 '미래의 클래식 제품을 만드는 것'입니다. 여기서 말하는 클래식 제품이란, 엑셀, 스카이프, 윈도우 처럼 한 세대를 상징할 수 있는 제품을 의미합니다.채널톡(https://channel.io)은 '고객이 답이다'라는 철학으로 18,000개가 넘는 고객사들의 고객 소통 경험을 변화시키고 있습니다.고객과 언제 어디서나 대화할 수…\n            더 보기\n            조이(ZOYI)의 비전은 '미래의 클래식 제품을 만드는 것'입니다. 여기서 말하는 클래식 제품이란, 엑셀, 스카이프, 윈도우 처럼 한 세대를 상징할 수 있는 제품을 의미합니다.채널톡(https://channel.io)은 '고객이 답이다'라는 철학으로 18,000개가 넘는 고객사들의 고객 소통 경험을 변화시키고 있습니다.고객과 언제 어디서나 대화할 수 있는 환경을 만들어, 모든 사업자가 비즈니스의 방향성을 고객으로부터 찾을 수 있도록 돕는 중입니다.2018년과 2019년 연속으로 연매출 5배, 3배 성장을 달성했고, 2020년에도 3배 성장하는 것이 목표입니다. AK mall, 야나두, 츄, 클래스 101 등 앞서나가는 온라인 커머스와 스타트업들이 채널톡을 통해 고객과 소통하고 있습니다. 2019년까지 한국과 일본의 투자사들로부터 누적 93억원의 투자를 유치했습니다.채널톡은 업계에서 가장 강력한 기능과 좋은 디자인을 자랑하는 제품이며, 동시에 '고객중심' 철학과 문화를 전파하고 있습니다. 또한 양질의 콘텐츠를 만들어 고객의 성장을 응원하고 있습니다.채널톡 유튜브 : https://youtu.be/cmMe8knlVIk채널톡 블로그 : https://channel.io/ko/blog하고 싶은 일이 참 많습니다! 많이 기대되는 앞으로의 여정 가운데, ZOYI를 더욱 멋진 회사로 성장시킬 채널톡의 마케팅 매니저를 찾고 있습니다. ?지원은 아래 링크를 통해 홈페이지에서 직접 해주시기 바랍니다! \u003e\u003e\u003e http://bit.do/fp3vu[어떤 기회가 있나요?]- 작년에 이어 올해도 연 매출 3배 성장이 목표인 B2B SaaS 제품 '채널톡' 마케팅팀의 시니어 역할을 맡아 다양한 프로젝트를 리드할 수 있습니다.- 3년 동안 18,000개 고객사를 확보한 팀과 함께 빠른 그로스 경험을 할 수 있습니다.- 브랜드 마케팅과 퍼포먼스 마케팅의 시너지를 주도하며 전략을 만들고 실행할 수 있습니다.- 온라인 광고 캠페인 등 숫자 기반의 마케팅과 PR, 브랜딩 콘텐츠, 오프라인 이벤트 등 채널톡의 인지도를 높이고 고객 저변을 확대하는 브랜딩까지 고려한 통합 마케팅 경험을 추진할 수 있습니다.- 탄탄한 실력을 갖춘 제품팀, 온라인 기반의 효과적인 세일즈 프로세스를 가진 세일즈팀 등 다른 부서의 리더십과 긴밀하게 협업하며 장단기 비전을 세우고 실행합니다.[어떤 일을 담당하나요?]- 채널톡 통합 마케팅 전략 수립 및 실행- 콘텐츠 제작(블로그, 유튜브) 및 이벤트 등 브랜드마케팅 전략 수립 및 실행- 퍼포먼스광고 전략 수립 및 실행- PR 전략 수립 및 실행[어떤 조건이 필요한가요?]- 마케팅 조직 매니지먼트 경험이 있으신 분- 브랜드 혹은 퍼포먼스 마케팅 경력 5년 이상이신 분- 데이터 기반의 마케팅 전략을 수립해보신 분- 대내외 협업 및 커뮤니케이션에 탁월함이 있는 분- PR 경력자 우대- 퍼포먼스광고 경력자 우대- B2B SaaS 제품에 대한 경험/이해가 높으신 분 우대[이렇게 대우합니다]- 쾌적한 환경에서 일합니다.- 사방에 넓은 창이 있어 채광이 잘 되며 파티션 구분 없이 모두 오픈되어 있습니다.- 최고의 인재를 위한 최고 수준의 업무용 장비(맥북프로 혹은 동급 사양)를 지원합니다.- 휴가는 눈치보지 않고 쓸 수 있습니다.- 생산적으로 일하기 위해 팀 별 탄력근무제, 카페 근무 및 부분적 원격 근무를 지원합니다.- 일에만 집중할 수 있도록 풍부한 간식과 음료를 제공합니다.- 큰 성과에는 보답을 합니다. 정기적으로 보상을 검토합니다.- 조이는 빠르게 성장하는 스타트업입니다. 업계 상위권의 경쟁력 있는 급여와 의미있는 스톡옵션 기회가 주어집니다.[어떤 방식으로 채용하나요?]- 일반적으로 서류전형 - 1차 면접 - 2차 면접 - 최종 합격 순서로 진행됩니다.- 경우에 따라 1~2회의 추가 인터뷰를 요청할 수 있습니다.- 제출하신 서류를 통해 채널톡 마케팅 매니저 업무수행에 적합한 역량을 가지신 분인지 확인합니다.- 서류에서는 채널톡의 마케팅 업무 수행이 가능하다는 것을 알 수 있도록 최대한 기존 경험과 연결해서 설명해주시면 감사하겠습니다.- 1차 면접에서는 가장 중요한 역량인 PMF 발굴 및 기획 스킬을 리뷰합니다.- 1차 면접은 지원자의 환경과 요청에 따라 온라인으로도 진행 가능합니다.- 1차 면접은 QnA를 통해 서류 지원에서 설명해주신 경력과 채널톡 마케팅 매니저 업무에 대한 수행역량에 대해 논의합니다.- 2차 면접에서는 채널톡 팀의 문화에 적응할 수 있을지 논의합니다.- 1차 면접과 2차 면접에서는 모두 편하게 상호 궁금한 내용을 질문할 수 있습니다.\n\n      ","\n        업무 관련 기술 / 활동 분야\n        \n          온라인마케팅\n          디지털마케팅\n          브랜드마케팅\n          콘텐츠마케팅\n          페이스북\n        \n      ","\n        채용 상세\n                    조이(ZOYI)의 비전은 '미래의 클래식 제품을 만드는 것'입니다. 여기서 말하는 클래식 제품이란, 엑셀, 스카이프, 윈도우 처럼 한 세대를 상징할 수 있는 제품을 의미합니다.채널톡(https://channel.io)은 '고객이 답이다'라는 철학으로 18,000개가 넘는 고객사들의 고객 소통 경험을 변화시키고 있습니다.고객과 언제 어디서나 대화할 수…\n            더 보기\n            조이(ZOYI)의 비전은 '미래의 클래식 제품을 만드는 것'입니다. 여기서 말하는 클래식 제품이란, 엑셀, 스카이프, 윈도우 처럼 한 세대를 상징할 수 있는 제품을 의미합니다.채널톡(https://channel.io)은 '고객이 답이다'라는 철학으로 18,000개가 넘는 고객사들의 고객 소통 경험을 변화시키고 있습니다.고객과 언제 어디서나 대화할 수 있는 환경을 만들어, 모든 사업자가 비즈니스의 방향성을 고객으로부터 찾을 수 있도록 돕는 중입니다.2018년과 2019년 연속으로 연매출 5배, 3배 성장을 달성했고, 2020년에도 3배 성장하는 것이 목표입니다. AK mall, 야나두, 츄, 클래스 101 등 앞서나가는 온라인 커머스와 스타트업들이 채널톡을 통해 고객과 소통하고 있습니다. 2019년까지 한국과 일본의 투자사들로부터 누적 93억원의 투자를 유치했습니다.채널톡은 업계에서 가장 강력한 기능과 좋은 디자인을 자랑하는 제품이며, 동시에 '고객중심' 철학과 문화를 전파하고 있습니다. 또한 양질의 콘텐츠를 만들어 고객의 성장을 응원하고 있습니다.채널톡 유튜브 : https://youtu.be/cmMe8knlVIk채널톡 블로그 : https://channel.io/ko/blog하고 싶은 일이 참 많습니다! 많이 기대되는 앞으로의 여정 가운데, ZOYI를 더욱 멋진 회사로 성장시킬 채널톡의 마케팅 매니저를 찾고 있습니다. ?지원은 아래 링크를 통해 홈페이지에서 직접 해주시기 바랍니다! \u003e\u003e\u003e http://bit.do/fp3vu[어떤 기회가 있나요?]- 작년에 이어 올해도 연 매출 3배 성장이 목표인 B2B SaaS 제품 '채널톡' 마케팅팀의 시니어 역할을 맡아 다양한 프로젝트를 리드할 수 있습니다.- 3년 동안 18,000개 고객사를 확보한 팀과 함께 빠른 그로스 경험을 할 수 있습니다.- 브랜드 마케팅과 퍼포먼스 마케팅의 시너지를 주도하며 전략을 만들고 실행할 수 있습니다.- 온라인 광고 캠페인 등 숫자 기반의 마케팅과 PR, 브랜딩 콘텐츠, 오프라인 이벤트 등 채널톡의 인지도를 높이고 고객 저변을 확대하는 브랜딩까지 고려한 통합 마케팅 경험을 추진할 수 있습니다.- 탄탄한 실력을 갖춘 제품팀, 온라인 기반의 효과적인 세일즈 프로세스를 가진 세일즈팀 등 다른 부서의 리더십과 긴밀하게 협업하며 장단기 비전을 세우고 실행합니다.[어떤 일을 담당하나요?]- 채널톡 통합 마케팅 전략 수립 및 실행- 콘텐츠 제작(블로그, 유튜브) 및 이벤트 등 브랜드마케팅 전략 수립 및 실행- 퍼포먼스광고 전략 수립 및 실행- PR 전략 수립 및 실행[어떤 조건이 필요한가요?]- 마케팅 조직 매니지먼트 경험이 있으신 분- 브랜드 혹은 퍼포먼스 마케팅 경력 5년 이상이신 분- 데이터 기반의 마케팅 전략을 수립해보신 분- 대내외 협업 및 커뮤니케이션에 탁월함이 있는 분- PR 경력자 우대- 퍼포먼스광고 경력자 우대- B2B SaaS 제품에 대한 경험/이해가 높으신 분 우대[이렇게 대우합니다]- 쾌적한 환경에서 일합니다.- 사방에 넓은 창이 있어 채광이 잘 되며 파티션 구분 없이 모두 오픈되어 있습니다.- 최고의 인재를 위한 최고 수준의 업무용 장비(맥북프로 혹은 동급 사양)를 지원합니다.- 휴가는 눈치보지 않고 쓸 수 있습니다.- 생산적으로 일하기 위해 팀 별 탄력근무제, 카페 근무 및 부분적 원격 근무를 지원합니다.- 일에만 집중할 수 있도록 풍부한 간식과 음료를 제공합니다.- 큰 성과에는 보답을 합니다. 정기적으로 보상을 검토합니다.- 조이는 빠르게 성장하는 스타트업입니다. 업계 상위권의 경쟁력 있는 급여와 의미있는 스톡옵션 기회가 주어집니다.[어떤 방식으로 채용하나요?]- 일반적으로 서류전형 - 1차 면접 - 2차 면접 - 최종 합격 순서로 진행됩니다.- 경우에 따라 1~2회의 추가 인터뷰를 요청할 수 있습니다.- 제출하신 서류를 통해 채널톡 마케팅 매니저 업무수행에 적합한 역량을 가지신 분인지 확인합니다.- 서류에서는 채널톡의 마케팅 업무 수행이 가능하다는 것을 알 수 있도록 최대한 기존 경험과 연결해서 설명해주시면 감사하겠습니다.- 1차 면접에서는 가장 중요한 역량인 PMF 발굴 및 기획 스킬을 리뷰합니다.- 1차 면접은 지원자의 환경과 요청에 따라 온라인으로도 진행 가능합니다.- 1차 면접은 QnA를 통해 서류 지원에서 설명해주신 경력과 채널톡 마케팅 매니저 업무에 대한 수행역량에 대해 논의합니다.- 2차 면접에서는 채널톡 팀의 문화에 적응할 수 있을지 논의합니다.- 1차 면접과 2차 면접에서는 모두 편하게 상호 궁금한 내용을 질문할 수 있습니다.\n"]}