{"url":"https://www.rocketpunch.com//jobs/68131/%EB%B0%B1%EC%97%94%EB%93%9C-%EA%B0%9C%EB%B0%9C%EC%9E%90-JavaSpring","title":"백엔드 개발자 (Java/Spring)","origin":"프리윌린","start_date":"02/07 ","newbie":"경력","content":["\n        주요 업무\n                    ✅ 정기구독 방식의 수익 모델, 순이익을 내며 성장하는 에듀테크 스타트업✅ 금액 제한 없는 점심 식대 100% 지원, 젊고 수평적인 조직문화, 칼퇴근 추구프리윌린은 수학 교육을 위한 B2B 모바일 솔루션 '매쓰플랫'을 서비스하는 에듀테크 스타트업입니다. 20년 02월 기준 1,600개 이상의 유료 가입 업체를 보유하면서 국내 교육 시장에서 가장 빠른…\n            더 보기\n            ✅ 정기구독 방식의 수익 모델, 순이익을 내며 성장하는 에듀테크 스타트업✅ 금액 제한 없는 점심 식대 100% 지원, 젊고 수평적인 조직문화, 칼퇴근 추구프리윌린은 수학 교육을 위한 B2B 모바일 솔루션 '매쓰플랫'을 서비스하는 에듀테크 스타트업입니다. 20년 02월 기준 1,600개 이상의 유료 가입 업체를 보유하면서 국내 교육 시장에서 가장 빠른 속도로 성장하고 있습니다.프리윌린은 거액의 투자금을 운영 자금으로 사용하면서 수익 모델을 찾는 스타트업이 아닙니다. 정기구독 방식의 지속가능한 수익 모델을 이미 실현하고 있습니다. 손익분기점(BEP)은 창업 초기에 돌파했고 꾸준히 영업이익을 내며 규모를 키우고 있습니다.현재 40명의 젊은 구성원이 똘똘 뭉쳐 안정적 수익을 내는 '매쓰플랫' 서비스를 개선하고 있으며, 동시에 B2C 신사업인 '풀리' ( https://pulleymath.com/ ) 를 출시해 운영하고 있습니다.\n\n      ","\n        업무 관련 기술 / 활동 분야\n        \n          Java\n          Spring\n          SpringFramework\n          Node.js\n          REST API\n          socket\n          AWS Lambda\n          Android\n          Amazon AWS\n          Back-end\n        \n      ","\n        채용 상세\n                    • 채용 형태 : 정규직 (수습 2개월)• 연봉 : 최소 3,600 ~ 경력에 따라 협의[ 채용 절차 ]서류 전형 \u003e 1차 인터뷰 (실무진) \u003e 2차 인터뷰 (경영진) \u003e 최종 합격(연봉협상)- 채용 절차는 변경될 수 있습니다.[ 제출 서류 ]- 자유양식의 이력서 / 자기소개서- 기타 본인을 표현할 수 있는 자료 (포트폴리오, 깃헙 …\n            더 보기\n            • 채용 형태 : 정규직 (수습 2개월)• 연봉 : 최소 3,600 ~ 경력에 따라 협의[ 채용 절차 ]서류 전형 \u003e 1차 인터뷰 (실무진) \u003e 2차 인터뷰 (경영진) \u003e 최종 합격(연봉협상)- 채용 절차는 변경될 수 있습니다.[ 제출 서류 ]- 자유양식의 이력서 / 자기소개서- 기타 본인을 표현할 수 있는 자료 (포트폴리오, 깃헙 링크 등)[ 담당업무 ]- B2B 매쓰플랫 서비스 서버개발 전반 - B2C 수학문제은행 서비스 서버개발 전반[ 자격요건 ]- Java/Spring 프레임워크 이용한 개발 경험 2년 이상- Node.js 이용한 개발 경험 2년 이상- REST API 개발 경험- DB 쿼리 최적화 경험- Socket을 이용한 실시간 통신 규격 최적화가 가능하신 분- 리눅스 환경에서 서버 관리 경험- AWS Lambda 인스턴스 관리에 능숙하신 분[ 우대사항 ]- 실서비스에서의 ORM 환경 구축 경험- 스프링 프레임워크 경험- TDD, DDD를 실천 하시는 분- Release를 위한 테스트 과정 전반을 자체적으로 진행해 보신 경험이 있으신 분- 성능 벤치마킹 결과를 본 후 자체적인 피드백 및 반영이 가능하신 분[ 혜택 및 복지 ]• 챙길 수 있는 혜택은 모두 드려요- 중소기업 청년 소득세 감면- 연 1회 종합건강검진/시력검사 등의 의료 혜택 제공- 4대 보험 가입 (당연한 거지만 혹시 궁금하실까봐 적어요!)• 구성원의 워라벨을 응원해요- 주 5일제, 오전10시 ~오후 7시 (점심시간 오후 1시~ 오후 2시)- 불필요한 야근 지양, 칼퇴를 추구하는 회사 분위기• 충분히 일한 당신 맘껏 즐겨요- 입사 ~ 만 1년차 : 연차 11일 부여- 만 1년차 ~ : 연차 24일 부여- 반차/반반차 사용 가능- 대체 공휴일, 법정 공휴일 휴무- 마음 따뜻하게 만드는 추석, 설날 명절 선물• 최적화된 업무 환경에서 일할 수 있어요- 최신형 아이맥 / 맥북프로 or 고사양PC 적극 지원- 업무 관련 자기계발비 지원(컨퍼런스, 강의, 서적 등)- 필요 시 유류비, 교통비 지원• 배고플 틈이 없어요- 금액 제한 없는 식대 100% 지원- 100만원대 커피 머신으로 마시는 신선한 커피 제공- 출출할 틈이 없는 다양한 간식들평소 능동적으로 목표를 설정하고 도전하는 분이라면, 두 팔 벌려 적극 환영 ♥.♥프리윌린안에서 동반 성장의 가치를 실현하세요 :D[ 현직자가 말하는 프리윌린이 궁금하다면? ]https://seouljobs.net/recruit/mathflat/[ 직원 만족도 100%, 프리윌린이 궁금하다면? ]https://blog.naver.com/iclass_job/221320634996\n\n            \n              \n                  \n                \n            \n          \n            \n              \n                  \n                \n            \n          \n            \n              \n                  \n+2                \n            \n          \n            \n              \n                  \n                \n            \n          \n            \n              \n                  \n                \n            \n          "]}