{"url":"https://www.rocketpunch.com//jobs/69684/%EC%96%B4%EB%8B%88%EC%8A%A4%ED%8A%B8%ED%8E%80%EB%93%9C-UIUX-%EB%94%94%EC%9E%90%EC%9D%B4%EB%84%88-%EC%B1%84%EC%9A%A9-%EA%B2%BD%EB%A0%A5","title":"[어니스트펀드] UI/UX 디자이너 채용 (경력)","origin":"어니스트펀드","start_date":"02/12 ","newbie":"경력","content":["\n        주요 업무\n                    채용 포지션•  UI/UX 디자이너 1명 주요 역할 및 책임•  어니스트펀드 앱(Android, iOS) 및 웹(Desktop, Mobile) 디자인  •  앱 및 웹 개발 요청 사항에 디자인으로 유연하게 대응•  UI Components가 체계적으로 정리된 Honest Design System을 더 나은 방향으로 설계 및 운영\n            더 보기\n            채용 포지션•  UI/UX 디자이너 1명 주요 역할 및 책임•  어니스트펀드 앱(Android, iOS) 및 웹(Desktop, Mobile) 디자인  •  앱 및 웹 개발 요청 사항에 디자인으로 유연하게 대응•  UI Components가 체계적으로 정리된 Honest Design System을 더 나은 방향으로 설계 및 운영\n\n      ","\n        업무 관련 기술 / 활동 분야\n        \n          UI/UX디자인\n          UI디자인\n          UX디자인\n          웹디자인\n        \n      ","\n        채용 상세\n                    어니스트펀드 소개어니스트펀드는 24시간 어디서든 온라인으로 투자-대출을 경험할 수 있는 대체 금융플랫폼입니다. 금융에 존재하는 모든 불필요한 비용을 고객의 혜택으로 돌리고, 전통적인 금융기관의 문턱을 넘지 못하고 자금조달에 어려움을 겪는 개인 및 기업들에게 빅데이터에 기반한 새로운 분석/평가 모델을 통해 중금리 대출 서비스를 제공하고 있습니다.•  …\n            더 보기\n            어니스트펀드 소개어니스트펀드는 24시간 어디서든 온라인으로 투자-대출을 경험할 수 있는 대체 금융플랫폼입니다. 금융에 존재하는 모든 불필요한 비용을 고객의 혜택으로 돌리고, 전통적인 금융기관의 문턱을 넘지 못하고 자금조달에 어려움을 겪는 개인 및 기업들에게 빅데이터에 기반한 새로운 분석/평가 모델을 통해 중금리 대출 서비스를 제공하고 있습니다.•  참고o  홈페이지: http://www.honestfund.kr/채용 포지션•  UI/UX 디자이너 1명 주요 역할 및 책임•  어니스트펀드 앱(Android, iOS) 및 웹(Desktop, Mobile) 기획  •  앱 및 웹 개발 요청 사항에 디자인으로 유연하게 대응•  UI Components가 체계적으로 정리된 Honest Design System을 더 나은 방향으로 설계 및 운영 필요 역량•  UI/UX 디자인 경력 3년 이상 보유하신 분•  앱(Android, iOS) 및 웹(Desktop, Mobile) 실무 환경에 대한 이해를 갖추신 분•  Design System 제작 및 운영 경험을 보유하신 분•  직관적인 UI디자인을 통해 금융을 쉽게 혁신해보고 싶으신 분우대 사항•  기획자, 개발자 등 다른 직무 성향을 가진 팀원들과 탁월하고 원활한 커뮤니케이션이 가능하신 분•  그래픽 디자인, 타이포그래피 기본기가 탄탄하신 분•  인터페이스, 인터렉션에 대한 이해가 높고, 구조화된 UI를 시각적으로 설계하여 개발의 효율을 높이는 능력을 갖추신 분•  데이터 기반으로 구체적인 문제를 파악하고 이를 디자인으로 해결하는 능력을 갖추신 분 전형 절차•  서류 심사 \u003e 1차 면접 \u003e 2차 면접 (경영진) •  서류 제출 기간 : ASAP (서류 제출 순서에 따라 전형을 진행, 채용 확정 시 마감)지원 방법•  제출 서류 : 자유 양식의 이력서 및 포트폴리오 (자신의 디자인 강점이 잘 드러나도록)•  지원 방법 : 어니스트펀드 채용 이메일(people@honestfund.kr)로 제출•  채용 문의 : 어니스트펀드 People실 070-4820-1480 또는 people@honestfund.kr근무 환경•  근로관계 : 정규직•  근무지 : 서울시 영등포구 여의대로24 전국경제인연합회회관 21층 (여의도역 도보 5분)•  근무시간 : 10-19시•  급여 : 회사 내규에 따름•  문화 : 책임 속 자유-  위계, 관료주의적 질서보다는 역할 중심의 조직운영을 추구합니다.-  보다 중요한 본질에 집중, 몰입할 수 있는 업무환경을 마련해드리고자 노력하고 있습니다. (따라서 엄격한    근태관리 보다는 과업 중심의 성과관리에 집중합니다.)-  구성원 개개인의 직무적/정신적 성장(Growth)에 관심을 갖고 적극 지원합니다. 조직원의 가치있는 성장이    곧 회사/조직의 성장을 견인한다고 믿기 때문입니다.-  최고의 복지 중 하나는 최고의 동료입니다. 탁월하면서도 성숙한 태도를 지닌 동료들이 많은 회사입니다. •  복지제도 : 중식/석식/간식 제공, 업무 성장을 위한 교육 및 도서구입 지원, 종합건강검진 제공, 입사와 동시    에 휴가 15일 부여, 명절 및 생일 선물 지급 등\n"]}