{"url":"https://www.rocketpunch.com//jobs/67551/Performance-Marketing-Manager","title":"Performance Marketing Manager","origin":"데일리","start_date":"01/30 ","newbie":"경력","content":["\n        주요 업무\n                    • 네이버, 다음, 구글등의 키워드 광고 운영 및 최적화 • 페이스북, 인스타그램 등의 SNS 광고 운영 및 최적화 • DA 광고 운영 및 최적화 • 모바일 광고 소재 기획 • 신규 매체 서치 및 테스트 • 퍼포먼스 대행사 관리\n\n      ","\n        업무 관련 기술 / 활동 분야\n        \n          퍼포먼스마케팅\n        \n      ","\n        채용 상세\n                    You are so Special to us!데일리호텔은 단순한 호텔 예약 앱이 아닙니다. 우리는 사람들에게 특별한 하루를 선물합니다. 지금 이 순간에도 많은 사람들의 특별한 약속, 특별한 휴식, 특별한 여행, 특별한 추억이 데일리호텔과 함께 시작되고 있습니다.그래서 우리는 당신이 필요합니다. 당신은 특별하니까요.뭔가 특별한 일을 찾고 계셨다면, 데…\n            더 보기\n            You are so Special to us!데일리호텔은 단순한 호텔 예약 앱이 아닙니다. 우리는 사람들에게 특별한 하루를 선물합니다. 지금 이 순간에도 많은 사람들의 특별한 약속, 특별한 휴식, 특별한 여행, 특별한 추억이 데일리호텔과 함께 시작되고 있습니다.그래서 우리는 당신이 필요합니다. 당신은 특별하니까요.뭔가 특별한 일을 찾고 계셨다면, 데일리의 문을 두드려주세요!• 근무지 : 서울 본사• 구   분 : 정규직[자격 요건]• 2년 이상 관련 경험 경력자• 논리적이고, 숫자를 다루는 것에 익숙한 분• 최신 퍼포먼스 마케팅 트랜드를 이해하고, 새로운 Tool과 기법을 실험하는 것을 좋아하는 분• 여행을 좋아하고 주위에 여행지를 잘 소개하는 분[우대 사항]• Attribution Tool을 통한 채널별 유저 분석을 해보신 분(Tune, Adjust, Appsflyer 등)• GA, 파이어베이스 등의 툴을 사용해보신 분• IT / e-commerce 경력자• 연간 10억 이상 마케팅 예산 집행 경험이 있으신 분[혜택 및 복지]• 시차 출퇴근 (08:00~10:00 사이 출근 후 8시간 근무) 및 눈치 없는 퇴근 보장• 식사비 지원으로 점심, 저녁 든든하게 일하기• 영어 닉네임 사용으로 서로 존중하는 문화• 매월 찾아오는 DAILY 임직원이 하나가 되는 One Team Day 행사• 자유로운 복장으로 무한 창의력 발산• 읽고 싶은 도서와 교육비 무한 지원으로 똑똑하게 일하기• 예고 없이 찾아오는 호텔 숙박의 기회 제공[채용 절차]• 서류 전형 → Job Interview → Culture Interview →처우협의 → 입사※ 절차는 추가되거나 생략될 수 있습니다[지원 안내]• 지원 경로 : https://corp.dailyhotel.co.kr/apply• 지원 서류 : 이력서 (자유양식이나 경력 기술위주로 작성해주세요)\n"]}