{"url":"https://www.rocketpunch.com//jobs/67804/%EB%AF%B8%EB%A6%AC%EB%94%94-%EA%B8%89%EC%84%B1%EC%9E%A5-%EC%98%A8%EB%9D%BC%EC%9D%B8-%EC%84%9C%EB%B9%84%EC%8A%A4%EB%A5%BC-%ED%95%A8%EA%BB%98-%EB%A7%8C%EB%93%A4-%ED%94%84%EB%A1%A0%ED%8A%B8%EC%97%94%EB%93%9C-%EA%B0%9C%EB%B0%9C%EC%9E%90-%EB%AA%A8%EC%A7%91","title":"[미리디] 급성장 온라인 서비스를 함께 만들 프론트엔드 개발자 모집","origin":"미리디","start_date":"02/07 ","newbie":"소신입경력","content":["\n        주요 업무\n                    • 미리캔버스(https://www.miricanvas.com/) 프론트엔드 개발• Typescript, HTML, CSS, Node.JS, WebPack 등을 활용한 웹 프론트엔드 개발\n            더 보기\n            • 미리캔버스(https://www.miricanvas.com/) 프론트엔드 개발• Typescript, HTML, CSS, Node.JS, WebPack 등을 활용한 웹 프론트엔드 개발\n\n      ","\n        업무 관련 기술 / 활동 분야\n        \n          TypeScript\n          HTML\n          CSS\n          Node.js\n          webpack\n          React\n          AngularJS\n          spa\n          SSL\n          웹프로그래머\n          프론트엔드개발자\n          프론트엔드 개발\n          프론트엔드\n          웹 프론트엔드 개발(HTML5/CSS3/JavaScript/Vue.js)\n          HTML5\n          웹프론트엔드\n          웹프론트엔드 개발\n          Front-end\n        \n      ","\n        채용 상세\n                    ■ 기본 자격 요건• 프로그래밍 지식 및 경험• 웹, 앱 등 UI 프로그래밍 경험• OOP에 대한 이해• 클린 코드 작성 능력• JSON, RESTful API, HTTP, HTML, CSS, SSL 등 웹 프로그래밍에 대한 기본적인 이해■ 우대 사항• 관련학과 전공• 영어 회화 가능• 기본적인 디자인패턴 및 아키텍쳐 설계에 능숙하거나 그런 설계 구…\n            더 보기\n            ■ 기본 자격 요건• 프로그래밍 지식 및 경험• 웹, 앱 등 UI 프로그래밍 경험• OOP에 대한 이해• 클린 코드 작성 능력• JSON, RESTful API, HTTP, HTML, CSS, SSL 등 웹 프로그래밍에 대한 기본적인 이해■ 우대 사항• 관련학과 전공• 영어 회화 가능• 기본적인 디자인패턴 및 아키텍쳐 설계에 능숙하거나 그런 설계 구현에 충실• 개발 문서를 적극적으로 작성하고 정리• Typescript, CSS, WebPack, React. Angular.JS, SPA 등 웹 프론트엔드 관련 경험• HTML5 Canvas, 폰트, 이미지/텍스트 처리, 3D 등 그래픽 프로그래밍 경험• PDF, 파워포인트 등 문서 generation 기술 경험\"미리디 개발팀은 이렇게 일합니다 : https://www.miricanvas.com/design/v/1fu8x\"• Jetbrains 사의 제품군 기반(IntelliJ, Datagrip 등)으로 개발합니다.• Atlassian Jira, Confluence, Bitbucket, Bamboo 등 협업/자동화 도구를 활용합니다.• Jira에서 만든 이슈 티켓을 기반으로 Git flow 브랜칭 전략을 사용해서 개발하고, BitBucket에서 레포지터리를 관리, Bamboo에서 빌드 및 배포를 합니다.• 업무 효율성과 지식 관리를 위해 사내 위키를 적극 활용하고 있습니다.• 동료간 코드 리뷰를 수행하고, 중요한 코드의 경우 팀 리뷰를 진행합니다.• 외부 교육, 기술 세미나 등을 적극 활용하여 개발자의 성장을 돕습니다.\"(주)미리디는 셀프 디자인 편집 솔루션 '미리캔버스'를 개발한 IT기업입니다.\"2004년 런칭한 포토북\u0026사진인화 전문 브랜드 '스마일캣'은 좋은 품질과 서비스를기반으로 고객님께 꾸준히 사랑받고 있으며, 업계 최초로 디지털 포토북 상품을시작하여 포토북 시장의 혁신을 이끌고 있습니다.소상공인을 위한 No.1 Web to Print 서비스인 '비즈하우스'의 경우 연평균 200% 이상의 성장률을 기록하고 있으며, 인쇄출력POD업계의 선두주자로 자리매김하였습니다.또한 2018년 런칭한 템플릿 기반 무료 디자인 플랫폼 '미리캔버스'는 디자인 초보부터전문가까지 누구나 이미지 저작권 걱정 없이 쉽게 디자인을 PC, 스마트폰, 테블릿 PC에서 편집\u0026다운로드 가능한 서비스입니다.높은 성장세와 글로벌 진출, 그리고 더 큰 꿈을 꾸기 위해 더욱더 적극적으로 우수 인재를 영입하고 있습니다.미리디에서 디자인 편집 솔루션 혁신을 위한 도전에 동참하실 인재를 모집합니다.\"미리디는 복지를 통해 나눔의 경영을 실현하고 있습니다.\"[자율과 책임의 근무환경을 제공합니다.]• 자율적 출퇴근 제도• 원격 근무 제도• 자유로운 휴가 사용• 경조사 휴가지원[배움과 성장, 행복을 지원합니다.]• 업무 관련 비용 100% 지원• 업무 도서 비용 무제한 지원• 직원의 행복을 위한 행복개발비 지원• 경조사비 지원“열일하는 미리인 굶길 수 없다! 삼시세끼 지원”• 아침, 점심, 저녁 식사비 지원• 제휴 카페 포인트 지원\"미리인의 회사 적응과 단합을 지원합니다.\"• 신입사원 OJT, 적응프로그램 지원• 미리인 동호회 지원• 분기별 문화이벤트 회식 지원\n"]}