{"url":"https://www.rocketpunch.com//jobs/69726/%EB%B0%B1%EC%97%94%EB%93%9C-%EB%B0%8F-%EB%8D%B0%EC%9D%B4%ED%84%B0-%EC%97%94%EC%A7%80%EB%8B%88%EC%96%B4-%EC%B1%84%EC%9A%A9","title":"백엔드 및 데이터 엔지니어 채용","origin":"누벤트","start_date":"02/18 ","newbie":"소경력","content":["\n        주요 업무\n        누벤트는 오프라인 결제 및 결제데이터를 통하여 다양한 서비스를 개발 운영하고 있는 팀입니다. 현재 프랜차이즈 매장 및 기업을 대상으로 서비스 중인 매장 분석 서비스 \"앳트래커\"의 프론트엔드 개발자를 모십니다.수집/분석된 데이터를 React 기반 웹서비스로 표현하고, 고객이 편리하게 데이터를 획득 소비할 수 있도록 지속적으로 고민하고 개발하는 역할입니다.고객사가 지속적으로 확대되어 기능의 개선 및 업데이트, 신규 기능 개발을 개발팀 멤버들과 함께 진행하게 됩니다. 앞으로 지속적으로 성장하게 될 데이터 분석, AI, SaaS 서비스 개발에 관심이 있는 개발자 분들을 환영합니다.\n      ","\n        업무 관련 기술 / 활동 분야\n        \n          Python\n          MySQL\n          Back-end\n          Amazon AWS\n          Node.js\n          Flask\n          python flask\n          TensorFlow\n        \n      ","\n        채용 상세\n        담당업무- 데이터 수집 및 분석엔진 개발- 데이터 검증 및 개선 업무- REST API 개발자격요건- python3 이상 flask 프레임워크 유경험자- mysql 쿼리 \u0026 프로시저 개발- 2년 이상의 관련 기술 개별 경력우대사항- tensorflow 포함 AI, 머신러닝 플랫폼 경험자 우대- 데이터 \u0026 SaaS 서비스 개발 경험자 우대기타사항- 1년이상 근무자의 경우 성과에 따라 스톡옵션 부여- 포스코사거리 소재 공유오피스 패스트파이브 사무실"]}