{"url":"https://programmers.co.kr/job_positions/1218","title":"Windows 어플리케이션 개발자","origin":"Xinics","start_date":"","newbie":false,"content":["기술 스택\nWPF .NET C#","업무 소개\n자사 기존 제품 Windows 어플리케이션 개선 개발 및 유지보수 - EverLec : 고화질 플립드러닝 강의 영상을 손쉽게 제작할 수 있는 화면녹화 제작도구 - LectureDeck : 강의 녹화 자동화 솔루션 - ReadyStream : MP4/HTML5 기반의 콘텐츠를 효율적으로 제작할 수 있는 개인용/전문가용 콘텐츠 저작 도구\n미래형 학습 솔루션(Blended learning, Flipped learning, MOOC 등) 관련 신규 제품 Windows 어플리케이션 개발","자격 조건\nC#, .NET, WPF에 익숙하신 분\nWindows 어플리케이션 개발 및 릴리스에 대한 전반적인 이해도가 높으신 분\n버전관리 시스템(git, svn)을 사용한 경험이 있으신 분","우대 사항\n전산/컴퓨터 공학 관련 전공자\nMVC, MVP, MVVM 패턴 개발 경험이 있으신 분\nUnit Test를 통한 TDD 경험이 있으신 분\nJira 활용 및 Confluence 문서화에 익숙하신 분"]}