{"url":"https://www.rocketpunch.com//jobs/68154/%EB%9F%AD%EC%85%94%EB%A6%AC-%EC%98%A8%EB%9D%BC%EC%9D%B8-%EB%B6%80%ED%8B%B0%ED%81%AC-%EB%B0%9C%EB%9E%80-%EC%B1%84%EC%9A%A9-%EB%8B%B4%EB%8B%B9%EC%9E%90-%EB%A6%AC%ED%81%AC%EB%A3%A8%ED%84%B0","title":"럭셔리 온라인 부티크 발란, 채용 담당자 (리크루터)","origin":"발란","start_date":"01/14 ","newbie":"경력","content":["\n        주요 업무\n                    From Milano to Korea in 3 Days 아시아 최초의 명품 온라인 부티크, 발란 http://balaan.co.kr[서비스 소개] 발란은 유통구조 혁신과 IT 기술을 통해 명품 패션 시장의 문제를 해결하는,거대한 명품 시장에서 가장 빠르게 성장하는 플랫폼입니다.2019년 12월 시리즈 A라운드 100억 투자유치, 누적 투자액 120억…\n            더 보기\n            From Milano to Korea in 3 Days 아시아 최초의 명품 온라인 부티크, 발란 http://balaan.co.kr[서비스 소개] 발란은 유통구조 혁신과 IT 기술을 통해 명품 패션 시장의 문제를 해결하는,거대한 명품 시장에서 가장 빠르게 성장하는 플랫폼입니다.2019년 12월 시리즈 A라운드 100억 투자유치, 누적 투자액 120억을 받았습니다✔  다양한 상품: 매 시즌 4,000 여개 이상의 럭셔리 브랜드, 80만개 이상의 명품을 ✔  신상 입고: 백화점 신상 입고보다 3개월 이상 빠르게 ✔  가격: 유럽 온라인 직구보다 저렴한 가격으로  ✔  배송: 유럽에서 집앞까지 3일만에 받을 수 있고, ✔  서비스: 구매 후 검수 및 무료 교환 / 반품 / 수선 서비스까지 제공하는 Fashion과 IT의 결합에 미친 #발라니어 와 함께 한국을 넘어 거대한 아시아 패션 시장을 놀라게 하고 싶다면지금 바로 발란에 합류하세요. [발라니어만을 위한 혜택 및 복지]✔ 연봉 \u0026 스톡옵션 : 업계 최고 대우 ✔ 인센티브 \u0026 보너스 : 팀별, 개인 분기,반기 성과평가 후 반기별 지급✔ 탄력적 출퇴근 ✔ 장비 : 최신 랩탑, PC, 듀얼 모니터 지원 (맥북, 랩탑 삼성 27인치 Curved 듀얼 모니터)✔ 무제한 휴가 (입사 첫 해 부터 휴가 발생) ✔ 교육비 및 도서비 지원 ✔ 식사 : 무제한 스낵바, 다양한 음식, 커피, 맥주 제공✔ Funday : 매월 1회 그룹별 문화 생활 지원 (업무 시간에 놀기!) ✔ 연간 100만원 피복비 지원 ✔ 명품 국내 최저가 구매[발란이 일하는 방식]1. 고객에 집착하라2. 최고의 기준을 고집하라3. 현명하게 판단하고, 우선순위를 구분하라4. 구체적이고 탁월한 성과를 내라5. 즉시, 반드시, 될 때까지 해라6. 혁신하고 단순화하라7. 빠르고 명확하게 소통하라8. 기개를 가져라 - 반대하되 받아 들여라9. 장기적 관점을 견지하라10. 끊임없이 배우고 빠르게 성장하라11. A급 인재만을 채용하라12. 개인이나 팀이 아닌, 회사에 최선인 것을 위해 행동하라13. 이끌거나, 따르거나, 비켜서라[발란 서비스가 궁금하신가요? - SparkLabs Demoday10 (2017.12) IR 보기_직후 30억 투자 유치 (2018.3)]https://youtu.be/6s9Zg5OiKOg[매일경제 - 발란, 中 최대 쇼핑몰 알리바바와 제휴.. ‘발란 명품관’ 오픈]http://bit.ly/2IClCxM[기업스토리 - 창업 2년도 안돼 월매출 30억을 달성하기까지 (2019.5.28)]https://youtu.be/ZNwMflNu1QE[한국경제 - 해외명품 이커머스 '발란', 100억원 규모 시리즈A 투자 유치]https://www.hankyung.com/it/article/201912202218j\n\n      ","\n        업무 관련 기술 / 활동 분야\n        \n          인사(HR)\n          Recruting\n          채용\n          인사\n          인사관리\n          인재개발\n          채용\n          조직문화\n          인사기획\n          인사운영\n          인사채용\n          hr\n          헤드헌팅\n          기업문화\n          linkedin\n          영어\n          채용브랜딩\n        \n      ","\n        채용 상세\n                    유럽 현지 명품 오프라인 부티크와 세계 명품 쇼퍼를 연결하며 거침없이 성장 중인 럭서리 이커머스 플랫폼 서비스 발란을 더욱 강하고 크게 성장시킬 채용 및 조직문화 매니저를 찾습니다.채용 및 조직문화 매니저는 발란(BALAAN) 비즈니스의 불륨과 질적 성장을 극대화하는데 가장 중요한 발라니어 (Balaaneer)를 채용하고 발라니어의 On Boardi…\n            더 보기\n            유럽 현지 명품 오프라인 부티크와 세계 명품 쇼퍼를 연결하며 거침없이 성장 중인 럭서리 이커머스 플랫폼 서비스 발란을 더욱 강하고 크게 성장시킬 채용 및 조직문화 매니저를 찾습니다.채용 및 조직문화 매니저는 발란(BALAAN) 비즈니스의 불륨과 질적 성장을 극대화하는데 가장 중요한 발라니어 (Balaaneer)를 채용하고 발라니어의 On Boarding - Retention - Exit 을 관리합니다. 좋은 동료를 채용하고, 함께 만들어낼 자신이 있는 분이라면 지금 바로 지원하세요![주요업무]HR 채용 및 조직문화 매니저✔ 채용 프로세스 고도화✔ JD/소싱 전략 기획, 리딩✔ 잠재 인재풀 구축✔ 다이렉트 소싱 및 사전 미팅 진행✔ 채용채널 관리 및 신규채널 개발✔ 채용 브랜딩 전략 수립 및 실행[자격요건]✔ HR/ 리크루팅 관련 경력 3년 이상 (인하우스 채용/서치펌/헤드헌팅 모두 가능)✔ 창의적이고 다양한 아이디어를 통한 인재발굴 경험이 있는 분✔ 발란 조직 문화를 이해하고 함께 성장하고자 하는 욕구를 지닌 분✔ 실패를 두려워하지 않고 대담한 도전을 즐기는 분✔ 꼼꼼하고 책임감이 강하며 논리적인 사고를 지니신 분[우대사항]✔ 인하우스 채용담당자로써 회사를 대표하여 외부에 팀을 알려본 경험✔ IT/Startup에서 우수인재를 다이렉트 소싱으로 채용한 경험✔ 다이렉트 소싱이 가능하고, 장기적인 인재DB관리에 대한 경험 보유✔ 여러 분야에 걸쳐 훌륭한 네트워크를 보유하고 계신 분✔ 영어 회화 커뮤니케이션 (영어 면접 가능)✔ Linked In Recruiter 사용 경험\n\n            \n              \n                  \n                  \n                \n            \n          \n            \n              \n                  \n                \n            \n          \n            \n              \n                  \n+10                \n            \n          \n            \n              \n                  \n                \n            \n          \n            \n              \n                  \n                \n            \n          \n            \n              \n                  \n                \n            \n          \n            \n              \n                  \n                \n            \n          \n            \n              \n                  \n                \n            \n          \n            \n              \n                  \n                \n            \n          \n            \n              \n                  \n                \n            \n          \n            \n              \n                  \n                \n            \n          \n            \n              \n                  \n                \n            \n          \n            \n              \n                  \n                \n            \n          "]}