{"url":"https://www.rocketpunch.com//jobs/70157/%ED%95%98%EB%B9%84%ED%92%80-%ED%94%84%EB%A1%A0%ED%8A%B8%EC%97%94%EB%93%9C-%EA%B0%9C%EB%B0%9C%EC%9E%90","title":"[하비풀] 프론트엔드 개발자","origin":"하비풀","start_date":"03/02 ","newbie":"경력","content":["\n        주요 업무\n                    취미가 있는 일상을 만드는 플랫폼, 하비풀과 함께 취미로운 세상을 만들어나갈 개발자를 찾습니다! 취미 분야를 리딩하는 플랫폼으로 발전하고 있는 하비풀의 기술 역량을 더 높은 차원으로 성장시키고 싶은 분과 함께하고 싶습니다.1) 주요 업무- 하비풀 PC/Mobile Web 프론트엔드 개발 및 지속적인 업데이트 관리2) 자격 요건- 프론트엔드 개발 2년…\n            더 보기\n            취미가 있는 일상을 만드는 플랫폼, 하비풀과 함께 취미로운 세상을 만들어나갈 개발자를 찾습니다! 취미 분야를 리딩하는 플랫폼으로 발전하고 있는 하비풀의 기술 역량을 더 높은 차원으로 성장시키고 싶은 분과 함께하고 싶습니다.1) 주요 업무- 하비풀 PC/Mobile Web 프론트엔드 개발 및 지속적인 업데이트 관리2) 자격 요건- 프론트엔드 개발 2년이상 경험이 있으신 분- HTML5, CSS3, Javascript, Jquery에 능숙하신 분- React, Redux등을 활용한 SPA 개발 경험이 있으신 분- 반응형 웹 서비스 개발 경험이 있으신 분- 웹접근성/웹표준/크로스브라우징에 대한 이해가 높으신 분- 팀원을 존중하고 배려하는 마음이 있으신 분\n\n      ","\n        업무 관련 기술 / 활동 분야\n        \n          JavaScript\n          HTML5\n          CSS\n          jQuery\n          React\n          Front-end\n          CSS3\n        \n      ","\n        채용 상세\n                    취미가 있는 일상을 만드는 플랫폼, 하비풀과 함께 취미로운 세상을 만들어나갈 개발자를 찾습니다! 취미 분야를 리딩하는 플랫폼으로 발전하고 있는 하비풀의 기술 역량을 더 높은 차원으로 성장시키고 싶은 분과 함께하고 싶습니다.[하비풀은 어떤 회사일까요?]안녕하세요. 하비풀 양순모 대표입니다. 먼저 저희 채용 공고에 주신 관심에 깊은 감사의 말씀드립니다.…\n            더 보기\n            취미가 있는 일상을 만드는 플랫폼, 하비풀과 함께 취미로운 세상을 만들어나갈 개발자를 찾습니다! 취미 분야를 리딩하는 플랫폼으로 발전하고 있는 하비풀의 기술 역량을 더 높은 차원으로 성장시키고 싶은 분과 함께하고 싶습니다.[하비풀은 어떤 회사일까요?]안녕하세요. 하비풀 양순모 대표입니다. 먼저 저희 채용 공고에 주신 관심에 깊은 감사의 말씀드립니다.하비풀(https://hobbyful.co.kr)은 사람들이 취미를 발견하고, 소비하며, 지속하는 과정을 혁신하려는 스타트업입니다.그 첫걸음으로 부담없이 취미를 배울 수 있는 온라인 취미 클래스를 만들고 있습니다. 2017년 6월 서비스 런칭 후 연 300%씩 성장하면서 누적 판매량 10만건을 돌파하는 등 온라인 취미 대표 서비스로 자리잡고 있습니다.앞으로 콘텐츠, 온라인 클래스, 커머스가 결합된 플랫폼으로 성장하여, 취미와 관련된 모든 소비가 하비풀에서 이뤄지도록 만들 것입니다.현재 더 큰 도약을 위한 펀딩이 마무리 단계에 있으며, 저희와 함께 꿈을 실현하고 빠르게 성장해나갈 수 있는 분들을 찾고 있습니다.# 하비풀 히스토리17년 5월 텀블벅 크라우드펀딩 971% 달성17년 6월 서비스 런칭18년 7월 IBK 소셜벤처 성장지원 사업 최우수상18년 10월 SBA 엑셀러레이팅 사업 선정 및 투자 유치18년 10월 휠라코리아, 네이버 웹툰과 제휴19년 7월 디캠프 공동 우승[하비풀이 찾는 개발자는?]하비풀은 취미의 발견 → 학습 → 지속적인 소비로 이어지는 고객의 여정 속에서 다른 이커머스와는 완전히 차별화된 고객 경험을 제공할 수 있어야 합니다.개인 맞춤 추천, 콘텐츠와 커머스가 연결된 커뮤니티형 커머스로의 발전 등 하비풀의 기술 비전을 함께 실현해내주세요.1) 주요 업무- 하비풀 PC/Mobile Web 프론트엔드 개발 및 지속적인 업데이트 관리2) 자격 요건- 프론트엔드 개발 2년이상 경험이 있으신 분- HTML5, CSS3, Javascript, Jquery에 능숙하신 분- React, Redux등을 활용한 SPA 개발 경험이 있으신 분- 반응형 웹 서비스 개발 경험이 있으신 분- 웹접근성/웹표준/크로스브라우징에 대한 이해가 높으신 분- 팀원을 존중하고 배려하는 마음이 있으신 분3) 우대 사항- 모던 프론트엔드 개발프레임워크를 활용한 개발 경험이 있으신 분(React, Angular, Vue등)- 테스트 자동화 혹은 배포 자동화 경험이 있으신 분- SEO를 통한 유의미한 고객 지표 개선 경험이 있으신 분- 오픈소스 프로젝트에 기여한 경험이 있으신 분[하비풀과 함께 했을 때, 얻으실 수 있는 것]1) 기술 챌린지디지털 네이티브 버티컬 브랜드(DNVB)로서 취미라는 특성에 맞는 새로운 형태의 커머스와 기반 시스템을 구현해내야 합니다. 하비풀의 기술팀에 합류하면 다음과 같은 과제들에 도전, 기여하는 기회를 잡으실 수 있습니다.# 커뮤니티형 커머스같은 취향을 가진 사람끼리 정보를 나누고, 그렇게 생성된 콘텐츠와 커머스를 연결하고자 합니다. 취미 콘텐츠와 커머스의 결합은 취미를 발견하고, 소비하며, 지속하는 과정을 혁신하는 중심이 될 것입니다.# 개인 맞춤 추천 알고리즘자신의 취향이 무엇인지 정확히 아는 사람, 또는 무엇을 좋아하는지 잘 모르는 사람 모두에게 어울리는 콘텐츠와 상품을 추천해줄 수 있어야 합니다.# 뛰어난 학습 경험을 제공하는 LMS취미 학습의 경험은 영어나 코딩을 배우는 경험과는 달라야 합니다. 교육이 아니라 즐거움과 성취감을 느끼는 과정의 가이드로써 설계된 시스템이 필요합니다.# 수요-공급 기반 SCM 시스템 구축하비풀의 주요 상품인 취미 키트는 최소 10-20개에 달하는 제품들의 합으로 이루어져 있습니다. SKU(상품 숫자)가 점차 빠른 속도로 늘어나는만큼 수요에 따른 최적의 공급 체계 구축이 필수적입니다.2) 커리어 성장 기회쿠키런으로 유명한 데브시스터즈 CTO 출신으로, 뛰어난 기술 역량과 팀 리딩 경험을 갖춘 CTO와 함께 일하시게 됩니다. 아직은 작지만 빠르게 성장할 개발 조직의 일원으로 단순 개발 역량 뿐만 아니라 커리어 전반에 걸쳐 많은 배움과 성장의 기회를 얻으시리라 자신합니다.3) 사회적 기여(Social Impact)하비풀은 사람들의 삶에 직접적인 영향을 미치는 회사입니다. 취미와 함께하는 고객들의 삶과 정신이 건강해지고, 그러한 고객이 많아질수록 더 많은 어르신에게 일자리를 제공합니다. 우리가 하는 일이 누군가의 삶에 긍정적인 변화를 주는 일은 쉽게 만날 수 없는 축복받은 경험이라고 확신합니다.[근무 환경 및 조건]1) 급여 등 처우꾸준히 성장하고 있지만, 아직 부족한 점이 많고 풍족하지 못한 회사입니다. 솔직하게 당장 최고의 대우를 약속드릴 수는 없습니다. 그럼에도 역량에 맞는 최대한 합당한 대우와 함께 성장에 따른 처우 개선 및 결과를 함께 나눌 수 있는 기회를 약속드립니다.- 근무기간: 회사와 신규입사자가 서로를 파악하는 3개월의 fitting time을 갖은 뒤, 서로의 fit이 맞다고 판단되면 정직원으로 전환합니다.- 근무형태: 주 5일 출근/탄력근무제로서 매일 오전 9~11시 사이 원하는 시간에 출근하고 자율적으로 일하며 퇴근합니다.: 개인의 필요에 따라 출근후 사무실 이외의 곳에서 일할 수 있습니다.- 근무지: 서울시 강남구 테헤란로84길 16 10층 (2호선 삼성역 도보 5분거리)2) 장비당연하게도 업무에 필요한 장비는 충분하게 제공해드립니다. (맥북프로, 개인 모니터 및 장비, 테스트용 단말기 등)3) 복지 및 혜택하비풀 크루의 행복한 일상과 성장을 응원하며 하나씩 고민하고 보완해나가고 있는 복지 혜택 입니다. 저희는 하비풀스러운 문화를 만들어가며 지속적으로 오랫동안 이어질 수 있는 복지 혜택을 추구합니다.- 밥값 걱정 없도록 점심과 저녁 식비는 회사에서 별도 제공해드립니다.- 일하는 중간 에너지가 필요할 때, 잠시 쉬어 갈 때 필요한 간식과 원두커피 머신이 24시간 준비되어 있습니다.- 1년 기준 15일의 연차와 더운 여름, 추운 겨울에 사용할 수 있는 계절휴가 2일을 드립니다. 나의 휴식과 건강을 위해 하비풀 크루는 누구든 눈치보지 않고 자유롭게 사용하고 있습니다.- 하비풀 크루들도 취미로운 일상을 마음껏 누릴 수 있었으면 좋겠다는 생각에 개인의 취미를 즐길 수 있는 시간인 ‘취미데이’와 취미비용이 부담스러운 분들을 위해 일부 금액도 지원해드리는 문화 복지를 운영중입니다.- 하비풀 크루의 역량 성장을 위해 매월 4권의 도서와 교육 프로그램비를 지원해드립니다.- 내 생일, 가족 생일에는 저희는 진심으로 축하하는 시간을 보낼 수 있도록 조금 일찍 퇴근하고 있습니다. 가족과 보내는 행복한 시간이 바탕이 하비풀에도 좋은 에너지로 돌아온다고 생각합니다!--하비풀에 대해 더 자세히 알고 싶다면\u003e https://hful.me/하비풀소개[채용 절차 안내]1) 서류 전형아래의 서류를 꼭 제출해주세요.- 이력서 : 하비풀에 지원하는 이유, 자기소개가 포함된 자유 양식 (파일명: 하비풀_이름_이력서.pdf)- 포트폴리오 : 본인이 참여한 프로젝트 및 기여도를 명확히 기재 (파일명: 하비풀_이름_포트폴리오.pdf)- 제출처 : hr@hobbyful.co.kr2) 기술 인터뷰지원자님의 포트폴리오를 토대로 코드 리뷰 면접을 진행합니다. 함께 일하게 될 팀 멤버와 서로 같이 일할만한 사람인지 판단하게 됩니다.3) 대표/임원 인터뷰회사 경영진과 함께 하면서 하비풀이 어떤 비전을 가지고 있는지, 얼마나 멋진 회사가 되려고 하는지, 어떤 사람들과 함께하는지 들려드립니다. 그리고 지원자님은 어떤 사람인지, 솔직하고 편안하게 이야기하면서 서로의 가치관이 일치하는지 평가합니다.4) 처우 협의최종적으로 티타임 또는 이메일을 통해 저희가 드릴 수 있는 최선의 제안을 드릴 것입니다. 서로 조건을 조율해나가는 시간입니다.\n\n            \n              \n                  \n                \n            \n          \n            \n              \n                  \n                \n            \n          "]}