{"url":"https://www.rocketpunch.com//jobs/62259/3D-%EC%8B%9C%EB%AE%AC%EB%A0%88%EC%9D%B4%EC%85%98-%EC%98%B7-%EA%B0%95%EC%84%B1%EC%B2%B4-FEM-%EB%B0%8F-%EC%B6%A9%EB%8F%8C-%EC%B2%98%EB%A6%AC-%EC%97%94%EC%A7%80%EB%8B%88%EC%96%B4-%EB%AA%A8%EC%A7%91","title":"3D 시뮬레이션 (옷, 강성체, FEM) 및 충돌 처리 엔지니어 모집","origin":"지이모션","start_date":"02/18 ","newbie":"경력","content":["\n        주요 업무\n                    지이모션은 실리콘벨리에서 시작해서 현재 서울, 부산, 실리콘벨리, 홍콩에 개발팀과 영업팀을 운영하고 있는 글로벌 스타트업입니다. 한국, 일본, 대만등 글로벌한 투자와 매출을 가지고 있는 건실한 회사입니다. 지이모션은 3D, VR, cloud 등 최신 기술을 통해 스마트 제조 산업에서 이노베이션을 이루고 있습니다. 게임이나 영화 특수효과에서 사용되는 …\n            더 보기\n            지이모션은 실리콘벨리에서 시작해서 현재 서울, 부산, 실리콘벨리, 홍콩에 개발팀과 영업팀을 운영하고 있는 글로벌 스타트업입니다. 한국, 일본, 대만등 글로벌한 투자와 매출을 가지고 있는 건실한 회사입니다. 지이모션은 3D, VR, cloud 등 최신 기술을 통해 스마트 제조 산업에서 이노베이션을 이루고 있습니다. 게임이나 영화 특수효과에서 사용되는 아래와 같은 기술을 연구 개발하는 포지션입니다.\n\n      ","\n        업무 관련 기술 / 활동 분야\n        \n          3D\n          Open GL\n          Qt\n          CMake\n          OS X\n          Linux\n          rigid-bodies\n          C++\n          collision\n          simulation\n        \n      ","\n        채용 상세\n                    담당업무- 3D 옷 시뮬레이션(cloth simulation)- 3D 강성체 시뮬레이션 (rigidbody)- 3D 충돌체크 (collision detection)자격요건- cloth simulation - implicit integration - rigidbody simulation- broadphase, narrowphase collision d…\n            더 보기\n            담당업무- 3D 옷 시뮬레이션(cloth simulation)- 3D 강성체 시뮬레이션 (rigidbody)- 3D 충돌체크 (collision detection)자격요건- cloth simulation - implicit integration - rigidbody simulation- broadphase, narrowphase collision detection- C++우대사항- 3D mesh manipulation - OpenGL- Qt- CMake- Multi platform (OSX, Linux)\n"]}