{"url":"https://www.rocketpunch.com//jobs/66940/%EC%8A%A4%EB%A7%88%ED%8A%B8%EB%A7%81%ED%81%AC-%EC%9D%80%ED%95%98%EC%B2%A0%EB%8F%84-%ED%83%91%EC%8A%B9%EC%9D%B8%EC%9B%90-%EC%83%81%EC%8B%9C-%EB%AA%A8%EC%A7%91-%EA%B0%9C%EB%B0%9C%EC%9E%90","title":"스마트링크 은하철도 탑승인원 상시 모집 (개발자)","origin":"스마트링크 커뮤니케이션즈","start_date":"12/16 ","newbie":"신입경력","content":["\n        주요 업무\n        자세한 채용정보는 홈페이지에서 확인해주세요! 스마트링크 이번 채용에 대한 이야기를 최대한 자세하게 전달해드리고 있습니다. 지원하시는 분들은 필독 부탁드립니다! https://smartlink.io간단하게 말씀드리자면 스마트링크는 소프트웨어 개발사 입니다. 끝. 참 쉽죠? 그런데 세상은 넓고 소프트웨어 개발사는 넘치고 넘칩니다. 그런데 뭐가 그렇게 다른가? 라고 물으신면! MVP(Minimum Viable Product) 소프트웨어 개발 컨설팅 전문 업체라고 말씀드릴 수 있겠습니다. 이게 뭔말이냐 하면 덩치 큰 SI도 진행하지만 주로 스타트업 또는 초기 사업 아이디어가 빠르게 시장에 진입할 수 있도록 기획, 디자인, 개발, 테스팅, 데브옵스까지 풀 패키지로 작업하는걸 좋아하는 업체라고 보시면 되겠네요. 그래서 프로젝트 기간이 짧고 굵은게 많죠. 늘어지는 프로젝트 별로 안좋아 합니다. AtoZ로 빠르게, 효율적으로, 효과적으로! 일하는걸 선호하고 실제로 그렇게 일을 진행합니다. 그런데 아마 이런 의문이 드실거에요. 왜 작은일 맡는걸 좋아하지? 사실, 규모가 중요한게 아니라 AtoZ 라는게 중요합니다. 그 이유는? 면접때 질문 주시면 신나게 답해드리도록 하죠 :) 다 이유가 있습니다!\n      ","\n        업무 관련 기술 / 활동 분야\n        \n          Android\n          iOS\n          Node.js\n          Amazon AWS\n          React\n          React.js\n          react-native\n          Meteor\n          Meteor.js\n        \n      ","\n        채용 상세\n        담당업무 : 각 영역의 Front-end 혹은 Back-end 개발자를 모십니다.- Javascript/Nodejs/Meteor 기반의 웹/모바일 애플리케이션 개발자 - React + Meteor + MongoDB 기술 기반의 Web Application 개발 - React Native + Meteor + MongoDB 기술 기반의 Mobile Native Application 개발 자격요건- 개발에 미친 사람!!! - 자유로운 소통과 공유의 가치를 잘 이해하고, 자기주도적인 환경에서 최대의 능력을 발휘하며, 긍정에너지 발산이 가능한 분 논리적이고 체계적인 문제해결 능력 및 오픈 마인드 커뮤니케이션 능력- 전산 관련학과 학사 이상 또는 동일한 자격 (경력 무관)우대사항- React, React Native 등의 JavaScript SPA(Single Page Application) 프레임워크 경험 - Nodejs + MongoDB 기반 Micro Service Architecture 서비스 개발 경험 - 영어 커뮤니케이션 능력 (특히, 영문서 이해 능력: 해외 최신 기술을 주로 이용하다보니 한글 자료가 없는 경우가 많습니다.) - AWS 등 클라우드 서비스 운영 경험 - Git 포트폴리오: 직접 작성한 패키지, 오픈소스 기여 경험- Docker 컨테이너 기반 서비스 구축 및 운영 경험 - CI 시스템 구축 및 운영 경험 - Mocha, Jest 등의 테스팅 프레임워크 또는 TDD(Test Driven Development) 경험\n            \n              \n                  \n                \n            \n          \n            \n              \n                  \n                \n            \n          \n            \n              \n                  \n+1                \n            \n          \n            \n              \n                  \n                \n            \n          "]}