{"url":"https://www.rocketpunch.com//jobs/68547/Java-%EC%84%9C%EB%B2%84%EB%B0%B1%EC%97%94%EB%93%9C-%EA%B0%9C%EB%B0%9C","title":"Java 서버(백엔드) 개발","origin":"보맵 주식회사","start_date":"02/28 ","newbie":"경력","content":["\n        주요 업무\n                    - 보맵의 API 서버 개발 - 웹 기반 백오피스 시스템 개발\n\n      ","\n        업무 관련 기술 / 활동 분야\n        \n          Java\n          MySQL\n          PHP\n          Android\n          iOS\n          Back-end\n          Oracle\n          rdbms\n          백엔드 기술 Java, Spring, Node.js, MySQL\n        \n      ","\n        채용 상세\n                    담당업무- 보맵의 API 서버 개발 - 웹 기반 백오피스 시스템 개발자격요건- 경력 1년~3년- 나이/성별/학력/전공 무관 - Java Spring Boot 프레임워크를 이용한 개발경험 1년 이상 - MySQL, Oracle 등의 RDBMS 사용 경험 - Spring Data JPA(Hibernate)를 이용한 개발 경험- REST API 개발 경험…\n            더 보기\n            담당업무- 보맵의 API 서버 개발 - 웹 기반 백오피스 시스템 개발자격요건- 경력 1년~3년- 나이/성별/학력/전공 무관 - Java Spring Boot 프레임워크를 이용한 개발경험 1년 이상 - MySQL, Oracle 등의 RDBMS 사용 경험 - Spring Data JPA(Hibernate)를 이용한 개발 경험- REST API 개발 경험 우대사항- Git 버전관리 시스템 사용 경험- 코드리뷰를 통한 협업 경험 - Linux 사용 경험 - TDD를 이용한 개발 경험기타사항- 신기술에 대한 끊임없는 탐구와 적용에 관심 있는 분 - 협업을 통한 피드백과 성장을 중요하게 생각하는 분\n"]}