{"url":"https://www.rocketpunch.com//jobs/69442/%EC%BD%94%EC%8A%A4%ED%94%BC%EC%83%81%EC%9E%A5%EC%82%AC-%EC%98%A8%EB%9D%BC%EC%9D%B8-%EC%87%BC%ED%95%91%EB%AA%B0-Front-end-%EA%B0%9C%EB%B0%9C%EC%9E%90-%EC%B1%84%EC%9A%A9","title":"[코스피상장사] 온라인 쇼핑몰 Front end 개발자 채용","origin":"반석써치 IT","start_date":"02/12 ","newbie":"경력","content":["\n        주요 업무\n        - 홈쇼핑 웹서비스 개발- AWS 퍼블릭 클라우드 환경으로의 웹서비스 개발 이전 작업\n      ","\n        업무 관련 기술 / 활동 분야\n        \n          React\n          Front-end\n          JavaScript\n          CSS\n        \n      ","\n        채용 상세\n        1) 주요업무- 홈쇼핑 웹서비스 개발- AWS 퍼블릭 클라우드 환경으로의 웹서비스 개발 이전 작업2) 자격요건- 총 경력 6년 이상- HTML, CSS, Javascript(ES6)- React 또는 Vue 개발 경험- 퍼블리싱에 대한 이해도 보유3) 우대사항- AWS DevOps Engineer 자격증 소지자- AWS Developer 자격증 소지자- SSR, Git-flow 가능자- TDD, Refactoring 경험"]}