{"url":"https://www.rocketpunch.com//jobs/61678/%EB%8D%B0%EC%9D%BC%EB%A6%AC%ED%8E%80%EB%94%A9-%EA%B8%B0%EC%97%85PR-%EC%96%B8%EB%A1%A0%ED%99%8D%EB%B3%B4-%EA%B2%BD%EB%A0%A5","title":"[데일리펀딩] 기업PR, 언론홍보 (경력)","origin":"데일리펀딩","start_date":"03/03 ","newbie":"경력","content":["\n        주요 업무\n        - PR전략 수립 및 실행- 대내외 커뮤니케이션- 기사기획 및 보도자료 작성\n      ","\n        업무 관련 기술 / 활동 분야\n        \n          PR\n          언론홍보\n          홍보\n          기사작성\n          커뮤니케이션\n          대외커뮤니케이션\n          보도자료작성\n          기업홍보\n          홍보 활동 관리\n        \n      ","\n        채용 상세\n        담당업무1) PR전략 수립 및 실행2) 대내외 커뮤니케이션3) 기사기획 및 보도자료 작성4) 기자 네트워크 관리 및 이슈대응6) 디지털 홍보콘텐츠 기획 및 제작자격요건1) 학력/성별 무관2) 경력(관련 업무 2년 이상)우대사항1) 기업 홍보팀/언론사(기자)/홍보대행사 경력2) 원활한 커뮤니케이션 역량3) 기자 네트워크 보유4) 미디어·뉴미디어 이해력5) 사진 및 영상 촬영, 편집\n            \n              \n                  \n                \n            \n          \n            \n              \n                  \n                \n            \n          \n            \n              \n                  \n                \n            \n          "]}