{"url":"https://www.rocketpunch.com//jobs/63333/%EB%AA%A8%EC%85%98-%EA%B7%B8%EB%9E%98%ED%94%BD-%EB%8B%A8%EA%B8%B0-%EA%B3%84%EC%95%BD-%EA%B0%80%EB%8A%A5","title":"모션 그래픽 (단기 계약 가능)","origin":"빛글림","start_date":"12/23 ","newbie":"인턴신입경력","content":["\n        주요 업무\n                    그래픽 모션 또는 애니메이션 등 제작을 하시는 분들은 무조건 지원하세요!!예술을 그래픽의 세계로 이끌 수 있는 능력이면 가능합니다!함께 세계 시장에서 재밌는 문화예술 생태계를 만들어가고 싶습니다.빛글림에 참여하셔서 즐겁게 만들어 갑시다.한번 믿어 보시고 문의도 괜찮으니 편안하게 연락 주세요.말이 아닌 행동으로 보여드릴 자신있습니다.\n            더 보기\n            그래픽 모션 또는 애니메이션 등 제작을 하시는 분들은 무조건 지원하세요!!예술을 그래픽의 세계로 이끌 수 있는 능력이면 가능합니다!함께 세계 시장에서 재밌는 문화예술 생태계를 만들어가고 싶습니다.빛글림에 참여하셔서 즐겁게 만들어 갑시다.한번 믿어 보시고 문의도 괜찮으니 편안하게 연락 주세요.말이 아닌 행동으로 보여드릴 자신있습니다.\n\n      ","\n        업무 관련 기술 / 활동 분야\n        \n          그래픽디자이너\n          애니메이션\n          Adobe After Effect\n          adobe-premiere\n          Adobe Illustrator\n          Adobe Photoshop\n          영상편집\n        \n      ","\n        채용 상세\n                    담당업무- 예술 작품의 탄생- 예술 또는 삽화 등의 그림, 사진 그래픽화, 모션화- 자세한 사항은 문의 부탁드립니다!(새로 창조하는게 아니라 응용해서 만드는 것이라 어렵지 않습니다!)자격요건- 애니메이션 또는 그래픽 디자인 제작 경험- 경력, 이력 이런것이 아니라 딱 열정과 하실 수 있는 능력만을 봅니다!우대사항- 예술, 캐릭터, 애니메이션 좋아하시…\n            더 보기\n            담당업무- 예술 작품의 탄생- 예술 또는 삽화 등의 그림, 사진 그래픽화, 모션화- 자세한 사항은 문의 부탁드립니다!(새로 창조하는게 아니라 응용해서 만드는 것이라 어렵지 않습니다!)자격요건- 애니메이션 또는 그래픽 디자인 제작 경험- 경력, 이력 이런것이 아니라 딱 열정과 하실 수 있는 능력만을 봅니다!우대사항- 예술, 캐릭터, 애니메이션 좋아하시면 최고입니다!- 해외에 대해 관심 많으시면 연락주세요!저희 회사의 미래와 잠재성에 의문을 가지실 수 있습니다.하지만 저희 회사는 세계에는 없는 선구적인 아이템과 아이디어가 있습니다.비슷한 생각과 비슷한 아이템으로 사업하는 것이 아닌 저희가 새로운 시장, 새로운 트렌드를 이끌어 가는 것이 목적입니다!!스타트업은 일이 아닌 각자의 관심과 취미를 바탕으로 같은 방향의 꿈을 이루는 것이라 굳게 믿습니다.그렇기 때문에 저희 회사는 창의적이고 자유롭게 운영되며 개개인의 개성을 존중합니다!!자율적인 분위기의 근무 환경 확실하게 보장해드립니다~\n\n            \n              \n                  \n                  \n                \n            \n          "]}