{"url":"https://www.rocketpunch.com//jobs/69404/CTO","title":"CTO","origin":"ViewMagine","start_date":"02/12 ","newbie":"인턴신입경력","content":["\n        주요 업무\n                    안녕하세요, 우리 뷰메진의 핵심이 될 CTO/Cofounder 분을 모십니다.저는 이번 스타트업을 통하여 인공지능을 이용한 이미지 수정 보정 서비스를 개발하고자 합니다. 이미 2번의 스타트업 운영/창업 경험을 가지고 있으며 마지막 스타트업에서 대표취임이후 1.5년만에 약 20억 이상의 매출을 달성하였습니다. 기술이 준비가 된다면 투자든 매출이든 제가…\n            더 보기\n            안녕하세요, 우리 뷰메진의 핵심이 될 CTO/Cofounder 분을 모십니다.저는 이번 스타트업을 통하여 인공지능을 이용한 이미지 수정 보정 서비스를 개발하고자 합니다. 이미 2번의 스타트업 운영/창업 경험을 가지고 있으며 마지막 스타트업에서 대표취임이후 1.5년만에 약 20억 이상의 매출을 달성하였습니다. 기술이 준비가 된다면 투자든 매출이든 제가 책임지겠습니다.또한 최근 소수의 VC 분들과 개인투자자 분들을 대상으로 한 비공개 투심을 진행하여 긍정적인 피드백을 받았으며 팀 구성이후 빠르게 Seed-PreSeries A round 를 마칠수 있으리라 생각합니다.저희 회사가 지향하는 지향점과 프로젝트에 관심이 있으시면 언제든 연락 주세요. 혹시 지금 학부생이시거나 원생이셔서 본인의 실력이 모자란다고 생각되시더라도 하면 됩니다. To the moon 이 아니라 To the andromeda 를 같이 해봐요.공고상 책정된 급여는 Seed-PreSeries A round 혹은 최소 자금이 유입되면 상호동의 바로 집행할 예정입니다.\n\n      ","\n        업무 관련 기술 / 활동 분야\n        \n          풀스택개발\n          Back-end\n          GitHub\n          CTO\n          Machine Learning \n          CNN\n          RNN\n        \n      ","\n        채용 상세\n                    담당업무-기술리뷰 및 구현화 PM-기술인력 관리 및 채용-C-레벨 전사적 전략 설정자격요건-Image recognition related machine learning/AI knowledge-Tech Persistent and stubborn -유쾌함, 정직함, 비판적사고-책임감우대사항-English (Desired but not must)-관련학위…\n            더 보기\n            담당업무-기술리뷰 및 구현화 PM-기술인력 관리 및 채용-C-레벨 전사적 전략 설정자격요건-Image recognition related machine learning/AI knowledge-Tech Persistent and stubborn -유쾌함, 정직함, 비판적사고-책임감우대사항-English (Desired but not must)-관련학위 (Computer Science, Data Science etc)-Startup experience연락처-recruit@viewmagine.page\n"]}