{"url":"https://www.rocketpunch.com//jobs/70006/%EC%A0%95%EA%B7%9C%EC%A7%81-%EA%B2%BD%EC%98%81%EC%A7%80%EC%9B%90-%EB%B6%80%EB%AC%B8-%ED%9A%8C%EA%B3%84%EC%9D%B8%EC%82%AC%EC%B4%9D%EB%AC%B4-%EB%8B%B4%EB%8B%B9%EC%9E%90%EB%B6%84%EC%9D%84-%EB%AA%A8%EC%8B%AD%EB%8B%88%EB%8B%A4","title":"[정규직] 경영지원 부문 회계/인사/총무 담당자분을 모십니다.","origin":"스퍼셀(SpurSell)","start_date":"03/03 ","newbie":"경력","content":["\n        주요 업무\n                    회계- 자체기장(더존)- 부가세/법인세 신고- 회계 감사 및 결산업무 지원 인사- 4대보험, 급여, 원천세, 연말정산 신고- 연차 관리- 채용 및 평가 관리총무- 입,퇴사자 관리- 법인카드 관리\n\n      ","\n        업무 관련 기술 / 활동 분야\n        \n          회계\n          경영지원\n          총무\n          인사\n          경리\n          기장\n          결산\n          세무\n          더존smartA\n        \n      ","\n        채용 상세\n                    담당업무- 회계업무(기장부터 결산까지)를 모두 담당하실 수 있는 분(더존 사용 및 회계법인과 협업)- 인사 및 총무 업무를 지원해 주실 수 있는 분자격요건- 경력: 유관 경력 3년 이상- 직급/직책: 과장/대리/매니저급- 학력: 초대졸 이상- 성별: 무관- 연령: 무관필수사항- 전산세무2급(국가공인)우대사항- 회계학- TOEIC 800(점) 이상근무…\n            더 보기\n            담당업무- 회계업무(기장부터 결산까지)를 모두 담당하실 수 있는 분(더존 사용 및 회계법인과 협업)- 인사 및 총무 업무를 지원해 주실 수 있는 분자격요건- 경력: 유관 경력 3년 이상- 직급/직책: 과장/대리/매니저급- 학력: 초대졸 이상- 성별: 무관- 연령: 무관필수사항- 전산세무2급(국가공인)우대사항- 회계학- TOEIC 800(점) 이상근무형태: 정규직(수습기간: 3개월)근무요일/시간: 주5일(월~금) 오전10시 ~ 오후 7시\n"]}