{"url":"https://www.rocketpunch.com//jobs/69535/%ED%81%AC%EB%A1%9C%EC%8A%A4%EB%B3%B4%EB%8D%94-%EC%9D%B4%EC%BB%A4%EB%A8%B8%EC%8A%A4-MD","title":"크로스보더 이커머스 MD","origin":"한품","start_date":"02/13 ","newbie":"신입경력","content":["\n        주요 업무\n                    한품 MD는 특별한 고객경험을 줄 수 있는 상품들을 제공하기 위해 끊임없이 상품 컨텐츠와 정보를 개선하고 관리하며, 고객 중심적인 사고와인사이트를 통해 비즈니스의 볼륨과 내부 효율 극대화에 기여합니다.\n\n      ","\n        업무 관련 기술 / 활동 분야\n        \n          상품관리\n          상품MD\n          서비스 운영\n          크로스보더 이커머스\n        \n      ","\n        채용 상세\n                    이런 분과 함께 하고 싶습니다   ✔ 한품 서비스의 가치에 대해 공감하는 분  ✔ 평소 이커머스에 대한 관심이 많은 분  ✔ 고객 관점에서 고객의 문제를 끝까지 해결하고, 특별한 경험을 제공해줄 수 있는 분한품 MD는 이런 일을 합니다   ✔ 프로모션 기획 및 운영     - 기획전 및 이벤트 기획 및 운영     - 광고 컨텐츠 제작  ✔ 사이트 …\n            더 보기\n            이런 분과 함께 하고 싶습니다   ✔ 한품 서비스의 가치에 대해 공감하는 분  ✔ 평소 이커머스에 대한 관심이 많은 분  ✔ 고객 관점에서 고객의 문제를 끝까지 해결하고, 특별한 경험을 제공해줄 수 있는 분한품 MD는 이런 일을 합니다   ✔ 프로모션 기획 및 운영     - 기획전 및 이벤트 기획 및 운영     - 광고 컨텐츠 제작  ✔ 사이트 관리     - 메인 페이지 및 상품페이지 관리     - 신규 상품 등록       ✔ 공급 파트너 관리     - 신규 공급 파트너 발굴     - 공급 파트너 커뮤니케이션이런 부분은 우대해드려요 ✔ 커머스/쇼핑몰에서 MD로 경력이 있으신 분 ✔ 직접 컨텐츠를 기획, 제작하실 수 있는 분 ✔ 상품 및 컨텐츠의 이미지를 디자인하고 편집하실 수 있는 분 ✔ 영어로 의사소통이 가능하신 분\n"]}