{"url":"https://www.rocketpunch.com//jobs/70225/AI-powered-AR-Contents-%EC%84%9C%EB%B9%84%EC%8A%A4%EC%82%AC%EC%97%85%EA%B8%B0%ED%9A%8D","title":"AI powered AR Contents 서비스/사업기획","origin":"아이픽셀 주식회사","start_date":"01/20 ","newbie":"신입경력","content":["\n        주요 업무\n                    Global Mobile Marketing Platform 기업, 그리고 한국 리드 플랫폼 기업과 계약된 차세대 AI기반 AR 개발플랫폼 및 콘텐츠 사업/서비스를 기획한 분을 찾고 있습니다. 현재까지의 단순한 위치기반 AR콘텐츠가 아닌 아이픽셀이 자체적으로 보유한 On-Device AI 영상인식기술이 추가된 차세대 AR 콘텐츠를 개발하고 시장을 이끌…\n            더 보기\n            Global Mobile Marketing Platform 기업, 그리고 한국 리드 플랫폼 기업과 계약된 차세대 AI기반 AR 개발플랫폼 및 콘텐츠 사업/서비스를 기획한 분을 찾고 있습니다. 현재까지의 단순한 위치기반 AR콘텐츠가 아닌 아이픽셀이 자체적으로 보유한 On-Device AI 영상인식기술이 추가된 차세대 AR 콘텐츠를 개발하고 시장을 이끌어나갈 인재를 모집하고 있습니다. !!!\n\n      ","\n        업무 관련 기술 / 활동 분야\n        \n          사업PM\n          해외사업PM\n          모바일서비스기획\n          정보분석기획\n          PM\n        \n      ","\n        채용 상세\n                    담당업무- AI 영상인식 기반 AR콘텐츠 관련 사업/서비스 기획 및 PM- 제품 내 서비스 플로우 기획 / KPI 설정 및 관리- Social Media 활용 전략 수립 및 관리- 디지털 아이템화 서비스기획 (Online 2 Offline)자격요건- 모바일/모바일웹 어플리케이션, 웹 콘텐츠 서비스 등 기획 PM 경험- iOS / AOS 계정 및 버전…\n            더 보기\n            담당업무- AI 영상인식 기반 AR콘텐츠 관련 사업/서비스 기획 및 PM- 제품 내 서비스 플로우 기획 / KPI 설정 및 관리- Social Media 활용 전략 수립 및 관리- 디지털 아이템화 서비스기획 (Online 2 Offline)자격요건- 모바일/모바일웹 어플리케이션, 웹 콘텐츠 서비스 등 기획 PM 경험- iOS / AOS 계정 및 버전 관리 경험- 수치분석 능력- Fluent English  \u003e 아이픽셀은 한국 국적만으로 구성되어 있지 않으며, 인공지능 개발을 이끄시는 분은 영국분입니다. \u003e 또, Global Mobile Marketing Platform 파트너는 미국기업이며, MWC등 해외컨퍼런스에 자주 참여합니다.우대사항- 증강현실 개념에 대한 이해- Online 2 Offline 서비스에 대한 관심- 인공지능 기술에 대한 관심\n"]}