{"url":"https://www.rocketpunch.com//jobs/69192/%EC%84%9C%EB%B9%84%EC%8A%A4-%EB%94%94%EC%9E%90%EC%9D%B4%EB%84%88%EA%B2%BD%EB%A0%A5","title":"서비스 디자이너(경력)","origin":"라이트브라더스","start_date":"02/07 ","newbie":"경력","content":["\n        주요 업무\n        라이트브라더스는 자전거 덕후들이 모여 자전거 라이더를 위한 서비스를 만들고 자전거 애프터 마켓의 리딩 컴퍼니로 성장해 가고 있습니다.스포츠를 넘어 문화적 코드로 자전거를 즐기는 3050 자전거 라이더와  쉼없이 반복되는 일상 속 땀 흘리는 재미를 아는 스웻라이프(Sweat Life)족 을 목표 고객으로 하여 2018년 프리미엄 자전거를 위한 인증 중고거래 온/오프라인 서비스를 런칭하고, 2019년 Pre-Series A 투자를 유치하였습니다.라이트브라더스의 비즈니스 성장과 확장에 맞춰 서비스 경험을 디자인할 동료를 찾고 있습니다. [주요업무}- 라이트브라더스 서비스 UX/UI 디자인- UX 기반의 서비스 기획 및 경험 설계 참여\n      ","\n        업무 관련 기술 / 활동 분야\n        \n          UI/UX디자인\n          서비스디자인\n        \n      ","\n        채용 상세\n        담당업무- 라이트브라더스 서비스 UX/UI 디자인- UX 기반의 서비스 기획 및 경험 설계 참여자격요건- 사용자 중심적 사고를 통한 기획 및 디자인이 가능하신 분- UX에 관한 디자인 관점을 넘어 비즈니스 관점에서 바라보실 수 있는 분우대사항- 커머스 서비스 업무 경험이 있으신 분- 인터랙션의 이해도와 관심이 높은 분- 모바일 웹/앱 구축 / 운영 경험이 있으신 분- 모바일 서비스에 대한 높은 이해도와 각 OS별 UI 특성에 대한 이해도가 있으신 분- 협업 및 커뮤니케이션에 탁월한 역량을 가진 분- 온라인 거래/중개 플랫폼 스타트업 근무자 우대- 자전거와 자전거 이용자에 대한 이해가 높은 분\n            \n              \n                  \n                  \n                \n            \n          \n            \n              \n                  \n                  \n                \n            \n          \n            \n              \n                  \n                  \n                \n            \n          "]}