{"url":"https://www.rocketpunch.com//jobs/67484/%EC%98%AC%EB%A6%AC%EB%B8%8C-%ED%97%AC%EC%8A%A4%EC%BC%80%EC%96%B4%EC%99%80-%ED%95%A8%EA%BB%98-%EC%84%B1%EC%9E%A5%ED%95%A0-%EC%95%88%EB%93%9C%EB%A1%9C%EC%9D%B4%EB%93%9C-%EA%B0%9C%EB%B0%9C%EC%9E%90%EB%A5%BC-%EB%AA%A8%EC%8B%AD%EB%8B%88%EB%8B%A4","title":"올리브 헬스케어와 함께 성장할 안드로이드 개발자를 모십니다.","origin":"(주)올리브헬스케어","start_date":"01/01 ","newbie":"경력","content":["\n        주요 업무\n                    기획자, 백엔드 개발자와 협력하여 자사 서비스 안드로이드 앱 개발\n\n      ","\n        업무 관련 기술 / 활동 분야\n        \n          Android\n          Java\n        \n      ","\n        채용 상세\n                    담당업무- 기획자, 백엔드 개발자와 협력하여 자사 서비스 안드로이드 앱 개발자격요건- 경력 3년 이상- Kotiln 및 Java 언어 사용 경험- Gradle 사용 경험- 앱 암호화, 난독화 경험- 앱 실제 출시, 운영 경험- Bluetooth를 이용한 기기 연동 서비스 경험- Git 등 분산 버전관리 시스템 사용 경험우대사항- 컴퓨터/전산 관련학과…\n            더 보기\n            담당업무- 기획자, 백엔드 개발자와 협력하여 자사 서비스 안드로이드 앱 개발자격요건- 경력 3년 이상- Kotiln 및 Java 언어 사용 경험- Gradle 사용 경험- 앱 암호화, 난독화 경험- 앱 실제 출시, 운영 경험- Bluetooth를 이용한 기기 연동 서비스 경험- Git 등 분산 버전관리 시스템 사용 경험우대사항- 컴퓨터/전산 관련학과- 개발 패턴에 대한 상세한 이해- 개발 자동화 사용 경험- Restful API에 대한 이해- 안드로이드 애니메이션에 대한 이해- Jira, Confluence 등 협업 도구 사용 경험- 적극적이고 능동적인 문제 해결 능력\n\n            \n              \n                  \n                \n            \n          \n            \n              \n                  \n                \n            \n          \n            \n              \n                  \n+3                \n            \n          \n            \n              \n                  \n                \n            \n          \n            \n              \n                  \n                \n            \n          \n            \n              \n                  \n                \n            \n          "]}