{"url":"https://www.rocketpunch.com//jobs/69649/%ED%81%B4%EB%A0%88%EC%96%B4%EB%8A%94-React-Nodejs-%EA%B8%B0%EB%B0%98-%EC%9B%B9%EA%B0%9C%EB%B0%9C%EC%9E%90%EB%A5%BC-%EC%B0%BE%EA%B3%A0%EC%9E%88%EC%96%B4%EC%9A%94-%E2%97%8E%E2%97%8E-IoT-%ED%97%AC%EC%8A%A4%EC%BC%80%EC%96%B4%EB%B6%84%EC%95%BC","title":"클레어는 React || Node.js 기반 웹개발자를 찾고있어요 ◎_◎ (IoT, 헬스케어분야)","origin":"클레어","start_date":"02/21 ","newbie":"경력","content":["\n        주요 업무\n                    IOT device 와 통신하는 server 개발.매니저가 고객 device를 관리 및 모니터링 하는 operating(managing) tool 개발고객이 기기 상태를 확인하고 컨트롤 하는 user page 개발.기술스택(웹 개발)reactjsnodejsmongodbncloud, aws, google cloudjenkins현재 100명 규모 수준의…\n            더 보기\n            IOT device 와 통신하는 server 개발.매니저가 고객 device를 관리 및 모니터링 하는 operating(managing) tool 개발고객이 기기 상태를 확인하고 컨트롤 하는 user page 개발.기술스택(웹 개발)reactjsnodejsmongodbncloud, aws, google cloudjenkins현재 100명 규모 수준의 시스템을 개발하여 운영중이며, 1000명 이상의 3단계 개발을 계획하고 있습니다. 또한 고객을 위한 고객용 dash board. 내부 운영을 효율화 하기 위한 각종 자동화 툴들을 기획, 개발하고 있습니다.나아가 사업이 발전하게 되면 공기질 관련 데이터를 분석하여 실내 공기질 관련 장치들의 제어 성능을 향상시키는 데이터 분석 업무도 진행될 수 있습니다.B2C 기반의 IoT 시스템이다 보니 현장작업자, 하드웨어개발자, 임베디드개발자, UI/UX디자이너, 마케터 등 다양한 분야의 사람들과 협업해나갑니다. 서로 다른 분야의 사람들과 함께 어울리며 시너지를 만들어나갈 분을 찾습니다!\n\n      ","\n        업무 관련 기술 / 활동 분야\n        \n          JavaScript\n          Node.js\n          React\n          Back-end\n          MongoDB\n          Amazon AWS\n          GitHub\n          ExpressJS\n        \n      ","\n        채용 상세\n                    포지션- Javascript 풀스택 개발자 (Reactjs, nodejs, mongoDB, mongoose, NCloud)담당업무- Node.js 기반 백엔드 서버 개발- 관리페이지 프론트엔드 개발- MongoDB기반의 DB서버 구축 및 공기질 데이터 분석요구조건- 2년 이상 Reactjs, Nodejs 개발 경력, 또는 그에 상응하는 경험우대 사항…\n            더 보기\n            포지션- Javascript 풀스택 개발자 (Reactjs, nodejs, mongoDB, mongoose, NCloud)담당업무- Node.js 기반 백엔드 서버 개발- 관리페이지 프론트엔드 개발- MongoDB기반의 DB서버 구축 및 공기질 데이터 분석요구조건- 2년 이상 Reactjs, Nodejs 개발 경력, 또는 그에 상응하는 경험우대 사항- AWS, Google Cloud, Naver Cloud 사용 경험- 기타 프로그래밍 언어 사용 경험- 개인 또는 팀 프로젝트 스스로 진행해본 경험- 다양한 분야의 사람들과 함께 소통하며 어울려나가는 것을 즐기시는 분- 1000명 이상의 고객이 사용하는 서비스 제작 유경험자- 서버 보안, 통신 암호화 관련 경험- Tensorflow, Keras, PyTorch 등의 ML 사용경험기타사항안녕하세요, KAIST출신 창업팀 CLAIRE입니다.우리는 미세먼지, 새집증후군으로부터 자유롭게 숨쉴 수 있는 세상을 만들어가고 있습니다.이를 위해 아파트내 AI기반 공기질 관리서비스를 론칭하여 서비스하고 있습니다.https://www.youtube.com/watch?v=1xJ8QtSr52w\u0026feature=youtu.be\u0026t=2252팀원을 찾습니다!!우리는 어마무시하게 유명하신 노정석님과 함께 사업을 진행하고 있고, 설립 4개월만에 1억 시드투자 및 4억 지원금, pre-A 투자유치를 통해 빠르게 성장해나가고 있어요! 또, 실리콘밸리 출신의 AWAIR 공기질 센서 업체와 함께 협업하면서 어메리칸 스타일로 실내 환기 문제를 해결해나가고 있습니다 ♨강남 선릉역 D.camp 바로 옆건물에서 선릉, 정릉 뷰가 끝내주는 사무실에서 같이 즐겁게 성장하며 일해요!우리와 함께 어울리며 마음껏 숨쉴 수 있는 세상을 만들 자유로운 영혼의 Javascript 개발자 분을 모십니다!!\n\n            \n              \n                  \n                \n            \n          \n            \n              \n                  \n                \n            \n          \n            \n              \n                  \n+3                \n            \n          \n            \n              \n                  \n                \n            \n          \n            \n              \n                  \n                \n            \n          \n            \n              \n                  \n                \n            \n          "]}