{"url":"https://www.rocketpunch.com//jobs/68261/DX%ED%98%81%EC%8B%A0%EB%B6%80%EB%AC%B8-Tech-Lab-Senior-Web-Server-Developer-%EC%A0%95%EA%B7%9C%EC%A7%81-%EC%B1%84%EC%9A%A9","title":"DX혁신부문 Tech Lab Senior Web \u0026 Server Developer 정규직 채용","origin":"이투스교육(주)","start_date":"02/03 ","newbie":"신입경력","content":["\n        주요 업무\n                    • 이투스 교육 온라인 서비스 개발 및 운영• 이투스 교육 온라인 서비스 Back-office 개발 및 운영• 이투스 교육 온라인 서비스 API 개발 및 운영\n\n      ","\n        업무 관련 기술 / 활동 분야\n        \n          Java\n          spring-framework\n          Framework Boot\n          security\n          batch\n          Hadoop\n          spark\n          Kafka\n          Redmine\n          JIRA\n          Git\n          SVN\n          JavaScript\n          Front-end\n          jQuery\n        \n      ","\n        채용 상세\n                    담당업무• 이투스 교육 온라인 서비스 개발 및 운영• 이투스 교육 온라인 서비스 Back-office 개발 및 운영• 이투스 교육 온라인 서비스 API 개발 및 운영• 자격 요건 - 학력: 무관 - 경력: 4년 이상 8년 이하• 필수 사항 - 팀/파트 단위의 업무 계획 및 관리 능력을 지닌 분 - 팀/파트 단위의 성장과 발전을 이끌 수 있는 분[Se…\n            더 보기\n            담당업무• 이투스 교육 온라인 서비스 개발 및 운영• 이투스 교육 온라인 서비스 Back-office 개발 및 운영• 이투스 교육 온라인 서비스 API 개발 및 운영• 자격 요건 - 학력: 무관 - 경력: 4년 이상 8년 이하• 필수 사항 - 팀/파트 단위의 업무 계획 및 관리 능력을 지닌 분 - 팀/파트 단위의 성장과 발전을 이끌 수 있는 분[Server Development] - 객체지향 프로그래밍 설계 능력 - 데이타베이스 언어 성능 튜닝 능력 - Java, Spring Framework 3.x 이상 환경 Service/API 설계 능력 - Spring Framework Boot, Security, Batch 구현 능력 - Spring Framework 구조의 이해  • 우대사항 - 협업: Redmine, Jira 등 이슈 기반 팀 업무관리 경험 - 형상관리: Git, SVN 관리 경험  - 대규모 트래픽 처리 서버 개발 경험 - 오픈소스 활용 및 적용 경험 - 클라우드 기반 CI/CD 구성 및 적용 경험 - Hadoop, Spark, Kafka 등 빅데이타 미들웨어 사용경험-3개월 계약 후, 정규직 전환 평가를 진행할 예정입니다.\n"]}