{"url":"https://www.rocketpunch.com//jobs/59662/SW-%EC%97%94%EC%A7%80%EB%8B%88%EC%96%B4-%EB%B3%91%EC%97%AD%ED%8A%B9%EB%A1%80-%EC%B1%84%EC%9A%A9","title":"SW 엔지니어 병역특례 채용","origin":"딥바이오","start_date":"01/31 ","newbie":"신입경력","content":["\n        주요 업무\n                    SW 개발\n\n      ","\n        업무 관련 기술 / 활동 분야\n        \n          Java\n          Python\n          Git\n          GitHub\n          OpenSource\n        \n      ","\n        채용 상세\n                    자격요건 -  Java \u0026 Python 기본 지식 보유 -  자료구조, 알고리즘, 운영체제, 네트워크에 대한 기본지식 -  새로운 기술에 대한 빠른 적응력 및 학습능력 -  스스로 문제를 해결해 나갈 수 있는 능력 -  Git \u0026 Github 이용한 버전관리 경험 - 학력 : 석사 학위 이상 취득자 우대사항- 웹 서비스 개발 경험- O…\n            더 보기\n            자격요건 -  Java \u0026 Python 기본 지식 보유 -  자료구조, 알고리즘, 운영체제, 네트워크에 대한 기본지식 -  새로운 기술에 대한 빠른 적응력 및 학습능력 -  스스로 문제를 해결해 나갈 수 있는 능력 -  Git \u0026 Github 이용한 버전관리 경험 - 학력 : 석사 학위 이상 취득자 우대사항- 웹 서비스 개발 경험- Open Source 프로젝트에 기여 경험- 빌드 / 배포/ 테스트 자동화 경험기타사항- 이력서에 블로그 및 깃헙 주소가 있으면 기재\n"]}