{"url":"https://www.rocketpunch.com//jobs/63949/%EC%A3%BC%EC%8B%9D%ED%9A%8C%EC%82%AC-%EB%A7%88%EC%9D%B4%ED%81%AC%EB%A1%9C%ED%94%84%ED%8A%B8-%EC%9B%B9%EA%B0%9C%EB%B0%9C-%EA%B2%BD%EB%A0%A5%EC%82%AC%EC%9B%90-%EC%B1%84%EC%9A%A9%EC%A4%91","title":"주식회사 마이크로프트 웹개발 경력사원 채용중","origin":"마이크로프트","start_date":"03/02 ","newbie":"경력","content":["\n        주요 업무\n                    개발중인 플랫폼 : www.rocket.is로켓은 현재 20대들에게 대외활동 정보를 큐레이팅하고 있습니다.향후 20대뿐만 아니라 30,40대 직장인들도 사용가능한 앱으로 개발 예정입니다.채용 상세에 나와있는 개발환경과 지원자격을 확인하신 후에 연락 혹은 지원 부탁드립니다.*본 기업은 10년차 IT기업에서 나온 신규법인입니다.\n            더 보기\n            개발중인 플랫폼 : www.rocket.is로켓은 현재 20대들에게 대외활동 정보를 큐레이팅하고 있습니다.향후 20대뿐만 아니라 30,40대 직장인들도 사용가능한 앱으로 개발 예정입니다.채용 상세에 나와있는 개발환경과 지원자격을 확인하신 후에 연락 혹은 지원 부탁드립니다.*본 기업은 10년차 IT기업에서 나온 신규법인입니다.\n\n      ","\n        업무 관련 기술 / 활동 분야\n        \n          Java\n        \n      ","\n        채용 상세\n                    [개발환경]- 사용언어: Java, HTML, CSS, Javascript(ES2015+)- 주요 라이브러리: Spring Framework, JPA, Angular, Ionic[지원자격]- 관련 개발 경력이 3~5년차 되시는 분- Java에 익숙하고 기타 언어 하나 이상을 습득한 분- MVC framework 기반의 웹 서비스나 API  개발 경험…\n            더 보기\n            [개발환경]- 사용언어: Java, HTML, CSS, Javascript(ES2015+)- 주요 라이브러리: Spring Framework, JPA, Angular, Ionic[지원자격]- 관련 개발 경력이 3~5년차 되시는 분- Java에 익숙하고 기타 언어 하나 이상을 습득한 분- MVC framework 기반의 웹 서비스나 API  개발 경험이 있는 분- MySQL(Maria DB) 등 RDBMS 경험이 있는 분- AngularJS에 대한 경험과 이해가 있으신 분- Ionic에 대한 이해가 있으신 분\n"]}