{"url":"https://www.rocketpunch.com//jobs/69134/%EC%9C%A0%EB%AA%85-%EC%8A%A4%ED%8A%B8%EB%A6%AC%EB%B0%8D-%ED%94%8C%EB%9E%AB%ED%8F%BC-%EC%8A%A4%ED%83%80%ED%8A%B8%EC%97%85-%EA%B4%91%EA%B3%A0-%ED%94%8C%EB%9E%AB%ED%8F%BC-%EA%B0%9C%EB%B0%9C-PM","title":"유명 스트리밍 플랫폼 스타트업 광고 플랫폼 개발 PM","origin":"뤼드코리아","start_date":"02/06 ","newbie":"경력","content":["\n        주요 업무\n        • 광고 플랫폼 설계/개발/운영• 광고 플랫폼 개발팀 리드\n      ","\n        업무 관련 기술 / 활동 분야\n        \n          모바일앱개발플랫폼\n          PM\n          풀스택개발\n          full-stack development\n          Technical leadership\n          Ad-Tech\n          RESTful-api\n          프로덕트매니저\n        \n      ","\n        채용 상세\n        자격요건• 온라인 및 모바일 광고 플랫폼 개발/운영 경험(AD Tech)(관련경력 최소 5년이상)이 있으신 분• 백엔드 (Java.Python등 언어 무관) 개발 실무 8년 이상 또는 그에 준하는 역량을 보유하신 분• 플랫폼 분석/설계 경험이 있으신 분• 팀 리딩 OR 프로젝트 PM 경험이 있으신 분• 비즈니스 요구사항을 분석하여 설계 및 개발, 운영을 해보신 분• RESTful API에 대한 경험 및 이해도가 있으신 분• 플랫폼 분석/설계/개발우대사항• 대용량 트래픽 서비스를 개발 및 운영을 해보신 분• 다양한 매체 광고 플랫폼 경험• 클라우드 환경 (AWS 등)에서 개발 경험이 있으신 분• 유연하고 원활한 커뮤니케이션 능력을 가지고 계신 분 (긍정적이고 적극적인 마인드)• 새로운 기술 및 코드 리뷰에 거부감이 없으신 분• 자기 주도적 업무 수행이 가능하신 분"]}