{"url":"https://www.rocketpunch.com//jobs/68988/%EC%9C%A0%EC%A0%80%ED%95%B4%EB%B9%97-%EC%84%9C%EB%B9%84%EC%8A%A4-%EC%9A%B4%EC%98%81-%EB%B0%8F-%EA%B3%A0%EA%B0%9D-%EB%8C%80%EC%9D%91-PM","title":"유저해빗 서비스 운영 및 고객 대응 PM","origin":"유저해빗","start_date":"02/04 ","newbie":"경력","content":["\n        주요 업무\n                    • 유저해빗 사용 지원 : 고객사에서 유저해빗을 잘 활용할 수 있도록 서비스 사용 교육과 기능 안내을 담당하며, 고객의 여러 문의 사항에 대해 정확하고 빠르게 응대합니다.• 블로그 운영 및 채널 커뮤니케이션 담당 : 데이터 분석에 관한 블로그 컨텐츠를 발행하고, 보도자료를 작성하며 대행사 및 매체사와의 커뮤니케이션을 담당합니다.• 제품 개발 기여 :…\n            더 보기\n            • 유저해빗 사용 지원 : 고객사에서 유저해빗을 잘 활용할 수 있도록 서비스 사용 교육과 기능 안내을 담당하며, 고객의 여러 문의 사항에 대해 정확하고 빠르게 응대합니다.• 블로그 운영 및 채널 커뮤니케이션 담당 : 데이터 분석에 관한 블로그 컨텐츠를 발행하고, 보도자료를 작성하며 대행사 및 매체사와의 커뮤니케이션을 담당합니다.• 제품 개발 기여 : 서비스 개선을 위한 고객사의 요청사항들을 내부 제품 개발팀에 전달하며, 유저해빗 화면수집 가이드를 숙지한 후 고객의 연동 작업을 지원합니다.\n\n      ","\n        업무 관련 기술 / 활동 분야\n        \n          서비스 운영\n          고객대응\n          고객관리\n          데이터분석\n        \n      ","\n        채용 상세\n                    자격요건• 앱 UX, 기획 또는 운영 업무를 1년 이상 경험 하신 분• 앱 데이터 분석에 대한 전반적인 이해도를 갖고 계신 분• 탁월한 커뮤니케이션 능력을 소유하신 분• 글 쓰기 역량을 보유하신 분• 담당 업무에 대한 책임감과 능동적인 태도를 갖추신 분우대사항• 기술에 대한 이해도 및 관심도가 높으신 분• 앱 운영 및 Analytics 사용 경험이 …\n            더 보기\n            자격요건• 앱 UX, 기획 또는 운영 업무를 1년 이상 경험 하신 분• 앱 데이터 분석에 대한 전반적인 이해도를 갖고 계신 분• 탁월한 커뮤니케이션 능력을 소유하신 분• 글 쓰기 역량을 보유하신 분• 담당 업무에 대한 책임감과 능동적인 태도를 갖추신 분우대사항• 기술에 대한 이해도 및 관심도가 높으신 분• 앱 운영 및 Analytics 사용 경험이 있으신 분• 스타트업에서 근무한 경험이 있으신 분• 컨설팅 경력이 있으신 분• 블로그 운영 경험이 있으신 분혜택 및 복지• 주 5일 근무 및 자율 출근 제도• 여유로운 점심시간 1시간 30분 (11:30~13:00)• 매달 마지막 주 금요일 조기 퇴근 (3시)• 다양한 휴가제도 (3년 근속시 2주 유급휴가, 본인 또는 배우자 생일에 2시간 조기 퇴근 등) 운용• 맥북, 모니터 등 업무에 필요한 장비 제공은 당연!\n"]}