{"url":"https://www.rocketpunch.com//jobs/69896/Marketing","title":"Marketing","origin":"플라잉","start_date":"02/20 ","newbie":"신입경력","content":["\n        주요 업무\n        환상적인 서비스, 최고의 팀 플레이를 추구하며 데이터에 집착하는 마이크로 모빌리티 테크회사입니다.[사업 내용]- 마이크로 모빌리티- 공유 경제- 사물인터넷(IoT)- 데이터 분석 및 예측[회사 문화]- 자율과 팀웍의 조화[인재상]- 강인한 멘탈과 긍정적인 마인드- 워라벨보다는 '일의 의미'와 '성장'을 추구\n      ","\n        업무 관련 기술 / 활동 분야\n        \n          그로스해킹\n          고객개발\n          디지털마케팅\n          콘텐츠마케팅\n          온라인마케팅\n          브랜드마케팅\n          카피라이팅\n          바이럴마케팅\n          인스타그램\n          블로그\n          동영상제작\n          커뮤니티매니저\n          instagram\n          YouTube\n        \n      ","\n        채용 상세\n        담당업무- 고객개발- 고객유입- 서비스 및 회사 홍보- 브랜딩 설계자격요건- 고객 개발의 대한 이해와 경험- 비즈니스 영어우대사항- 사용자 여정 개발 경험- 마케팅 기획, 브랜딩 설계 경험- 그로스해킹"]}