{"url":"https://www.rocketpunch.com//jobs/69357/Java-%EB%B0%B1%EC%97%94%EB%93%9C-%EA%B0%9C%EB%B0%9C%EC%9E%90%EB%A5%BC-%EC%B1%84%EC%9A%A9%ED%95%A9%EB%8B%88%EB%8B%A4","title":"Java 백엔드 개발자를 채용합니다","origin":"델리오","start_date":"02/11 ","newbie":"인턴신입경력","content":["\n        주요 업무\n                    저희 자체 웹서비스의 서버단 개발을 담당하게 되며 아래와 같은 경험이 있는 분을 찾고 있습니다. 저희는 Java \u0026 Spring framework 환경을 사용합니다.- HTML5, CSS, Javascript- ORM(JPA, hibernate) 환경 개발 경험- Mysql, Maria DB 환경 개발 경험- Push Server 개발 경험 …\n            더 보기\n            저희 자체 웹서비스의 서버단 개발을 담당하게 되며 아래와 같은 경험이 있는 분을 찾고 있습니다. 저희는 Java \u0026 Spring framework 환경을 사용합니다.- HTML5, CSS, Javascript- ORM(JPA, hibernate) 환경 개발 경험- Mysql, Maria DB 환경 개발 경험- Push Server 개발 경험 - API 개발 경험또한, 향후 블록체인 관련 서비스 개발을 경험해 보실 수 있습니다.\n\n      ","\n        업무 관련 기술 / 활동 분야\n        \n          Java\n          JavaScript\n          Back-end\n        \n      ","\n        채용 상세\n                    델리오 크립토핀테크 기업입니다.빗썸에서 크립토렌딩 서비스 등을 제공하고 있으며, 세계적인 블록체인 유니콘 기업인 비트퓨리와 함께 클라우드마이닝 서비스도 제공합니다.델리오는 성장성 높은 수익모델, 지속적인 투자유치, 차별화된 크립토렌딩 시스템 개발, 세계 최고 수준의 기업들과 파트너십 체결 등을 통해 꾸준히 성장하고 있는 블록체인 스타트업 입니다.성장…\n            더 보기\n            델리오 크립토핀테크 기업입니다.빗썸에서 크립토렌딩 서비스 등을 제공하고 있으며, 세계적인 블록체인 유니콘 기업인 비트퓨리와 함께 클라우드마이닝 서비스도 제공합니다.델리오는 성장성 높은 수익모델, 지속적인 투자유치, 차별화된 크립토렌딩 시스템 개발, 세계 최고 수준의 기업들과 파트너십 체결 등을 통해 꾸준히 성장하고 있는 블록체인 스타트업 입니다.성장 중인 스타트업 취업에 관심 있는 분들의 많은 지원 바라겠습니다. [ 담당업무 ]- 델리오 웹/모바일웹 서비스 개발- 서버 단 개발 담당 (Java + Spring 환경)[ 자격요건 ]- 개발 경력 4년 이상- Java Programming 가능하신 분- 학사학위 이상 소지하신 분 - 성별/나이 제한 없음[ 우대사항 ]- 프로그래밍 전공자 우대- Vue.js 개발 경험\n\n            \n              \n                  \n                  \n                \n            \n          "]}