{"url":"https://www.rocketpunch.com//jobs/67909/Tapick%ED%95%9C%EA%B5%AD%EC%A7%80%EC%82%AC-2020%EB%85%84-%EC%83%81%EB%B0%98%EA%B8%B0-%EC%95%B1-UXUI-%EB%94%94%EC%9E%90%EC%9D%B8-%EB%B6%80%EB%AC%B8-%EC%8B%A0%EC%9E%85%EA%B2%BD%EB%A0%A5-%EC%B1%84%EC%9A%A9","title":"[Tapick_한국지사] 2020년 상반기 앱 UX/UI 디자인 부문 신입/경력 채용","origin":"주식회사 Tapick","start_date":"02/28 ","newbie":"신입경력","content":["\n        주요 업무\n                    Tapick은 \"Tap하고 Pick한다.\"는 모토를 기반으로 일본과 대한민국에 오피스를 가지고 있으며, 글로벌 서비스를 준비하고 진행 중에 있습니다.2020년 소셜 미디어 커머스 ienvu의 개발을 함께 하실 분을 모십니다.ㆍ서비스 앱 UX/UI 디자인(주요 업무 상세는 아래의 공고를 참고해주세요)\n\n      ","\n        업무 관련 기술 / 활동 분야\n        \n          UI/UX디자인\n          Sketch\n          UI디자인\n          zeplin\n          모바일디자인\n          Interaction디자인\n          UX디자인\n          GUI디자인\n          그래픽디자인\n        \n      ","\n        채용 상세\n                    ㆍ서비스ㆍUX 기획자 (경력 3년 전후 우대)　　　- 담당업무　　　\u003e 서비스 기획 / 운영 업무　　　\u003e 트랜디한 서비스 UI/UX 설계　　　\u003e 스토리보드, IA등 문서 작성　　　\u003e 서비스 정책 수립　　- 자격 요건　　　\u003e 디테일한 부분까지 신경 쓴 문서 작성 가능하신 분　　　\u003e 다양한 관심분야와 트렌드에 민감하신 분　…\n            더 보기\n            ㆍ서비스ㆍUX 기획자 (경력 3년 전후 우대)　　　- 담당업무　　　\u003e 서비스 기획 / 운영 업무　　　\u003e 트랜디한 서비스 UI/UX 설계　　　\u003e 스토리보드, IA등 문서 작성　　　\u003e 서비스 정책 수립　　- 자격 요건　　　\u003e 디테일한 부분까지 신경 쓴 문서 작성 가능하신 분　　　\u003e 다양한 관심분야와 트렌드에 민감하신 분　　　\u003e 새로운 툴 사용에 거부감이 없으신 분　　　\u003e 타 직무 담당자와 적극적인 소통 가능하신 분　　- 우대 사항　　　\u003e 컨텐츠 기획 및 컨텐츠 제작이 가능하신 분 (글,이미지, 영상 등)　　　\u003e 일본 혹은 한국의 일본 지사 등의 근무 경험 있으신 분　　　\u003e 일본 2,30대 여성 감성을 이해하시는 분　　　\u003e 일본어 혹은 영어 가능자　　　\u003e 해외 출장에 결격 사유가 없으신 분　ㆍ서비스ㆍUX 디자이너 (경력 3년 이상 우대)　　　- 담당업무　　　\u003e APP, (Mobile) Web 서비스 UI/UX 디자인　　　\u003e 관련 브랜딩 디자인　　　\u003e 서비스 기획 및 디자인 전략 수립　　- 자격 요건　　　\u003e 기획 및 개발에 대한 이해도가 높으신 분　　　\u003e 타 직무 담당자와 적극적인 소통 가능하신 분　　　\u003e 스케치 및 제플린 등 협업툴에 능숙하신 분　　　\u003e 포트폴리오 제출 필수　　- 우대 사항　　　\u003e PL 경험있으신 분　　　\u003e 커머스, 혹은 소셜 서비스 구축 경험 있으신 분　　　\u003e 일본 2,30대 여성 감성을 이해하시는 분　　　\u003e 일본어 혹은 영어 가능자　　　\u003e 해외 출장에 결격 사유가 없으신 분\n"]}