{"url":"https://www.rocketpunch.com//jobs/69548/%EC%8A%A4%EB%A7%88%ED%8A%B8%ED%83%9D%EB%B0%B0-%EC%8A%A4%EC%9C%97%ED%8A%B8%EB%9E%98%EC%BB%A4CIC-IOS-%EA%B0%9C%EB%B0%9C","title":"[스마트택배] 스윗트래커CIC IOS 개발","origin":"(주)써머스플랫폼","start_date":"02/07 ","newbie":"경력","content":["\n        주요 업무\n                    IOS 개발\n\n      ","\n        업무 관련 기술 / 활동 분야\n        \n          iOS\n          Back-end\n          Android\n          Mobile Applications\n        \n      ","\n        채용 상세\n                    담당업무-IOS 개발자격요건-학력 : 학력무관-경력 : 경력1년~3년미만-성별 : 무관우대사항- Back-end 개발 경험자 우대- 안드로이드 OS 개발 경험자 우대- IOS 개발 경험자 우대\n"]}