{"url":"https://www.rocketpunch.com//jobs/66794/%ED%8D%BC%ED%8F%AC%EB%A8%BC%EC%8A%A4-%EB%A7%88%EC%BC%80%ED%84%B0","title":"퍼포먼스 마케터","origin":"스프링온워드","start_date":"12/11 ","newbie":"경력","content":["\n        주요 업무\n        - SNS 광고 집행- 광고 관리자 분석 및 피드백- 대행사 커뮤니케이션 및 효율 관리- 콘텐츠 기획과 제작 관리\n      ","\n        업무 관련 기술 / 활동 분야\n        \n          온라인마케팅\n          Google Analytics\n          디지털마케팅\n          소셜마케팅\n          인스타그램\n          그로스해킹\n          페이스북\n          앱마케팅\n          모바일광고\n          YouTube\n          instagram\n          Mobile Marketing\n          Facebook\n          SNS\n        \n      ","\n        채용 상세\n        담당업무- SNS 광고 집행- 광고 관리자 분석 및 피드백- 대행사 커뮤니케이션 및 효율 관리- 콘텐츠 기획과 제작 관리자격요건- SNS 채널 광고 관리 유경험자- 끊임없이 더 나은 결과를 만들기 위해 광고 효율을 분석하고 파고들 수 있는 분- 통찰력을 지니고 채널의 흐름을 읽으며 의사결정을 해나갈 수 있으신 분- 콘텐츠 기획에 대한 센스가 뛰어나신 분우대사항- 페이스북, 인스타그램, 카카오스토리 채널 운영 경험이 있으신 분- SNS와 온라인 커뮤니티 최신 트렌드를 섭렵하신 분- 포토샵이나 일러스트 등 이미지 편집이 가능하신 분- 커뮤니티 덕질을 하루4 시간 이상 하시는 분- 스타트업 및 모바일 서비스에 대한 관심과 이해가 높으신 분- 커피 및 카페 덕후\n            \n              \n                  \n                \n            \n          "]}