{"url":"https://www.rocketpunch.com//jobs/65435/%EB%9D%BC%EC%8A%A4%ED%8A%B8%EC%98%A4%EB%8D%94-%EB%B0%B1%EC%98%A4%ED%94%BC%EC%8A%A4-%EB%8B%B4%EB%8B%B9-%EA%B0%9C%EB%B0%9C%EC%9E%90","title":"[라스트오더] 백오피스 담당 개발자","origin":"미로","start_date":"03/02 ","newbie":"경력","content":["\n        주요 업무\n                    운영중인 백오피스 고도화 업무기타 팀 프로젝트의 백엔드 개발 담당\n\n      ","\n        업무 관련 기술 / 활동 분야\n        \n          backend\n          PHP\n          Lalavel\n        \n      ","\n        채용 상세\n                    담당업무1. 운영중인 백오피스 개선 및 고도화, 운영2. 기타 팀 프로젝트에서 백엔드 개발 참여자격요건1. 웹개발 관련 업무 3년이상2. Nods.js 기반 또는 Python/Django 중 하나 이상의 웹프레임워크를 능숙하게 사용3. E-Commerce 대한 이해와 관련개발 경험이 필요합니다.우대사항1. Node.js 또는 Python/Django…\n            더 보기\n            담당업무1. 운영중인 백오피스 개선 및 고도화, 운영2. 기타 팀 프로젝트에서 백엔드 개발 참여자격요건1. 웹개발 관련 업무 3년이상2. Nods.js 기반 또는 Python/Django 중 하나 이상의 웹프레임워크를 능숙하게 사용3. E-Commerce 대한 이해와 관련개발 경험이 필요합니다.우대사항1. Node.js 또는 Python/Django 중 하나 이상의 플랫폼 숙련자2. RDBMS, Redis, ElasticCache 운영환경 및 개발에 대한 기술적 이해3. AWS 클라우드 서비스를 이용한 환경에서의 개발 경험4. Git를 사용하고 이를 통한 개발 및 협업이 가능한 분\n"]}