{"url":"https://www.rocketpunch.com//jobs/69145/%EC%8B%A4%EB%A6%AC%EC%BD%98%EB%B0%B8%EB%A6%AC-%EC%8A%88%ED%8D%BC%EC%8A%A4%ED%83%80%ED%8A%B8%EC%97%85-%ED%95%9C%EA%B5%AD-%EC%98%A4%ED%94%BC%EC%8A%A4-iOS-SDK-Engineer","title":"실리콘밸리 슈퍼스타트업 한국 오피스 iOS SDK Engineer","origin":"뤼드코리아","start_date":"02/06 ","newbie":"경력","content":["\n        주요 업무\n        Design and implement key components of the iOS SDKBuild an efficient, lightweight, and high performance client side SDKWrite customer-centric documentation and guidesCollaborate with design team to design and build user friendly sample applications\n      ","\n        업무 관련 기술 / 활동 분야\n        \n          iOS\n          ios-sdk\n          Objective-C\n          Swift\n          iPhone\n        \n      ","\n        채용 상세\n        자격요건- Expert-level knowledge of iOS with at least a year of experience developing, shipping, and maintaining mobile applications- Knowledge of general software design patterns as well as iOS design patterns- Deep understanding of iOS framework internals- Up-to-date on the latest framework changes, build tools, and libraries- Proficient in Objective-C or Swift with strong object-oriented design skills- Able to work independently and drive results- Ability to find the root cause of problems with a minimal set of information and data points- Ability to find the optimal solution given the resource constraints, and understands the concepts of under-engineering and over-engineering우대사항- Experience building SDK- Experience building chat/messaging system- Wide range of experience from the front-end to the back-end- Experience in various languages and frameworks- Experience participating in product design and architecture- Experience in learning and adopting latest technologies on iOS platform- Awards from programming competitions (e.g., ACM ICPC, IOI, etc.)- English proficiency for business collaboration-"]}