{"url":"https://www.rocketpunch.com//jobs/62374/%EB%B8%94%EB%A1%9D%EC%B2%B4%EC%9D%B8%EB%B0%B1%EC%97%94%EB%93%9C-%EA%B0%9C%EB%B0%9C%EC%9E%90-%EC%B1%84%EC%9A%A9","title":"블록체인/백엔드 개발자 채용","origin":"디에이그라운드","start_date":"01/06 ","newbie":"신입경력","content":["\n        주요 업무\n                    디에이그라운드는 현재 카이스트 컴공과 출신 대표님이 직접 리드하여 MVP를 개발 중이며, 2019년 12월 런칭을 앞두고 있습니다. 저희와 함께하실 백엔드 개발자는 완성된 MVP 서비스가 문제없이 잘 돌아갈 수 있도록 대표님과 호흡을 맞춰 지속적으로 백엔드 로직을 개선하고, MVP에 대한 잠재고객들의 피드백을 반영하여 컴포넌트들을 수정하거나 업데이트…\n            더 보기\n            디에이그라운드는 현재 카이스트 컴공과 출신 대표님이 직접 리드하여 MVP를 개발 중이며, 2019년 12월 런칭을 앞두고 있습니다. 저희와 함께하실 백엔드 개발자는 완성된 MVP 서비스가 문제없이 잘 돌아갈 수 있도록 대표님과 호흡을 맞춰 지속적으로 백엔드 로직을 개선하고, MVP에 대한 잠재고객들의 피드백을 반영하여 컴포넌트들을 수정하거나 업데이트하는 일을 하게 됩니다. MVP 에 대한 고객의견이 수렴된 이후엔 개발 로드맵에 따라 2020년 1분기 중 완료를 목표로 오픈 베타 개발에 들어가게 됩니다. 아직 개발팀이 체계적으로 꾸려진 상태가 아니라 프론트, 백엔드, 데이터베이스 등을 폭넓게 다루게 되실 테지만 주로 백엔드 개발을 담당하실 예정입니다. 맡으실 개발영역의 폭이 넓기 때문에 일은 많지만, 그만큼 개발자 커리어에 중요한 프로덕트 런칭 경험을 추가하실 수 있으며, 4차 산업혁명의 화두인 블록체인과 핀테크를 결합한 서비스 개발을 직접 리드하실 수 있습니다. 필수사항은 아니지만 대학교 과정 중, 혹은 개발자 업무 중  웹서비스 프로덕트 런칭 경험이 최소 1회 이상 있는 분들을 우대해 드립니다.[담당업무]- DAG백엔드서비스로직유지보수및확장- 데이터베이스 관리- 외부 블록체인 지갑 운용[기술스택]- Javascript / Nodejs (필수)- 데이터베이스 (MySQL 등) (필수)- 클라우드 서비스 운용 (AWS) (필수X)- Vuejs 등 프론트 프레임워크 이해 (필수 X)\n\n      ","\n        업무 관련 기술 / 활동 분야\n        \n          Back-end\n          Node.js\n          MySQL\n          aws\n          JavaScript\n          Vue.js\n        \n      ","\n        채용 상세\n                    디에이그라운드와 암호금융의 문을 함께 여실 개발자를 모집합니다. 지금은 바야흐로 저금리, 저성장 시대 입니다. 점점 낮아지는 전통금융상품들의 수익률에 개인들의 자산은 적절한 투자처를 찾지 못하고 있습니다. 반면, 전통금융자산 문제에 대한 대체자산으로 각광받는 비트코인, 즉 암호화폐는 그것의 낮은 경제적 활용성으로 유휴자산 비율이 갈수록 늘어나고 있습…\n            더 보기\n            디에이그라운드와 암호금융의 문을 함께 여실 개발자를 모집합니다. 지금은 바야흐로 저금리, 저성장 시대 입니다. 점점 낮아지는 전통금융상품들의 수익률에 개인들의 자산은 적절한 투자처를 찾지 못하고 있습니다. 반면, 전통금융자산 문제에 대한 대체자산으로 각광받는 비트코인, 즉 암호화폐는 그것의 낮은 경제적 활용성으로 유휴자산 비율이 갈수록 늘어나고 있습니다. 디에이그라운드는 암호화폐의 경제적 활용도를 높임으로써 개인에게 안정적이면서도 높은 수익률의 투자기회를 제공할 수 있는 방법으로 암호화폐 담보대출 서비스를 고안했습니다. 저희 플랫폼을 이용하는 고객은 비트코인 등 암호자산을 담보로 현금성 자산을 대출받을 수 있으며, 반대로 자신의 암호자산을 타인에게 빌려주고 시중금리의 2~3배에 달하는 중금리 수익률을 얻을 수 있습니다.디에이그라운드는 2주 스프린트 과정으로 애자일 방법론을 지향하고 있습니다. 산출물을 회고하고, 공유하는 자리를 통해 구성원 모두의 성장을 도모하고 있습니다. 아직 개발팀의 문화와 조직 구성이 꾸려지지 않은 초기 스타트업이라 각자 구성원들은 본인이 맡은 직무와 함께 다른 직무간의 수준높은 팀워크와 성숙한 업무도를 필요로 합니다. 또한, 본인의 성장에 소홀하지 않고 도태되지 않으며 회사와 함께 성장할 수 있는 인재를 찾고 있습니다. 시작한지 얼마 되지 않은 신생 기업인 만큼 지속해서 여러 문화를 테스트해보고 도입하려고 노력 중입니다. 여러분이 직접 초기멤버로 참여하셔서 문화를 만들고 정착시킬 수 있습니다.디에이그라운드의 백엔드 개발자는 수많은 접속자들이 원활하게 금융 서비스를 이용할 수 있도록 암호자산의 입/출금, 이자 지급/수취, 자동 반대매매 실행등의 시스템이 효율적으로 돌아가게끔 개발하고 유지/보수하는 매우 중요한 역할입니다. 추후 고객의 투자성향과 대출사유 등 데이터베이스가 쌓이면 빅데이터 플랫폼을 이용하여 유저 맞춤형 데이터를 제공하기 위해 개인화 추천, 딥러닝, 머신러닝 환경을 만들어 갈 예정입니다.[담당업무]- DAG백엔드서비스로직유지보수및확장- 데이터베이스 관리- 외부 블록체인 지갑 운용[자격요건]- 백엔드 서버 관련 실무 개발경험 2년 이상 혹은 그에 준하는 능력을 갖고 있으신 분- 웹서비스를 직접 만들고 운영해보신 경험이 있으신 분아래는 우대사항입니다. 필수는 아니며, 저희는 아직, 당장 서비스를 개발하고 고도해야 할 숙명이 있는 스타트업이기 때문에 만약 아래와 같은 경험을 귀하께서 가지고 계시다면 저희 팀에 합류하자마자 즉시 제일 가치 있는 일을 하실 수 있을 것입니다.[우대사항]- 백엔드 개발 기본기가 탄탄하신 분- 꾸준한 자기 관리를 통해 지속적으로 좋은 Performance를 달성하시는 분- 데이터기반서비스구축에관심과열정이있으신분- 커뮤니케이션 능력이 뛰어나신 분- 해외서비스개발경험이있으신분- 새로운기술에대해호기심을갖고주저없이학습하실수있는분[혜택 및 복지]- 맥북프로 + 27인치 모니터- 업무 참고도서 및 개발서적 구입- 개발자 커뮤니티 활동 적극 지원- 커피/차 지원\n\n            \n              \n                  \n                \n            \n          \n            \n              \n                  \n                \n            \n          \n            \n              \n                  \n+4                \n            \n          \n            \n              \n                  \n                \n            \n          \n            \n              \n                  \n                \n            \n          \n            \n              \n                  \n                \n            \n          \n            \n              \n                  \n                \n            \n          "]}