{"url":"https://www.rocketpunch.com//jobs/61623/%EB%94%A5%EB%B0%94%EC%9D%B4%EC%98%A4-Software-Engineer-%EC%B1%84%EC%9A%A9","title":"[딥바이오] Software Engineer 채용","origin":"딥바이오","start_date":"01/31 ","newbie":"경력","content":["\n        주요 업무\n                    • 의사들이 의료 영상을 AI로 분석하고 진단할 수 있는 웹 어플리케이션 개발• 내부 인원(디자이너, 개발자, 데이터 엔지니어 등)과 협업• 데브옵스 업무• oauth 2.0 기반의 의료 영상 AI 분석 오픈 api 서버 개발 (backend)• GPU 클러스터 학습 스케줄러 개발 (backend)\n\n      ","\n        업무 관련 기술 / 활동 분야\n        \n          JavaScript\n          React.js\n          Redux\n          Flow\n          Python\n          Django\n          PostgreSQL\n          Jenkins\n          Git\n          GitHub\n        \n      ","\n        채용 상세\n                    자격요건•  Java \u0026 Python 기본 지식 보유•  자료구조, 알고리즘, 운영체제, 네트워크에 대한 기본지식•  새로운 기술에 대한 빠른 적응력 및 학습능력•  스스로 문제를 해결해 나갈 수 있는 능력•  Git \u0026 Github 이용한 버전관리 경험우대사항•  웹 서비스 개발 경험•  Open Source 프로젝트에 기여 경험• …\n            더 보기\n            자격요건•  Java \u0026 Python 기본 지식 보유•  자료구조, 알고리즘, 운영체제, 네트워크에 대한 기본지식•  새로운 기술에 대한 빠른 적응력 및 학습능력•  스스로 문제를 해결해 나갈 수 있는 능력•  Git \u0026 Github 이용한 버전관리 경험우대사항•  웹 서비스 개발 경험•  Open Source 프로젝트에 기여 경험•  빌드/ 배포/ 테스트 자동화 경험\n\n            \n              \n                  \n                \n            \n          "]}