{"url":"https://www.rocketpunch.com//jobs/70251/%ED%81%B4%EB%A1%9C%EC%A0%AF%EC%85%B0%EC%96%B4%EC%A0%95%EA%B7%9C%EC%A7%81-CS-%EC%83%81%EB%8B%B4-%ED%8C%80%EC%9B%90","title":"(클로젯셰어/정규직) CS 상담 팀원","origin":"(주)더클로젯컴퍼니","start_date":"02/29 ","newbie":"신입경력","content":["\n        주요 업무\n        -  패션공유 플랫폼으로 렌탈 및 셰어링 고객 문의 응대-  카카오톡 채팅상담 / 전화상담-  서비스운영 지원 (배송/반납 접수 등)\n      ","\n        업무 관련 기술 / 활동 분야\n        \n          고객상담\n          cs\n          고객대응\n          상담업무\n          고객지원\n          고객센터\n          고객관리\n        \n      ","\n        채용 상세\n        자격요건- 경력 : 무관 (신입도 지원 가능)우대사항 - 의류 쇼핑물 CS 경력자 우대 - 고객상담 경력자 우대"]}