{"url":"https://www.rocketpunch.com//jobs/69490/%EB%9F%AD%EC%85%94%EB%A6%AC-%EC%BB%A4%EB%A8%B8%EC%8A%A4-PHP-%EC%9B%B9-%EA%B0%9C%EB%B0%9C%EC%9E%90","title":"럭셔리 커머스 PHP 웹 개발자","origin":"발란","start_date":"01/14 ","newbie":"경력","content":["\n        주요 업무\n        From Milano to Korea in 3 Days 아시아 최초의 명품 온라인 부티크, 발란 http://balaan.co.kr[서비스 소개] 발란은 유통구조 혁신과 IT 기술을 통해 명품 패션 시장의 문제를 해결하는,거대한 명품 시장에서 가장 빠르게 성장하는 플랫폼입니다.2019년 12월 시리즈 A라운드 100억 투자유치, 누적 투자액 120억을 받았습니다✔  다양한 상품: 매 시즌 4,000 여개 이상의 럭셔리 브랜드, 80만개 이상의 명품을 ✔  신상 입고: 백화점 신상 입고보다 3개월 이상 빠르게 ✔  가격: 유럽 온라인 직구보다 저렴한 가격으로  ✔  배송: 유럽에서 집앞까지 3일만에 받을 수 있고, ✔  서비스: 구매 후 검수 및 무료 교환 / 반품 / 수선 서비스까지 제공하는 Fashion과 IT의 결합에 미친 #발라니어 와 함께 한국을 넘어 거대한 아시아 패션 시장을 놀라게 하고 싶다면지금 바로 발란에 합류하세요. [발라니어만을 위한 혜택 및 복지]✔ 연봉 \u0026 스톡옵션 : 업계 최고 대우 ✔ 인센티브 \u0026 보너스 : 팀별, 개인 분기,반기 성과평가 후 반기별 지급✔ 탄력적 출퇴근 ✔ 장비 : 최신 랩탑, PC, 듀얼 모니터 지원 (맥북, 랩탑 삼성 27인치 Curved 듀얼 모니터)✔ 무제한 휴가 (입사 첫 해 부터 휴가 발생) ✔ 교육비 및 도서비 지원 ✔ 식사 : 무제한 스낵바, 다양한 음식, 커피, 맥주 제공✔ Funday : 매월 1회 그룹별 문화 생활 지원 (업무 시간에 놀기!) ✔ 연간 100만원 피복비 지원 ✔ 명품 국내 최저가 구매[발란이 일하는 방식]1. 고객에 집착하라2. 최고의 기준을 고집하라3. 현명하게 판단하고, 우선순위를 구분하라4. 구체적이고 탁월한 성과를 내라5. 즉시, 반드시, 될 때까지 해라6. 혁신하고 단순화하라7. 빠르고 명확하게 소통하라8. 기개를 가져라 - 반대하되 받아 들여라9. 장기적 관점을 견지하라10. 끊임없이 배우고 빠르게 성장하라11. A급 인재만을 채용하라12. 개인이나 팀이 아닌, 회사에 최선인 것을 위해 행동하라13. 이끌거나, 따르거나, 비켜서라[발란 서비스가 궁금하신가요? - SparkLabs Demoday10 (2017.12) IR 보기_직후 30억 투자 유치 (2018.3)]https://youtu.be/6s9Zg5OiKOg[매일경제 - 발란, 中 최대 쇼핑몰 알리바바와 제휴.. ‘발란 명품관’ 오픈]http://bit.ly/2IClCxM[기업스토리 - 창업 2년도 안돼 월매출 30억을 달성하기까지 (2019.5.28)]https://youtu.be/ZNwMflNu1QE[한국경제 - 해외명품 이커머스 '발란', 100억원 규모 시리즈A 투자 유치]https://www.hankyung.com/it/article/201912202218j\n      ","\n        업무 관련 기술 / 활동 분야\n        \n          PHP\n          Node.js\n          Amazon AWS\n          API\n          MySQL\n          Linux\n          MongoDB\n        \n      ","\n        채용 상세\n        발란몰 개발자(php)는 발란의 Product Market Fit을 달성하기 위한 스프린트 방식의 프로젝트 사이클에서 발란몰 모바일웹, PC웹의 리뉴얼을 담당하며, 빠른 피드백을 받기 위한 최적(Lean)의 프로덕트 구축을 목표로 한다.향후 안정된 사이트를 기반으로 하이브리드앱 유지보수를 담당하며 추후 Native App구축을 위한 Backend API 설계 및 구축, 나아가서는 탈 고도몰을 위한 자체 서비스 개발까지 담당한다.　　　[주요업무]  ✔ 웹 사이트 개선 작업 및 유지 보수　1. 프로덕트팀과 함께 꾸준한 자사 제품 개선　2. 사이트 퍼포먼스를 향상시키는 코드 작성 및 관리　3. 접속이 많은 페이지부터 node.js 로의 순차적인 이관　4. 모바일 First!✔ 쾌적한 개발 환경, 쾌적한 쇼핑 경험!　1. 꾸준한 사이트 속도 향상　　- 다양한 방법론의 캐시 적용　　- 서버와 클라이언트를 고려한 페이지 최적화　2. 자주 사용되는 코드의 모듈화 등 효율적인 개발 방법론 적용 및 관리✔ 그 외　1. 외부 채널 연동　2. Hybrid App 유지보수, 향후 자체서비스 및 Native App 개발[자격요건]✔ 커머스 업계 內 웹 개발 경력 3년 이상, 혹은 이에 준하는 역량✔ PHP 5.2 ~ PHP 7.x 기반 커머스 사이트 구축 및 운영 경험✔ node.js 개발경험 (es6, async / await, node 8.x ~ 12.x)✔ AWS 의 다양한 서비스 (ec2, s3, cloudfront, rds 등) 사용 경험✔ 웹 표준 및 접근성 관련 이슈 대응 가능자 (크로스 브라우징 포함)✔ 외부 API 연동 경험 / RESTful 서비스✔ MySQL DB 설계, 관리 경험자 (테이블 설계, 인덱스, 쿼리 튜닝, 백업 및 복구)✔ Linux 기본적인 관리 (기본 명령어, 쉘 프로그래밍 등)✔ 서버 인프라 운영 및 장애 대응, 부하 분산 경험✔ 웹 / 네트워크에 대한 깊은 이해✔ git 사용 경험자[우대 사항]✔ 홈페이지 (반응형 웹 등) 구축 및 유지보수 경력 다수✔ RDBMS (mysql) 추가적 활용 경험 (대량 쿼리, 레플리카, 장애 대응)✔ Front-end framework 개발 경험 (jquery, vue.js)✔ mongoDB 쿼리, aggregate 사용 경험✔ 웹 보안, 서버 보안에 대한 이해✔ 서비스의 설계부터 개발, 운영까지 참여하신 경험✔ 앱 개발 유경험자 (hybrid / native), 푸시 서비스 백엔드 개발 유경험자[개발 인프라]✔ 백엔드　- 발란몰 : php 5.2, MariaDB　- 백오피스 : Node 10, MongoDB, Redis, MariaDB　- 데이터수집기 : Node 10, MongoDB, Redis, MariaDB, AWS ElasticBeanstalk, RabbitMQ✔ 프론트 : plain css\u0026jquery, template_, Vue.js, Bootstrap-Vue✔ 분석 : Google Analytics✔ 코드관리 : Github✔ 커뮤니케이션 : Slack\n            \n              \n                  \n                  \n                \n            \n          \n            \n              \n                  \n                \n            \n          \n            \n              \n                  \n+10                \n            \n          \n            \n              \n                  \n                \n            \n          \n            \n              \n                  \n                \n            \n          \n            \n              \n                  \n                \n            \n          \n            \n              \n                  \n                \n            \n          \n            \n              \n                  \n                \n            \n          \n            \n              \n                  \n                \n            \n          \n            \n              \n                  \n                \n            \n          \n            \n              \n                  \n                \n            \n          \n            \n              \n                  \n                \n            \n          \n            \n              \n                  \n                \n            \n          "]}