{"url":"https://www.rocketpunch.com//jobs/69737/%EC%84%9C%EB%B9%84%EC%8A%A4-%EA%B8%B0%ED%9A%8D%EC%9E%90","title":"서비스 기획자","origin":"스포카","start_date":"01/22 ","newbie":"경력","content":["\n        주요 업무\n                    • 매장과 고객을 세련되게 연결하기 위한 서비스 제작매장과 고객 모두가 만족할 수 있는 경험과 빠르고 쉬운 포인트 적립 기능을 설계하고, 각종 신규 서비스의 기능을 정의합니다. 서비스의 기능이 무엇을 어떻게 해야하는지 전달하기 위한 프로토타이핑을 제작하고, 우선순위를 설정합니다.• 리서치 수행제품의 사용자를 설정하고 분석하여 더 나은 경험을 제공합니…\n            더 보기\n            • 매장과 고객을 세련되게 연결하기 위한 서비스 제작매장과 고객 모두가 만족할 수 있는 경험과 빠르고 쉬운 포인트 적립 기능을 설계하고, 각종 신규 서비스의 기능을 정의합니다. 서비스의 기능이 무엇을 어떻게 해야하는지 전달하기 위한 프로토타이핑을 제작하고, 우선순위를 설정합니다.• 리서치 수행제품의 사용자를 설정하고 분석하여 더 나은 경험을 제공합니다. 국내/외 여러 유사 서비스를 조사 및 벤치마킹하여 사업 전략 및 마케팅 전략 기획에도 참여합니다.• 요구사항을 분석하고 해결책을 도출다양한 문제상황에 발생하는 요구사항을 분석하고 탄탄하고 확장성 있는 실행력 갖춘 해결책을 도출합니다.\n\n      ","\n        업무 관련 기술 / 활동 분야\n        \n          기획\n          서비스기획\n          기획•운영\n          서비스 기획\n          모바일서비스기획\n          qa\n          Google Analytics\n          Amplitude\n        \n      ","\n        채용 상세\n                    # 자격요건• 3년 이상의 웹/모바일 서비스 기획 경험서비스 기획을 주 업무로 하신 분을 원합니다.• 필요한 문제를 잘 정의해야 합니다.누구보다 문제 정의를 잘 해야 합니다. 데이터를 기반으로 진짜 문제가 무엇인지 정확히 파악할 수 있는 능력이 있어야 합니다.• 런칭(라이브) 서비스 기획 경험설계한 서비스가 실제 프로젝트로 발전하여 런칭(라이브)한 …\n            더 보기\n            # 자격요건• 3년 이상의 웹/모바일 서비스 기획 경험서비스 기획을 주 업무로 하신 분을 원합니다.• 필요한 문제를 잘 정의해야 합니다.누구보다 문제 정의를 잘 해야 합니다. 데이터를 기반으로 진짜 문제가 무엇인지 정확히 파악할 수 있는 능력이 있어야 합니다.• 런칭(라이브) 서비스 기획 경험설계한 서비스가 실제 프로젝트로 발전하여 런칭(라이브)한 경험이 필요합니다.• 원활한 의사소통 능력회사 내의 여러 직군들, 외부의 여러 이해관계자들과 유연하게 의사소통 할 수 있어야 합니다.# 우대사항• 각종 프로토타이핑 툴 사용 경험protopie, axshare, figma 등 툴을 활용하여 프로토타이핑을 해보신 경험이 있는 분을 우대합니다.• 데이터 분석 및 활용 경험Google Analytics, Periscope, Amplitude 등 데이터를 분석하여 서비스 기획에 반영할 수 있는 능력을 갖추신 분을 우대합니다.• QA 및 테스팅 경험자신의 기획 내용이 제품화 되는 과정에서, QA 혹은 테스팅에 참여하신 경험이 있으신 분이 있으신 분을 선호합니다.[제출 서류]이력서(필수), 포트폴리오(선택)\n"]}