{"url":"https://www.rocketpunch.com//jobs/70131/%EC%A3%BC%ED%8A%B8%EB%A6%AC%ED%94%8C%EB%A0%9B-AIIoT-%EC%97%B0%EA%B5%AC-%EA%B0%9C%EB%B0%9C%EC%9E%90-%EC%B1%84%EC%9A%A9","title":"[(주)트리플렛] AI/IoT 연구 개발자 채용","origin":"트리플렛","start_date":"02/26 ","newbie":"신입경력","content":["\n        주요 업무\n                    - 자사 인공지능, 사물인터넷 솔루션 \"OZO Protect\" 웹, 서버 신규 개발 참여- 타사 솔루션(부동산, 의약, 마트 매대 감시 등 다양한 도메인) 웹, 서버 개발 및 유지보수- 위치기반 실시간 요금분석 서비스 \"파파부\" Web/Server 유지보수\n\n      ","\n        업무 관련 기술 / 활동 분야\n        \n          Java\n          Python\n          C++\n          MySQL\n          Back-end\n          서버관리\n          JSP\n          Git\n          Front-end\n          HTML\n          MariaDB\n          Maven\n          Gradle\n        \n      ","\n        채용 상세\n                    [ 공고 소개 ]현재 Triplet은 인공지능+사물인터넷 솔루션 \"COTTON\"을 개발하여 다양한 파트너에 맞춤 제공하고 있습니다. 이외에도 기존에 개발한 솔루션을 인공지능, 데이터 사이언스 기술을 접목한 솔루션으로 고도화하는 프로젝트들을 진행 중이며, 다양한 프로젝트가 진행됨에 따라 더 많은 팀원을 찾게 되었습니다. 오직 개발에만 집중할 수 있는 …\n            더 보기\n            [ 공고 소개 ]현재 Triplet은 인공지능+사물인터넷 솔루션 \"COTTON\"을 개발하여 다양한 파트너에 맞춤 제공하고 있습니다. 이외에도 기존에 개발한 솔루션을 인공지능, 데이터 사이언스 기술을 접목한 솔루션으로 고도화하는 프로젝트들을 진행 중이며, 다양한 프로젝트가 진행됨에 따라 더 많은 팀원을 찾게 되었습니다. 오직 개발에만 집중할 수 있는 환경에서 다양한 4차산업 기술이 접목된 상품을 개발하고 싶은 개발자 분들이 필요합니다. 불필요한 문서 업무는 절대 없습니다. Triplet과 함께 성장하고 세상을 바꿔나가고 싶은 개발자 분들의 많은 지원 바랍니다.​※ 홈페이지 보러가기 ☞ http://www.triplllet.com\t\t\t\t\t[ 주요 업무 ] - 타사 솔루션(부동산, 의약 등 다양한 도메인) 웹, 서버 개발 및 유지보수- 위치기반 실시간 요금분석 서비스 Web/Server 유지보수- 자사 인공지능, 사물인터넷 솔루션 \"COTTON\" 웹, 서버 신규 개발 참여[ 자격요건 ]- 웹, 서버 개발 - 나이/성별/경력 무관단, 이공계 학/석/박사 취득 후 5년 이내자 또는이공계 학/석/박사 취득 후 연구경력이 학사 10년, 석사 7년, 박사 3년 이상인 자[ 활용기술 ]C/C++JavaPythonMySQL or MariaDBMaven or GradleGit[ 우대사항 ]\t- Computer Vision 개발 경험자- Tensorflow 등 라이브러리 이용 머신러닝/딥러닝 개발 경험자- 아두이노, 라즈베리파이 등 SBC 소프트웨어 개발 경험자[ 근무조건 ]- 근무형태: 정규직(수습기간 3개월)- 근무시간: 주 5일(월~금) 오전 9시~오후 6시- 급여: 협의 결정/희망 연봉 있을시 기재[ 우리의 개발문화 ]- 수평적 의사소통: 각자의 역할과 능력에 맞게 프로젝트를 진행하기 위해 수평적 의사소통 추구- 개발 워크샵: 효율적인 소통과 개발 협업을 위한 프로젝트 워크샵 상시 진행- 코드 리뷰: Git 기반 모두가 함께 배울 수 있는 코드 리뷰- 지속적 협업: 주어진 업무가 아니라 함께 능동적으로 결정해나가는 협업 시스템(함께 만들어나가요!)[ 근무복지 ]- 개인장비 지원: 몸만 오세요! 맥북, 듀얼모니터 등 최적의 개발환경 지원- 도서 지원: 업무, 자기개발에 필요한 도서 구입은 아낌 없이 지원- 건강검진 지원: 건강을 위한, 60만원 상당의 종합건강검진권 지원- 간식 구비: 능률적인 업무를 위해 간식 항시 구비[ 전형절차 및 지원방법 ]- 전형절차: 서류전형 -  면접전형 (실무자면접 / 임원면접)- 전형기간: 채용시 마감- 지원방법: 로켓펀치 사이트 지원 또는                이메일 (manager@triplllet.com) 지원 시,                포트폴리오(경력 및 역량 중심)를 포함한 간결한 자유 양식을               파일명 [지원분야_이름]으로 해서 이메일로 보내주세요. [ 기타사항 ]- 더 궁금하신 사항은 이메일(manager@triplllet.com)로 문의해주세요. : )- 제출된 서류는 비밀을 보장하며 일체 반환되지 않습니다.- 입사지원 서류에 허위사실이 발견될 경우, 채용확정 이후라도 채용이 취소될 수 있습니다.- 서류전형 / 면접 전형 합격자에 한해 유선으로 개별통보합니다.[ Triplet은 ]Triplet은 인공지능, 사물인터넷, 빅데이터 등 4차산업의 주요기술들을 다루고 이를 활용한 다양한 솔루션을 개발하고 서비스하는 기업입니다. 화재 발생 여부나 사람의 얼굴을 구별하여 인식하는 인공지능 카메라, 수집한 데이터를 기반으로 미래를 예측하는 인공지능 센서 등을 개발하여 다양한 시장의 파트너사와 함께 하고 있습니다. 엔젤 투자 및 전략적 투자를 유치하며 그 가치를 인정 받은 Triplet과 지금 함께 하세요!\n\n            \n              \n                  \n                \n            \n          "]}