{"url":"https://www.rocketpunch.com//jobs/55608/%EB%8B%A4%EB%85%B8-%EC%8B%9D%ED%92%88%EA%B0%9C%EB%B0%9COEM-%EA%B2%BD%EB%A0%A5MD-%EC%B1%84%EC%9A%A9%EC%B1%84%EC%9A%A9%EC%8B%9C%EB%A7%88%EA%B0%90","title":"[다노] 식품개발(OEM) 경력MD 채용(~채용시마감)","origin":"다노 ","start_date":"02/03 ","newbie":"경력","content":["\n        주요 업무\n                    ■다노 소개다노는 여성들을 위한 대한민국 No.1 다이어트 브랜드이자, 건강한 다이어트 문화를 만들어 나가는 열정있는 인재들의 비전 공동체입니다. 현재 건강 다이어트 식품 쇼핑몰인 다노샵, 온라인 습관성형 프로그램 마이다노와 여성 전문 오프라인 스튜디오, 다노핏을 운영 중입니다. 2015년 GS홈쇼핑과 아주 IB투자로부터 22억원 규모의 투자를 유치…\n            더 보기\n            ■다노 소개다노는 여성들을 위한 대한민국 No.1 다이어트 브랜드이자, 건강한 다이어트 문화를 만들어 나가는 열정있는 인재들의 비전 공동체입니다. 현재 건강 다이어트 식품 쇼핑몰인 다노샵, 온라인 습관성형 프로그램 마이다노와 여성 전문 오프라인 스튜디오, 다노핏을 운영 중입니다. 2015년 GS홈쇼핑과 아주 IB투자로부터 22억원 규모의 투자를 유치해 건실하게 성장하고 있습니다.올바른 다이어트 정보를 전달하기 위해 출시한 다노앱은 2016년 구글 스토어 올해의 앱으로 선정되었으며, 2000만 뷰를 기록한 유투브 다노TV 채널 등 소셜미디어를 통해 60만 팔로워와 소통하며 건강한 다이어트의 패러다임을 만들어가고 있습니다.  다노의 비전은 ‘BE THE BEST VERSION OF YOU.’입니다. ‘모든 사람들에게 잠재된 최고의 모습을 이끌어내자’ 는 사명을 다노의 제품을 통해 여성들에게 전달할 코치-리크루터를 채용합니다.- 우리는 다이어트약을 팔지 않습니다.   건강한 식품은 더 맛있게, 맛있는 식품은 건강하게 먹을 수 있도록 고객에게 소개하고 있습니다.(다노샵)- 전문코치를 통해 습관성형 솔루션을 진정성으로 전달합니다. (마이다노서비스)- 우리는 200만이 넘는 팔로워와 함께 건강한 습관만이 다이어트의 정답이라는 사실을 꾸준히 알리고 있습니다.■모집분야 및 인원 - 다노샵  식품기획개발 MD** 필수제출url: https://forms.gle/cQs1Nv7oYYmkG9XP9(채용시마감)\n\n      ","\n        업무 관련 기술 / 활동 분야\n        \n          식품MD\n          식품개발\n          OEM\n        \n      ","\n        채용 상세\n                    ■ 어떻게 근무하게 되나요?  - 근무시간: 9:30~18:30(8h)  - 업무내용    •  다노의 건강한 식품 기획 및 개발    •  OEM생산세팅/의뢰/관리■  이런 분을 찾습니다!   :  식품 기획 및 개발 유경험자(필수요건)다노 경력 식품개발자로 이런 분을 영입하고 싶습니다. (우대요건)   • 기존 상품과 차별되는 상품개발을 위한 신…\n            더 보기\n            ■ 어떻게 근무하게 되나요?  - 근무시간: 9:30~18:30(8h)  - 업무내용    •  다노의 건강한 식품 기획 및 개발    •  OEM생산세팅/의뢰/관리■  이런 분을 찾습니다!   :  식품 기획 및 개발 유경험자(필수요건)다노 경력 식품개발자로 이런 분을 영입하고 싶습니다. (우대요건)   • 기존 상품과 차별되는 상품개발을 위한 신선한 기획력을 보여주실 수 있는 분   • 생산 공장과의 원활한 커뮤니케이션 능력을 가지신 분   • 건강한 식품에 대한 관심과 이해를 바탕으로 다노한 가치를 전달해주실 분# 다노의 DNA  • 건강한 식습관과 생활방식이 우리의 삶에 얼마나 중요한 의미를 지니는지 알고 있습니다.   • 나와 다른 분야의 사람들과도 끈기를 갖고 소통하고, 진솔하게 대화하고자 노력합니다.   • 내가 맡은 일에 대해서는 누구보다 책임감과 끈기를 가지고 완수합니다.  • 안정 보다는 변화, 안주 보다는 도전이 즐겁고, 끊임 없이 성장하기를 꿈꿉니다.■  지원방법 및 기한​   •  필수 제출URL: https://forms.gle/cQs1Nv7oYYmkG9XP9      : URL접수 3일이내로 다노샵에서 개발하면 좋을 식품 기획 제안서(A4한 장 혹은 PPT한장 이내) 제출        담당자메일주소: recruit.dano@gmail.com   •  지원기간: 수시채용(채용시마감)   •  전형절차: 서류전형 → 직무케이스 TEST  및 1차면접  →  2차 면접                      **모든 직군은 3개월의 수습기간을 통해 정직원 전환이 결정됩니다. ■ 근무조건 및 환경: 다노한 라이프  • 회사위치: 서울 마포구 (대흥역 5분 거리)  • 모든 직군은 3개월의 수습기간을 통해 정직원 전환이 결정됩니다.  • 4대 보험 지원    • 회사 목표 달성시 연 1회 단체 해외 여행 (2014:싱가폴, 2015:보라카이, 2017: 세부, 1년 이상 근속자 대상)   • 연 1회 단체 국내 비전 워크샵 (2013:강원도, 2014:부산, 2015:제주도)  • 다노 정규크루 할인 (다노샵 제품 및 서비스 클래스 할인)  • 성장 장려금 : 현재 업무와 밀접한 연관있는 교육비, 자격증, 세미나 비용의 70% 지원(정규)  • 도서비 무한 지원 : 업무 역량 계발 위한 도서비 무제한 지원(정규)  • 스페셜데이 : 부모님 생신 및 배우자 생일 등 조기 퇴근 (오후 4시 퇴근)   • 눈치 안보고 휴가 사용하는 회사# 다노의 문화를 구체적으로 알고 싶다면 • 다노 홈페이지 → https://corp.dano.me/ • 다노 블로그 → https://blog.naver.com/dagymdieting/221156900490\n\n            \n              \n                  \n                  \n                \n            \n          \n            \n              \n                  \n                \n            \n          \n            \n              \n                  \n+2                \n            \n          \n            \n              \n                  \n                \n            \n          \n            \n              \n                  \n                \n            \n          "]}