{"url":"https://www.rocketpunch.com//jobs/70077/%EC%9E%94%EB%8F%88%ED%88%AC%EC%9E%90-%EC%84%9C%EB%B9%84%EC%8A%A4-%ED%8B%B0%ED%81%B4%EA%B3%BC-%ED%95%A8%EA%BB%98-%ED%95%A0-UXUI-Designer%EB%A5%BC-%EC%B0%BE%EA%B3%A0-%EC%9E%88%EC%8A%B5%EB%8B%88%EB%8B%A4","title":"잔돈투자 서비스 '티클'과 함께 할 UX/UI  Designer를 찾고 있습니다!","origin":"티클","start_date":"02/16 ","newbie":"신입경력","content":["\n        주요 업무\n                    '티클'은 앱과 연동된 카드로 결제할 때마다, 1,000원 미만의 잔돈을 자동으로 저축, 투자해주는 서비스입니다.소득이 많지 않은 밀레니얼 세대들이 잔돈이라는 부담없는 금액으로 일상 속에서 저축을 시작할 수 있고, 다양한 금융상품을 시도하고 경험하며 누구나 금융을 부담없이 시작할 수 있는 서비스를 만들어나가고 있습니다.현재 티클은 서비스 정식 런칭 …\n            더 보기\n            '티클'은 앱과 연동된 카드로 결제할 때마다, 1,000원 미만의 잔돈을 자동으로 저축, 투자해주는 서비스입니다.소득이 많지 않은 밀레니얼 세대들이 잔돈이라는 부담없는 금액으로 일상 속에서 저축을 시작할 수 있고, 다양한 금융상품을 시도하고 경험하며 누구나 금융을 부담없이 시작할 수 있는 서비스를 만들어나가고 있습니다.현재 티클은 서비스 정식 런칭 이후 신규 사용자, 저축액 모두 매달 2배 이상씩 성장할 정도로 매우 빠르게 성장하고 있으며, 미래에셋대우와의 파트너쉽 계약을 시작으로 다양한 금융사, 핀테크 업체들과의 협업을 진행하며 서비스를 확장해 나아가고 있습니다.최근 실리콘밸리 소재의 VC로부터 투자를 유치하며 그 가능성을 인정받아 더욱 공격적으로 성장하고자 합니다.티클과 함께하세요.티클과 함께 누구나 쉽게 금융을 접할 수 있도록, 금융의 시작 티클을 만들어나가기를 기대합니다.(회사연혁)- 누적 저축액 10억 원 돌파(20.02)- 삼성증권 파트너쉽 체결 (20.01)- 'BlackMountain Ventures' 로부터 투자유치- 누적 저축액 5억 원 돌파(19.12)- 누적 다운로드 50,000건 돌파 (19.12)- '티클 - 잔돈, 저축, 투자' 런칭 (19.07)- 미래에셋대우 파트너쉽 체결 (19.06)- 한국사회투자 금융혁신솔루션 선정 (19.05)- NH농협 'NH디지털챌린지+' 선정 (19.04)- 주식회사 티클 법인 설립 (19.01)#자세한 소개와 공고는 아래 링크를 참고하세요:)---https://www.notion.so/primavera/UX-UI-Designer-837cd42a55e94d0b85fa506ecd9452d8\n\n      ","\n        업무 관련 기술 / 활동 분야\n        \n          UI/UX디자인\n          zeplin\n          서비스디자인\n          UI디자인\n          UX디자인\n        \n      ","\n        채용 상세\n                    1. 주요 업무    - 모바일 앱 서비스 UX/UI 설계 및 디자인    - 서비스 전반적인 브랜딩 작업고객에 대한 이해사항들을 기획에서부터 최종 GUI 디자인까지 시각적으로 구현함으로써 초기 의견을 손실 없이 제품의 형태로 사용자에게 전달하는 업무를 경험하실 수 있습니다.2.  지원 자격- Mobile App UI에 대한 폭넓은 이해- 데이터를 …\n            더 보기\n            1. 주요 업무    - 모바일 앱 서비스 UX/UI 설계 및 디자인    - 서비스 전반적인 브랜딩 작업고객에 대한 이해사항들을 기획에서부터 최종 GUI 디자인까지 시각적으로 구현함으로써 초기 의견을 손실 없이 제품의 형태로 사용자에게 전달하는 업무를 경험하실 수 있습니다.2.  지원 자격- Mobile App UI에 대한 폭넓은 이해- 데이터를 기반으로 사용자 관점에서 정량적인 UX 개선이 가능한 분- 프로토타이핑 툴 및 디자인 툴 (Sketch, XD 등) 활용 능력3.  우대 사항- 성장의 욕구가 강하며 스스로 업무를 drive 할 수 있는 분- 실제 서비스 구현 혹은 개발진과의 협업 경험이 있는 분- 모바일 서비스 기획부터 디자인까지 경험해보신 분- 금융/핀테크에 대한 이해도가 높으신 분\n\n            \n              \n                  \n                \n            \n          "]}