{"url":"https://www.rocketpunch.com//jobs/69847/%ED%99%8D%EB%B3%B4-%EB%B0%8F-%EC%BD%98%ED%85%90%EC%B8%A0-%EB%A7%88%EC%BC%80%ED%84%B0-%EC%B1%84%EC%9A%A9","title":"홍보 및 콘텐츠 마케터 채용","origin":"쿼럼바이오헬스케어","start_date":"02/19 ","newbie":"신입경력","content":["\n        주요 업무\n                    나비의 작은 날갯짓이 커다란 폭풍우를 일으키듯이지금은 작은 기업이지만 곧 세상을 놀라게 할 혁신의 바람을 불러일으킬 것이라 확신합니다.쿼럼바이오헬스케어 주식회사는 직원들의 워라밸을 가장 최우선으로 생각하는 바이오기업으로서울대 교수진과 연구원분들을 주축으로 전문성을 인정받으며 빠르게 성장하고 있습니다.현재 사세 확장으로 인한 인력 충원 중입니다.\n            더 보기\n            나비의 작은 날갯짓이 커다란 폭풍우를 일으키듯이지금은 작은 기업이지만 곧 세상을 놀라게 할 혁신의 바람을 불러일으킬 것이라 확신합니다.쿼럼바이오헬스케어 주식회사는 직원들의 워라밸을 가장 최우선으로 생각하는 바이오기업으로서울대 교수진과 연구원분들을 주축으로 전문성을 인정받으며 빠르게 성장하고 있습니다.현재 사세 확장으로 인한 인력 충원 중입니다.\n\n      ","\n        업무 관련 기술 / 활동 분야\n        \n          콘텐츠마케팅\n          인스타그램\n          페이스북\n          블로그\n          소셜마케팅\n          카피라이팅\n          온라인마케팅\n        \n      ","\n        채용 상세\n                    ■ 주요업무- 브랜드별 SNS 채널 관리 (페이스북, 인스타, 블로그 등)- 콘텐츠 기획 및 제작 및 체계적인 업로드 일정관리- 포토샵, 일러 등 콘텐츠 제작에 필요한 디자인 작업- 보도자료 작성 및 배포, 매체 관리■ 우대사항- 브랜드 SNS 채널 운영해본 경험이 있으신 분- 소셜미디어에 활용에 능통하신 분- 채널별 SEO에 대한 이해도가 높으신 …\n            더 보기\n            ■ 주요업무- 브랜드별 SNS 채널 관리 (페이스북, 인스타, 블로그 등)- 콘텐츠 기획 및 제작 및 체계적인 업로드 일정관리- 포토샵, 일러 등 콘텐츠 제작에 필요한 디자인 작업- 보도자료 작성 및 배포, 매체 관리■ 우대사항- 브랜드 SNS 채널 운영해본 경험이 있으신 분- 소셜미디어에 활용에 능통하신 분- 채널별 SEO에 대한 이해도가 높으신 분- 글을 쓰는데 두려움이 없으신 분- 부서 및 팀원들간의 커뮤니케이션이 원활하신 분- 트렌드에 민감하신 분■ 자격요건 (동료를 모시는데 중요하게 생각하는 점)- 학력 : 학력무관- 경력 : 경력무관- 말만 앞서지 않는 행동력- 팀원들과 좋은 관계를 만들어 나가려는 노력- 내가 맡은 브랜드에 대한 애정과 관심***(필수)희망연봉 반드시 입력해주세요***(선택)경력자분들은 주요업무와 연관된 포트폴리오 첨부해주세요■ 소소한 복지- 10시 출근 ~ 6시 퇴근- 칼퇴 권장- 자유로운 휴가 사용가능- 차별이 없는 기업문화 조성\n"]}