{"url":"https://www.rocketpunch.com//jobs/69436/UIUX-%EB%94%94%EC%9E%90%EC%9D%B4%EB%84%88","title":"UI/UX 디자이너","origin":"워커맨","start_date":"02/26 ","newbie":"경력","content":["\n        주요 업무\n                    당사 O2O 플랫폼 서비스- 워커맨 App/Web 디자인(Front/Back-end) 및 서비스 마케팅/브랜딩 관련 디자인 업무\n\n      ","\n        업무 관련 기술 / 활동 분야\n        \n          UI/UX디자인\n          Adobe Illustrator\n          Adobe Photoshop\n          Sketch\n          zeplin\n          모바일디자인\n          웹디자인\n          웹퍼블리싱\n        \n      ","\n        채용 상세\n                    담당업무- 워커맨 B2C 서비스 Web / App 고도화 및 UI/UX 개선 관련 디자인- 워커맨 B2B 플랫폼 admin 디자인- 워커맨 마케팅 및 브랜딩 관련 디자인자격요건- 5년 이상 경력- 초대졸 이상우대사항- 커뮤니케이션이 능숙하신 분- 관련 전공자- Zeplin 등 협업툴 사용경험자- 퍼블리싱 가능자\n            더 보기\n            담당업무- 워커맨 B2C 서비스 Web / App 고도화 및 UI/UX 개선 관련 디자인- 워커맨 B2B 플랫폼 admin 디자인- 워커맨 마케팅 및 브랜딩 관련 디자인자격요건- 5년 이상 경력- 초대졸 이상우대사항- 커뮤니케이션이 능숙하신 분- 관련 전공자- Zeplin 등 협업툴 사용경험자- 퍼블리싱 가능자\n"]}