{"url":"https://www.rocketpunch.com//jobs/70306/%EC%84%9C%EB%B2%84-Back-end-%EA%B0%9C%EB%B0%9C%EC%9E%90%EC%99%80-%ED%95%A8%EA%BB%98%ED%95%98%EA%B3%A0%EC%9E%90-%ED%95%A9%EB%8B%88%EB%8B%A4","title":"서버 Back-end 개발자와 함께하고자 합니다.","origin":"위솝","start_date":"02/26 ","newbie":"경력","content":["\n        주요 업무\n        - - 서버 Back-end 개발 및 운영- - 푸시 개발 및 운영- - API서버 개발\n      ","\n        업무 관련 기술 / 활동 분야\n        \n          Node.js\n          JavaScript\n        \n      ","\n        채용 상세\n        스타트업의 성장을 주도할 참신하고 젊은 개발자를 1명 모십니다.[담당 업무]- 서버 Back-end 개발/운영- 푸시 개발/운영[개발 우대 요건]- 노드js, php- 알고리즘 개발[ 지원시 우대 조건 ]- 스타트업 경험 우대- iOS/Android : 1개 이상의 앱 개발/배포 경험- 해외여행을 좋아하시는 분[선호하는 인재상]- 배우고자 하는 의욕이 넘치시는 분- 밝고 긍정적이며 원활한 의사소통이 가능하신 분- 본인의 맡은바 임무에 대한 책임감이 있는 분- 본인이 만든 것에 대한 애착을 가지고 자기 자식이라 생각하시는 분[ 지원 방식 ]- 이메일로 이력서와 경력중심의 자기소개서를 보내주세요.- 접수메일 : jmchoi@wesop.co.kr[ 채용절차 ]- 서류심사 ▶ 면접 ▶ 최종합격함께 빠르게 성장할 인재를 찾고 있습니다.초기 맴버로 함께 하실분을 찾고 있습니다.간단히 커피타임 가진다는 느낌으로 부담 없이 연락주세요.감사합니다."]}