{"url":"https://www.rocketpunch.com//jobs/59294/Client-Engineer","title":"Client Engineer","origin":"스퀘어랩","start_date":"02/19 ","newbie":"경력","content":["\n        주요 업무\n                    • 팀으로 합류하시게 되면 쉽고 빠른 항공권 예약 서비스 Kyte와, 300만이 넘는 유저들이 사용중인 항공권 특가 알림 서비스인 플레이윙즈의 Client 및 신규 서비스  개발을 담당합니다.  iOS, Android, React 등 여러 클라이언트 프로젝트가 진행중이며 경력 및 선호도에 따라 1개 혹은 여러개의 프로젝트에 참여 할 수 있습니다. […\n            더 보기\n            • 팀으로 합류하시게 되면 쉽고 빠른 항공권 예약 서비스 Kyte와, 300만이 넘는 유저들이 사용중인 항공권 특가 알림 서비스인 플레이윙즈의 Client 및 신규 서비스  개발을 담당합니다.  iOS, Android, React 등 여러 클라이언트 프로젝트가 진행중이며 경력 및 선호도에 따라 1개 혹은 여러개의 프로젝트에 참여 할 수 있습니다. [주요 기술 스택/언어]Android - Kotlin / iOS - Swift / React - JavaScript[개발팀 문화]• 소프트웨어 구현시 모든 코드는 항상 한명 이상의 코드 리뷰를 통과한 뒤 submit 됩니다. 코드리뷰는 절대 형식적으로 진행되지 않습니다.  간단한 코딩 스타일, 오타, 커멘트가 잘 이해할 수 있을 만큼 작성되었는지부터 시작해서, 버그, 보안 이슈, 레이스 컨디션, 예외 케이스 등을 상호 간에 확인하고, 유닛 테스트 및 통합 테스트 코드가 일반적인 케이스 및 예외 케이스들을 잘 커버하고 있는 지까지 전방위적인 리뷰를 진행합니다.   • 자유로운 근무 태도를 추구하며 Slack, Confluence, Hangout등을 통해 협업을 진행 중입니다.[스퀘어랩 기술 블로그]스퀘어랩의 기술 블로그가 오픈하였습니다 :)스퀘어랩의 더욱 자세한 사항은 아래 기술 블로그를 통해 확인해주세요!https://squarelab.co/blog/\n\n      ","\n        업무 관련 기술 / 활동 분야\n        \n          Android\n          Kotlin\n          reactive-programming\n          Git\n          GitHub\n          Front-end\n          소프트웨어아키텍처\n          dagger-2\n          iOS\n          Swift\n          RxJava\n        \n      ","\n        채용 상세\n                    [자격요건]• 1년 이상의 iOS or Android or React 개발 경험 • 서비스 개선 및 사용자 요구 사항에 적극적인 자세[우대사항]• 컴퓨터 과학이나 비슷한 분야 (전산, 전자, 수학 등) 학사 이상, 혹은 동등 이상의 경력 • 소프트웨어 특성화 고등학교 졸업자• 복수의 프로그래밍 언어에 자신이 있고, 이를 사용해서 개발한 경험[채용 절…\n            더 보기\n            [자격요건]• 1년 이상의 iOS or Android or React 개발 경험 • 서비스 개선 및 사용자 요구 사항에 적극적인 자세[우대사항]• 컴퓨터 과학이나 비슷한 분야 (전산, 전자, 수학 등) 학사 이상, 혹은 동등 이상의 경력 • 소프트웨어 특성화 고등학교 졸업자• 복수의 프로그래밍 언어에 자신이 있고, 이를 사용해서 개발한 경험[채용 절차]- 기술 인터뷰: 제출하신 이력서/포트폴리오를 참고하여 진행했던 프로젝트나 기술 스택에 대한 질문 2~30분- 코딩 인터뷰: 알고리즘 문제 코딩 테스트 2문항 2~30분 (메모장 사용)참고 사이트 1: https://www.acmicpc.net/참고 사이트 2: https://leetcode.com/예제. String 이 주어지면 reverse를 출력 하는 함수를 작성해주세요.Input: “hello”Output: “olleh”Input: “Say your prayers, little one”Output: “eno elttil ,sreyarp ruoy yaS”[혜택 및 복지]• 해외여행휴가: 유급 해외여행휴가 지원• 연차휴가: 별도 승인 없는 자유로운 연차휴가 사용• 자율출퇴근제: 출/퇴근 시간의 정함이 없는 완전 자율출퇴근제!• 재택근무(Work from home): 본인 재량의 재택근무 사용 가능!• 1시간 30분의 점심시간: 식사 후 충분한 휴식을 위한 1시간 30분의 점심시간• 건강검진: 필수검진 외 선택항목까지 건강검진 지원 (소가 50만원 상당)• 도서구입비: 직무와 유관성이 있는 도서에 대한 무제한 지원• 직무교육\u0026세미나: 직무 유관성이 있는 교육\u0026세미나에 대한 무제한 지원• 회식비: 팀원들과 함께할 수 있는 월 회식비 지원• 야근식대/야근 교통비 지원• 스낵바 / 커피 / 맥주 무제한 제공• 각종 경조사 지원• 공유오피스 카페테리아 이용 및 제휴업체 할인 등의 복리후생 제공\n"]}