{"url":"https://programmers.co.kr/job_positions/1371","title":"Web Full-stack 개발자","origin":"데일리펀딩","start_date":"","newbie":false,"content":["기술 스택\nCSS HTML Python MySQL","업무 소개\n자사 P2P 플랫폼 개발 및 운영","자격 조건\nFull-Stack 개발 가능하신 분 (HTML, CSS, react, python, django, mysql)\nUbuntu 사용 경험이 있으신분\n웹 기반 서비스와 그 구조에 대한 기본적인 이해도가 있으신 분\n신규 기술에 관심이 많고, 업무에 맞춰 적용 가능하신 분","우대 사항\nCloud platform (AWS, NCP) 경험자\n다양한 Open Source Library 사용 경험자\n대규모 서비스로 인한 다양한 알고리즘 경험자\n코드 개선과 서비스 성능 향상에 관심이 많으신 분\n데이터베이스와 쿼리 성능 최적화에 익숙하신 분"]}