{"url":"https://www.rocketpunch.com//jobs/59304/%EB%8B%A4%EB%85%B8-Product-UIUX-%EB%94%94%EC%9E%90%EC%9D%B4%EB%84%88","title":"[다노] Product UI/UX 디자이너","origin":"다노 ","start_date":"02/03 ","newbie":"경력","content":["\n        주요 업무\n                    ■모집분야 및 인원    다노 Product UI/UX 디자이너 2년 이상의 관련 업무 경력(또는 그에 준하는 역량을 갖추신 분)   ■ 어떻게 근무하게 되나요?     • 근무시간: 9:30~18:30(8h)     • 업무내용:온라인 다이어트 코칭 서비스 MYDANO와 관련된 Web/App Product UI 설계 및 디자인    ＃App pro…\n            더 보기\n            ■모집분야 및 인원    다노 Product UI/UX 디자이너 2년 이상의 관련 업무 경력(또는 그에 준하는 역량을 갖추신 분)   ■ 어떻게 근무하게 되나요?     • 근무시간: 9:30~18:30(8h)     • 업무내용:온라인 다이어트 코칭 서비스 MYDANO와 관련된 Web/App Product UI 설계 및 디자인    ＃App product     - 고객 사이드 App(Android/iOS)     - 코치 사이드 코칭툴 App(Android/iOS)    ＃Web product     - www.mydano.net/     - 코치 어드민     마이다노 프로덕디자이너는 프로젝트 진행시 UX기반으로 문제를 도출하고     고객중심적 사고와 데이터를 기준으로 커뮤니케이션하고 주도적으로 해결 방법을 제안합니다.      (업무는 전사적으로 프로젝트의 우선순위를 정하고 그에 따라 부여됩니다. )+ 이외에도, 다노안에 존재하는 모든 불편한 것을 편리하게, 못난 것을 아름답게, 어려운 것을 쉽게, 복잡한 것을 간단하게 탈바꿈시키는 일을 합니다.** 필수제출url: https://forms.gle/osXdQmZpWABcMfon6(채용시마감)\n\n      ","\n        업무 관련 기술 / 활동 분야\n        \n          서비스기획\n          모바일서비스\n          비즈니스분석\n          UI/UX디자인\n          UX디자인\n          UI디자인\n        \n      ","\n        채용 상세\n                    ■  이런 분을 찾습니다!   • 자사 서비스의 UI/UX 디자인 실무 경력 최소 2년 이상이신 분   • 멀티 플랫폼(Web, android, iOS) UX/UI 디자인에 대한 경험과 이해도가 높으신 분   • 고객중심적인 사고로 커뮤니케이션하고 데이터 기반으로 디자인 방향 설정과 결과물 만드시는 분   • PM, 개발자 등 다양한 이해관계자들과 …\n            더 보기\n            ■  이런 분을 찾습니다!   • 자사 서비스의 UI/UX 디자인 실무 경력 최소 2년 이상이신 분   • 멀티 플랫폼(Web, android, iOS) UX/UI 디자인에 대한 경험과 이해도가 높으신 분   • 고객중심적인 사고로 커뮤니케이션하고 데이터 기반으로 디자인 방향 설정과 결과물 만드시는 분   • PM, 개발자 등 다양한 이해관계자들과 협업 시 원활하게 커뮤니 케이션 가능하신 분   • Sketch, Zeplin등 툴을 활용한 UI디자인/프로토타입 제작이 가능하신  분   • 브랜드와 서비스/제품의 본질에 대한 이해도가 높으신 분   • 다노의 비전에 공감하고 비전을 널리 알리는 멋진 일을 함께 하고 싶은 분이런 분을 영입하고 싶습니다.    • 천상디자이너: 단순히 직업으로서의 디자이너가 아닌, 무엇이든 디자인하는 일을 즐기시는 분   • 성장덕후 디자이너: 끊임없이 새로운 것을 찾아 배우고 자신을 성장을 갈망하시는 분   • 예술가말고 디자이너: 작업물에 대해 감정이나 자존심을 섞지 않고 피드백을 적극 받아들이는 열린 사고를 가지신 분   • ​오지라퍼 디자이너: 좋은 걸 보면 공유하고 싶어 안달나신 분  * 지원자는 아래 링크에 반드시 답변을 부탁드립니다.     https://forms.gle/osXdQmZpWABcMfon6(채용시마감)우대사항다노의 DNA • 건강한 식습관과 생활방식이 우리의 삶에 얼마나 중요한 의미를 지니는지 알고 있습니다.  • 나와 다른 분야의 사람들과도 끈기를 갖고 소통하고, 진솔하게 대화하고자 노력합니다.  • 내가 맡은 일에 대해서는 누구보다 책임감과 끈기를 가지고 완수합니다. • 안정 보다는 변화, 안주 보다는 도전이 즐겁고, 끊임 없이 성장하기를 꿈꿉니다.\n\n            \n              \n                  \n                  \n                \n            \n          \n            \n              \n                  \n                \n            \n          \n            \n              \n                  \n+1                \n            \n          \n            \n              \n                  \n                \n            \n          "]}