{"url":"https://www.rocketpunch.com//jobs/70370/%EC%8A%A4%ED%83%80%ED%8A%B8%EC%97%85-%EC%BD%98%ED%85%90%EC%B8%A0-%EB%94%94%EC%9E%90%EC%9D%B4%EB%84%88-%EB%AA%A8%EC%A7%91%EC%98%81%EB%93%B1%ED%8F%AC%EA%B5%AC-%EC%86%8C%EC%9E%AC","title":"스타트업 콘텐츠 디자이너 모집(영등포구 소재)","origin":"도도한콜라보","start_date":"03/03 ","newbie":"신입경력","content":["\n        주요 업무\n                    주요업무 : 콘텐츠 디자인, 편집 디자인, 그래픽 디자인 상세업무- 카드 뉴스, 배너 이미지, 채널 아트 등 제작 (미디어 콘텐츠)- 인쇄 디자인(웹 게시용)- 회사 브랜딩 디자인\n\n      ","\n        업무 관련 기술 / 활동 분야\n        \n          콘텐츠디자인\n          크리에이티브디자인\n          편집디자인\n          마케팅디자인\n          그래픽디자인\n          광고디자인\n          편집디자인\n          콘텐츠 마케팅\n          Adobe Photoshop\n          Adobe Illustrator\n          출판디자인\n        \n      ","\n        채용 상세\n                    (담당업무)- 디자인 부분- 콘텐츠 디자인, 편집 디자인, 그래픽 디자인 제작(상세업무)카드 뉴스, 배너 이미지, 채널 아트 등 제작 (미디어 콘텐츠)인쇄 디자인(웹 게시용)회사 브랜딩 디자인(자격요건)학력: 학력무관경력: 경력무관(학벌과 경력은 결코 중요하지 않습니다!)(우대사항)회사의 높은 성장가능성과 함께 본인도 성장하고자 하는 욕구가 큰 열정…\n            더 보기\n            (담당업무)- 디자인 부분- 콘텐츠 디자인, 편집 디자인, 그래픽 디자인 제작(상세업무)카드 뉴스, 배너 이미지, 채널 아트 등 제작 (미디어 콘텐츠)인쇄 디자인(웹 게시용)회사 브랜딩 디자인(자격요건)학력: 학력무관경력: 경력무관(학벌과 경력은 결코 중요하지 않습니다!)(우대사항)회사의 높은 성장가능성과 함께 본인도 성장하고자 하는 욕구가 큰 열정 디자이너.인근거주자(서울 지역 내)장기근무 가능자 (함께해요!!)청년층 (우리회사 평균 연령 : 31.5세)자격증 (웹디자인기능사, 컴퓨터그래픽스운용기능사, GTQ 등) 있으면 좋음디자인 계통 전공자라면 더 좋겠죠?상단 포스터보다 잘 만들 수 있는 초보실력자\n\n            \n              \n                  \n                  \n                \n            \n          \n            \n              \n                  \n                \n            \n          \n            \n              \n                  \n+2                \n            \n          \n            \n              \n                  \n                \n            \n          \n            \n              \n                  \n                \n            \n          "]}