{"url":"https://www.rocketpunch.com//jobs/70203/%EB%8D%B0%EC%9D%B4%ED%84%B0-%EC%97%94%EC%A7%80%EB%8B%88%EC%96%B4","title":"데이터 엔지니어","origin":"더위티","start_date":"02/28 ","newbie":"소경력","content":["\n        주요 업무\n        -데이터 수집 파이프라인 구축-다양한 데이터 수요에 맞춰 데이터 추출-데이터 통계, 분석, 시각화-크롤링\n      ","\n        업무 관련 기술 / 활동 분야\n        \n          Python\n          Amazon AWS\n          서버관리\n        \n      ","\n        채용 상세\n        뉴미디어 영상 콘텐츠에 대한 노하우를 바탕으로 관련 플랫폼서비스를 기획하고 있습니다.위티를 함께 이끌어갈 멤버를 찾고 있습니다.많은 분들의 지원 바랍니다.[공통]1. 채용과정- 1차 서류심사 -\u003e 2차 인터뷰 -\u003e 최종합격*재직자의 경우 인터뷰 일정 협의 가능합니다.2. 급여-최소 3,000 만원 이상* 연봉 및 처우는 개인 역량에 따라 협의3. 복지혜택-연차-오전 9-11시 사이 자율출근 -매년 명절(설날, 추석) 전날 그리고 마지막 근무일 근무시간 단축-스톡옵션4. 근무환경-최적의 업무 장비 지원------------------------------------------------------------------------[주요 업무]-데이터 수집 파이프라인 구축-다양한 데이터 수요에 맞춰 데이터 추출-데이터 통계, 분석, 시각화-크롤링[자격요건]-유관 경력 1년 이상-SQL/Python/R 등 데이터 분석 업무를 수행할 수 있는 하나 이상의 개발 언어 숙련자-원활한 커뮤니케이션 능력"]}