{"url":"https://www.rocketpunch.com//jobs/70265/QA-%EB%8B%B4%EB%8B%B9%EC%9E%90","title":"QA 담당자","origin":"BALKY","start_date":"02/12 ","newbie":"경력","content":["\n        주요 업무\n                    국민의 건강증진과 한의학의 현대화, 시스템화를 위해 3년반째 열심히 달리고 있는 스타트업입니다.한의학 포털사이트 '한의플래닛'을 통해 한의사를 위한 커뮤니티, 한의학사전, 세미나 중개 등의 서비스를 하고있습니다.앞으로 한의사를 위한 사이트를 넘어서 환자들이 나에게 맞는 한의원을 쉽게 찾을 수 있는 대국민 서비스로 확장하려고 하고, 한의원을 위한 유통…\n            더 보기\n            국민의 건강증진과 한의학의 현대화, 시스템화를 위해 3년반째 열심히 달리고 있는 스타트업입니다.한의학 포털사이트 '한의플래닛'을 통해 한의사를 위한 커뮤니티, 한의학사전, 세미나 중개 등의 서비스를 하고있습니다.앞으로 한의사를 위한 사이트를 넘어서 환자들이 나에게 맞는 한의원을 쉽게 찾을 수 있는 대국민 서비스로 확장하려고 하고, 한의원을 위한 유통혁신을 할 수 있는 이커머스 서비스도 준비하고 있습니다.저희 서비스의 품질을 높여서 'IT를 통한 한의학 혁신'을 함께할 분을 찾습니다.\n\n      ","\n        업무 관련 기술 / 활동 분야\n        \n          품질관리\n          qa\n          testing\n          사용성테스트\n          test-cases\n          QA 테스터\n          테스터\n        \n      ","\n        채용 상세\n                    담당업무- 현재 서비스의 분석 및 운영 프로세스 확립- 자체 서비스의 PC Web, Mobile Web 품질 모니터링- 서비스 퀄리티 개선을 위한 지속 점검 및 이슈 보고- 스펙 분석 및 테스트 케이스 설계자격요건- 테스트 케이스 작성, 실행 경험 보유자- 꼼꼼한 성격과 능동적인 피드백 능력우대사항- 소프트웨어 테스트 경험자 우대- 프론트엔드 개발 …\n            더 보기\n            담당업무- 현재 서비스의 분석 및 운영 프로세스 확립- 자체 서비스의 PC Web, Mobile Web 품질 모니터링- 서비스 퀄리티 개선을 위한 지속 점검 및 이슈 보고- 스펙 분석 및 테스트 케이스 설계자격요건- 테스트 케이스 작성, 실행 경험 보유자- 꼼꼼한 성격과 능동적인 피드백 능력우대사항- 소프트웨어 테스트 경험자 우대- 프론트엔드 개발 경험자 우대\n\n            \n              \n                  \n                \n            \n          \n            \n              \n                  \n                \n            \n          "]}