{"url":"https://www.rocketpunch.com//jobs/69568/%EB%AF%B8%EA%B5%AD-%EC%9C%A0%EB%8B%88%EC%BD%98-%EA%B8%80%EB%A1%9C%EB%B2%8C-%EC%8A%A4%ED%83%80%ED%8A%B8%EC%97%85-%ED%95%9C%EA%B5%AD%EC%A7%80%EC%82%AC-UxUI-%EB%94%94%EC%9E%90%EC%9D%B8-Head","title":"미국 유니콘 글로벌 스타트업 한국지사 Ux/UI 디자인 Head","origin":"뤼드코리아","start_date":"  ","newbie":"경력","content":["\n        주요 업무\n        서비스의 웹사이트, 모바일 제품, 어노테이션 툴, 어노테이션 및 데이터 마켓플레이스 전반의 UI, IR 및  클라이언트 자료 등 대부분의 프로젝트 디자인 총괄\n      ","\n        업무 관련 기술 / 활동 분야\n        \n          UI/UX디자인\n          Sketch\n          zeplin\n          Framer\n          브랜드디자인\n          UI디자인\n          제품디자인\n        \n      ","\n        채용 상세\n        자격요건동질감에 대한 감사, 그리고 다름에 대한 존중의 태도를 가지신 분• 기업 미션에 깊이 공감하고, 뜨거운 열정을 지니신 분• 5년 이상의 제품 디자인, UI 디자인, 브랜 드 디자인 등의 경험을 가지신 분• Sketch, Zeplin, Adobe 제품군, Framer 등의 도구에 대한 이해와 이를 통한 제품제작 경험과 웹퍼블리싱이 가능한 분• 명확하고 효과적인 커뮤니케이션 스킬을 보유하신 분• 제품 관리자, 영업, 엔지니어링과 같은 다양한 교차  기능 팀과 긴밀히 협력하여 제품 디자인 전체의 사이클을 경험하신 분우대사항- 영어 커뮤니케이션 능력- 수상 경력혜택 및 복지- 파운딩 멤버로서의 스톡옵션- 탄력근무제 (자율출근제도로 본인이 스스로 정하는 업무시간)"]}