{"url":"https://www.rocketpunch.com//jobs/67790/%EC%A5%AC%EB%8B%88%EC%96%B4-%ED%94%84%EB%A1%A0%ED%8A%B8%EC%95%A4%EB%93%9C-%EA%B0%9C%EB%B0%9C%EC%9E%90%EB%A5%BC-%EC%B1%84%EC%9A%A9%ED%95%A9%EB%8B%88%EB%8B%A4","title":"쥬니어 프론트앤드 개발자를 채용합니다.","origin":"송아리아이티","start_date":"03/02 ","newbie":"경력","content":["\n        주요 업무\n                    • Songaree IT 신규서비스의 웹 프론트 개발• Songaree IT 신규서비스의 하이브리드 모바일 앱 개발• UX 디자이너 / 동료 개발자와 커뮤니케이션을 통한 주도적인 서비스 구현\n\n      ","\n        업무 관련 기술 / 활동 분야\n        \n          JavaScript\n          Front-end\n          ionic-framework\n          Javascript(ES6)\n          angular6\n          TypeScript\n          Ionic3\n          hybrid-mobile-app\n          Git\n          Back-end\n          Amazon AWS\n          Bootstrap\n        \n      ","\n        채용 상세\n                    [Songaree IT 소개]삶에서 중요하면서도 큰 부분을 차지하는 의료 분야에도 4차 산업혁명의 바람이 불어오고 있습니다. 송아리아이티는 의료기관에서 경험하는 불편함을 개선하고 환자와 의료진 모두에게 유용한 메디컬 솔루션을 만들고자 합니다. 의료 전문 Start-up 기업인 송아리아이티에서 함께할 동료를 모집합니다. 우리와 함께 성장하여 일과 삶의…\n            더 보기\n            [Songaree IT 소개]삶에서 중요하면서도 큰 부분을 차지하는 의료 분야에도 4차 산업혁명의 바람이 불어오고 있습니다. 송아리아이티는 의료기관에서 경험하는 불편함을 개선하고 환자와 의료진 모두에게 유용한 메디컬 솔루션을 만들고자 합니다. 의료 전문 Start-up 기업인 송아리아이티에서 함께할 동료를 모집합니다. 우리와 함께 성장하여 일과 삶의 균형을 맞춰갈 수 있는 인재분은 지원해주세요. 자신의 일을 사랑하고, 어떤 일이건 최선을 다하는 성격을 갖춘 인재면 좋겠습니다. [최고의 퍼포먼스를 위한 최적의 근무 환경]1) 주 40시간 유연근무제- 딱!딱!한 근무제가 아닌 효율적인 유연근무제를 실시하여 워∙라∙벨을 달성할 수 있습니다. ( 단, 스타트업에 맞게 집중력이 필요할 때는 다같이 목표를 향해 달리기도 한답니다~ )2) 수평적 커뮤니케이션- 존중과 신뢰를 바탕으로 직급과 관계없이 자유로운 의사소통이 이뤄지고 있습니다.3) 성장에 필요한 포션 제공- 직원들이 성장할 수 있도록 도서, 스터디 지원 등 성장에 필요한 포션들을 제공하고 있습니다.4) 불편하고 딱딱한 복장은 이제 그만!- 자유로운 출∙퇴근 복장으로 여러분의 개성을 뽐내보세요. 5) 믿고 함께 나갈 수 있는 구성원- 실제 의사분들로 구성된 경영진과 평균연령 30대 초반의 멋진 직원들과 함께 성공을 향해 도전 중 입니다.고용형태 • 정규직 ( 수습 3개월 )자격요건 • 경력 2년 이상 / 컴퓨터 관련 전공자 • 웹표준, 웹접근성, 웹반응형에 대한 이해가 있으신 분 • 자료구조 및 기초적인 알고리즘에 대한 이해와 논리적 사고력 • 새로운 것들을 빠르게 배우는 능력 • 깨끗한 코드를 만들기 위해 지속적으로 리팩토링하시는 분 • 능동적인 업무 수행과 협업을 중요하게 생각하시는 분우대사항 • Javascript ES 5/6 활용에 능숙하신 분  • Vue.JS, React, AngularJS 등 프레임워크 사용 경험 • Ionic3을 사용한 하이브리드앱 개발 경험이 있으신 분 • Typescript 개발 경험이 있으신 분 • Java, Spring Boot 개발 경험 혹은 MySql 사용 경험이 있으신 분 • 반응형 디자인, 웹접근성을 고려한 UI 개발 경험이 있으신 분 • 크로스브라우징, 멀티디바이스 대응 및 웹 최적화 경험이 있으신 분 • UI 테스트 자동화 경험 • UI 에서 필요로 하는 백엔드 API 를 직접 개발 할 수 있는 분혜택 및 복지• 급성장하는 스타트업의 초기 팀원이 되어볼 기회• 탄력근무제 가능( 하루 최소 4시간(11시~4시) 집중 근무제 (주 40시간)) ( 재택근무 불가 )• 자율 휴가 보장 (년 15일), 유연/자율 출근제• 개방적 커뮤니케이션 지향• 다과 및 스낵, 음료 제공급여• 연봉 3600만원 ~ 4000만원(협의후 결정)접수 방법• jay@songareeit.com 으로 메일 발송해 주십시오. 메일 보내실 때, 자유 양식의 채용 이력서 및 지원자의 포트폴리오를 첨부하여 보내주시기 바랍니다.채용 절차1. 서류 접수 (이력서, 포트폴리오)2. 기술면접 ( 대면 면접, Code Quality Check )3. 최종 면접 (임직원 면접)4. 합격자 선정 후 채용 ( 주민등록 초본, 월급 이체 통장 사본, 근로 계약서, 기밀 서약서 작성 )채용 관련 문의사항 연락처• jay@songareeit.com으로 문의하여 주십시오.Tech Stack• https://stackshare.io/songareeit\n"]}