{"url":"https://www.rocketpunch.com//jobs/69915/%ED%94%BC%ED%94%8C%ED%8C%80-HR%EB%A6%AC%ED%81%AC%EB%A3%A8%ED%84%B0","title":"피플팀 HR/리크루터","origin":"트렌비","start_date":"02/21 ","newbie":"경력","content":["\n        주요 업무\n        트렌비에서 리크루터를 모집합니다.\n      ","\n        업무 관련 기술 / 활동 분야\n        \n          인사\n          Recruting\n          채용\n          헤드헌팅\n          hr\n        \n      ","\n        채용 상세\n        담당업무- 채용공고 관리 (더팀스/로켓펀치/원티드)- 인터뷰 진행 및 1차 필터링- 리멤버/링크드인 등 인재서치- 인사 관리 및 상담- 피플팀 제너럴 서포팅 업무자격요건- HR / 리크루터 업무 최소 2년이상- 제안/인재서칭 경험우대사항- 스타트업 근무 경험자"]}