{"url":"https://www.rocketpunch.com//jobs/68448/Data-Scientist-%EB%8D%B0%EC%9D%B4%ED%84%B0-%EC%82%AC%EC%9D%B4%EC%96%B8%ED%8B%B0%EC%8A%A4%ED%8A%B8-Intern","title":"Data Scientist (데이터 사이언티스트) - Intern","origin":"하포 리서치 코리아","start_date":"02/24 ","newbie":"인턴","content":["\n        주요 업무\n                    DMC는 다양한 종류의 Data를 Prediction Model(예측 모델)에서 사용될 수 있도록 가공하고 연구합니다.  단순한 전처리(Preprocessing)작업뿐만 아니라, Data에 대한 심도 깊은 이해를 요구하며,  Data의 활용 가능성을 발굴하기 위한 연구를 합니다.\n\n      ","\n        업무 관련 기술 / 활동 분야\n        \n          C++\n          Python\n        \n      ","\n        채용 상세\n                    1. 담당업무- 금융 시장 예측과 관련한 데이터 연구- 금융 자산의 가격 정보, 재무상태표, 애널리스트 리포트, 뉴스와 소셜 미디어 등을 분석해 투자에 직접 활용할 수 있는 데이터 생산- 모델의 다양성을 높이기 위해 전통적인 금융 분야의 Data뿐만 아니라 비정형적인 Alternative Data를 활용하고, 이를 바탕으로 직접 연구/가공하여 더욱 …\n            더 보기\n            1. 담당업무- 금융 시장 예측과 관련한 데이터 연구- 금융 자산의 가격 정보, 재무상태표, 애널리스트 리포트, 뉴스와 소셜 미디어 등을 분석해 투자에 직접 활용할 수 있는 데이터 생산- 모델의 다양성을 높이기 위해 전통적인 금융 분야의 Data뿐만 아니라 비정형적인 Alternative Data를 활용하고, 이를 바탕으로 직접 연구/가공하여 더욱 가치 있는 Data를 자체적으로 생산 - 양질의  Data를 공급하는 전세계 Data Vendor들과 소통2. 근무환경- 독립적인 연구/개발 환경- 다양한 전공/배경의 구성원과 공동 연구를 통한 지식 습득- 공동 연구를 총괄하며 리더로서 성장 기회- 성과에 따른 금전적 보상 (수익에 기여한바에 따라 사전에 미리 약정된 비율로 성과 상여금을 지급)3. 자격조건- 6개월 Full Time 근무 가능하신 분- 4년제 대학 재학생/ 졸업생/ 혹은 이상의 학력* 관련전공: 컴퓨터공학, 계산과학, 수리학, 물리학, 통계학, 경제/경영학, 재무학, 기타 - Python이나 C++ 프로그래밍 개발 능력이 있거나 배울 의지가 있는 분4. 우대조건: - 딥러닝/머신 러닝, 자연어 처리, 패턴 인식, 데이터 마이닝 중 한 분야의 전문가- 데이터/통계 분석 툴에 익숙하신 분- 스스로 동기 부여하며 연구/개발을 진행할 수 있는 창의적이고 주도적인 분- 영어 실력이 좋으신 분 (필수사항 아님)5. 급여수준- 월 250만 원 (세전)6. 채용 과정- 1차: 서류전형, 국문 이력서(혹은 영문 이력서), 포트폴리오(선택사항)* 지원시 이력서 제목: Haafor_DMC_Intern_이름- 2차: 이메일 코딩 테스트 (약 2 차례)- 3차: 필기시험 및 1대1 면접- 4차: 최종 임원 면접* 기타 사항- 추가 이메일 테스트가 시행될 수 있습니다.- 인터뷰는 채용 스케줄에 따라 여러 차례 진행될 수 있습니다.- 채용 결과는 각 단계 합격자에 한해 개별 통지합니다.- 제출하신 서류는 일절 반환하지 않습니다- 문의: talent@haafor.com,+82 (0)2 6415 5700/5703- homepage: www.haafor.com\n"]}