{"url":"https://www.rocketpunch.com//jobs/68123/%EB%B0%B1%EC%97%94%EB%93%9C-%EA%B0%9C%EB%B0%9C%EC%9E%902%EB%85%84%EC%B0%A8-%EC%9D%B4%EC%83%81%EB%A5%BC-%EC%B0%BE%EC%95%84%EC%9A%94","title":"백엔드 개발자(2년차 이상)를 찾아요.","origin":"모딧","start_date":"03/03 ","newbie":"경력","content":["\n        주요 업무\n                    Java SpringBoot 기반의 Client 및 API 구현신규/기존 서비스 운영/유지보수기본적으로 신규 프로젝트(웹/앱 통합 플랫폼 서비스)에 투입되어 개발팀원들과 함께 신규 서비스를 만들어나가게 됩니다. 그와 더불어 기존 서비스의 운영/유지보수 이슈를 분담하여 처리하게 될 예정입니다.\n\n      ","\n        업무 관련 기술 / 활동 분야\n        \n          Java\n          spring-boot\n          JPA\n          MySQL\n          MariaDB\n          RDB/SQL\n          백엔드 기술 Java, Spring, Node.js, MySQL\n          웹 백엔드 개발(Java/Spring/Oracle/MySQL)\n          JavaScript\n        \n      ","\n        채용 상세\n                    담당업무-Java SpringBoot 기반의 Client 및 API 구현-신규/기존 서비스 운영/유지보수자격요건-Java, SpringBoot, JPA 환경에서 1년 이상의 경력이 있거나 그에 준하는 실력을 가지고 계신 분-mysql, MariaDB, RDBS에 능숙한 분-javascript를 경험해 본 분-원만한 커뮤니케이션 능력우대사항-Linux…\n            더 보기\n            담당업무-Java SpringBoot 기반의 Client 및 API 구현-신규/기존 서비스 운영/유지보수자격요건-Java, SpringBoot, JPA 환경에서 1년 이상의 경력이 있거나 그에 준하는 실력을 가지고 계신 분-mysql, MariaDB, RDBS에 능숙한 분-javascript를 경험해 본 분-원만한 커뮤니케이션 능력우대사항-Linux 경험자-새로운 모델과 패턴, 오픈소스 적용에 열정적인 분전형절차-서류검토 \u003e 기술인터뷰(전화, 약 15분 내외) \u003e 1:1인터뷰 \u003e 채용근무조건-수습기간 3개월(급여 100% 지급)근무환경-업무시간: 9시30분~18시30분-능동적이고 편안한 분위기근무 지역-역삼역(2호선)과 언주역(9호선) 중간 지점--역삼역 8번 출구에서 약 6분 소요--언주역 6번 출구에서 약 7분 소요대표 복지1. 공간에 알맞은 공기청정기 배치로 미세먼지에서 해방~2. 최소 8가지 이상의 간식과 커피머신, 얼음, 차 제공3. 매일 아침 만나는 간편한 식사4. 1년에 한 번, 국내/해외 맞춤형 휴가비 지급5. 1년에 두 번, 디지털노마드가 되는 특별한 한 주6. 생일을 맞은 구성원을 위한 간단한 파티와 특별 선물7. 매월 원하는 도서 구매\u0026공유8. 규정 내 제약 없는 자유로운 휴가 사용9. 매월 자사 서비스 이용 가능한 코인 지급\n\n            \n              \n                  \n                \n            \n          \n            \n              \n                  \n                \n            \n          \n            \n              \n                  \n                \n            \n          "]}