{"url":"https://www.rocketpunch.com//jobs/68384/%EC%BD%94%EC%9D%B8%EC%9B%90-%EC%9B%B9%EC%84%9C%EB%B9%84%EC%8A%A4-%EA%B8%B0%ED%9A%8D%EC%9E%90-%EB%AA%A8%EC%A7%91","title":"[코인원] 웹서비스 기획자 모집","origin":"코인원","start_date":"02/19 ","newbie":"경력","content":["\n        주요 업무\n                    •\t웹서비스의 기획 및 운영•\t사용성 분석을 통한 웹 UI/UX 화면기획•\t서비스 시나리오 기획/개선•\t최신 암호화폐거래소/블록체인 서비스 벤치마킹\n\n      ","\n        업무 관련 기술 / 활동 분야\n        \n          서비스 기획\n          웹서비스기획\n          UI/UX기획\n          블록체인\n        \n      ","\n        채용 상세\n                    [자격요건]•\t2년 이상 웹/모바일 서비스/화면 기획 경력•\t핀테크 서비스 기획 경험•\t블록체인 서비스에 대한 이해도•\t원활한 커뮤니케이션 스킬[우대사항]•\t금융관련 서비스 기획/업무 경험이 있으신 분•\t기존 금융 및 암호화폐 투자 경험이 있으신 분•\tAgile 프로젝트에 대한 경험이 있으신 분•\t웹분석 도구(Google Analytics) 및 데이…\n            더 보기\n            [자격요건]•\t2년 이상 웹/모바일 서비스/화면 기획 경력•\t핀테크 서비스 기획 경험•\t블록체인 서비스에 대한 이해도•\t원활한 커뮤니케이션 스킬[우대사항]•\t금융관련 서비스 기획/업무 경험이 있으신 분•\t기존 금융 및 암호화폐 투자 경험이 있으신 분•\tAgile 프로젝트에 대한 경험이 있으신 분•\t웹분석 도구(Google Analytics) 및 데이터 분석 도구 사용경험이 있으신 분•\t새로운 분야의 서비스기획에 열정을 갖고 도전하실 분•\t개발 프로세스에 대한 전반적인 이해가 높으신 분[채용과정]1. 실무자 인터뷰2. 대표 및 임원 인터뷰3. 피플팀과 연봉 및 처우 협의[복리후생]• Life    - 영양 간식 상시 운영    - 점심 및 저녁 식대 지원    - 입사 1년 이후 5일간의 리프레쉬휴가 추가 지원• Health    - 년1회 임직원 종합건강검진    - 인근 헬스장 비용 일부 지원• Education    - 도서비 및 사내 서재 지원    - 외부 교육비 일부 지원    - 수요 세미나 운영     - 무엇보다, 최고의 동료와 함께 성장할 수 있는 기회코인원은 블록체인을 기반으로 금융의 새로운 영역을 만들어 가고 있는 전문 기업입니다. 국내 최대규모 암호화폐 거래소인 코인원을 중심으로 해외 송금, 서버 엔진, 노드 운영 등의 블록체인 관련 금융 서비스영역에서 사업을 영위하고 있습니다. 블록체인 이라는 새로운 연결을 세상에 스며들게 한다는 미션 아래, 코인원은 암호화폐와 블록체인 업계를 선도하는 블록체인 기반 종합 금융사로 발돋움하기 위한 여정을 계속해 나가고 있습니다. [코인원에 대해 더 알고 싶으시다면]•\t코인원 홈페이지 https://coinonecorp.com/ •\t코인원 블로그 https://blog.naver.com/coinone_official •\t코인원기술블로그 https://medium.com/coinone-official/•\t코인원 페이스북 https://www.facebook.com/coinone/\n"]}