{"url":"https://www.rocketpunch.com//jobs/69867/%EC%98%81%EC%83%81%EB%B3%B4%EC%95%88%EC%86%94%EB%A3%A8%EC%85%98-%EB%B0%B1%EC%95%A4%EB%93%9C-%EA%B0%9C%EB%B0%9C","title":"영상보안솔루션, 백앤드 개발","origin":"Successkorea컨설팅","start_date":"02/28 ","newbie":"경력","content":["\n        주요 업무\n                    - 영상 보안 솔루션 Back-end 시스템 개발 및 운영- 미디어 서버 관련 시스템을 개발- 가상화 구축- 개발 환경 고도화\n\n      ","\n        업무 관련 기술 / 활동 분야\n        \n          C++\n          SQL\n          Docker\n        \n      ","\n        채용 상세\n                    담당업무- 영상 보안 솔루션 Back-end 시스템 개발 및 운영- 미디어 서버 관련 시스템을 개발- 가상화 구축- 개발 환경 고도화자격요건- 경력 3년 이상- 개발 환경 : Golang, C++, SQL, Docker 등우대사항- RTSP 관련 개발 경험- Concurrent 개발 경험- Kubernates 개발 경험- AWS 개발 경험\n            더 보기\n            담당업무- 영상 보안 솔루션 Back-end 시스템 개발 및 운영- 미디어 서버 관련 시스템을 개발- 가상화 구축- 개발 환경 고도화자격요건- 경력 3년 이상- 개발 환경 : Golang, C++, SQL, Docker 등우대사항- RTSP 관련 개발 경험- Concurrent 개발 경험- Kubernates 개발 경험- AWS 개발 경험\n"]}