{"url":"https://www.rocketpunch.com//jobs/70369/Full-stack-Lead-Developer-%EC%97%B0%EB%B4%89-7%EC%B2%9C%EB%A7%8C%EC%9B%901%EC%96%B52%EC%B2%9C%EB%A7%8C%EC%9B%90","title":"Full stack Lead Developer (연봉 7천만원~1억2천만원)","origin":"아웃라이어스","start_date":"02/24 ","newbie":"경력","content":["\n        주요 업무\n        저희는 프리미엄 SNS를 제작 및 유통하는 스타트업으로 현재 메인 앱은 개발이 완료되었고, 한국에서 앱의 유지 보수를 맡을 개발자를 찾고 있습니다.\n      ","\n        업무 관련 기술 / 활동 분야\n        \n          Android\n          iOS\n          Node.js\n          Amazon AWS\n          풀스택개발\n          Front-end\n          Back-end\n          React\n          서버관리\n          GitHub\n        \n      ","\n        채용 상세\n        담당업무- React Native 기반 MERN 스택 어플리케이션 개발팀을 리드- 서버 관리 및 API 개발-자격요건- Backend 개발 능력- Agile 및 Scrum 개발 프로세스에 능숙- Stack Overflow 참조가 가능할 정도로 영어가 능숙- React Native 개발 경력이 1년 이상- MERN 스택 개발 경력이 3년 이상- Redux, ServiceWorker, DNS 설정 (AWS, Route52) 경험- 서버 구성 및 보안 설정 경력 (AWS EC2/ S3)- Docker 등을 이용한 어플리케이션 배포 경력- 커뮤니케이션이 원활우대사항- 유명 앱 개발팀 소속 경험- Java 및 Swift 개발 경력- TensorFlow 개발 경력- 해외 유학 경험"]}