{"url":"https://www.rocketpunch.com//jobs/70372/400%EB%A7%8C%EC%9D%98-%EC%84%A0%ED%83%9D-%EB%8D%B0%EC%9D%B4%ED%8A%B8%ED%8C%9D-%EB%A1%9C%EC%BB%AC-%EC%A0%9C%ED%9C%B4-%EB%A7%A4%EB%8B%88%EC%A0%80-%EC%A0%95%EA%B7%9C%EC%A7%81-%EC%98%81%EC%97%85","title":"[400만의 선택 데이트팝] 로컬 제휴 매니저 정규직 (영업)","origin":"텐핑거스","start_date":"03/02 ","newbie":"신입경력","content":["\n        주요 업무\n        @로컬 광고의 새로운 가능성을 열어갈 필드 영업 전문가를 모집합니다!@WHO WE ARE: 데이트팝- 2030의 놀고 먹고를 책임지는 컨텐츠 서비스- 전국 350만 소상공인을 위한 마케팅 플랫폼- 전시, 공연, 레저 놀거리 커머스- 구글플레이/앱스토어 데이트코스 앱 1위- 누적 다운로드 400만+, 제휴점 2,000개+- 배달의민족, 삼성, LG, KAIST 출신의 능력 있는, 함께 일하고 싶은 동료- 누적 투자 유치 37억, 2020년 투자 유치 계획@WANTED: 로컬 제휴 정규직 매니저데이트팝 확장의 역사를 만들어가겠다는 꿈의 소유자!데이트팝이 로컬광고 시장에서 영향력을 키우고 있는 지금,거대한 확장을 함께 이끌고 싶은 꿈이 있는 분을 원합니다.유니크한 영업모델로 고소득을 올리는 영업 전문가!기존 로컬광고 시장에 없던 완성도 높은 영업 상품으로업계 최고의 보상과 성과를 이룰 수 있습니다.@데이트팝 영업이 좋은 이유?01 새로운 로컬 광고를 하는 회사텐핑거스는 로컬광고 시장에 없던 모델을 창조하여,2년 간 2,000여 개의 제휴점과 재계약률 80%의 성과를 달성하였습니다.02 LG전자, KAIST 출신 개발팀이 직접 개발한 자체 플랫폼네이버, 페이스북 등 외부 매체에 의존하지 않고자체 플랫폼인 데이트팝 앱/웹을 보유하고 있으며외부 환경에 영향 없이 안정적인 영업 활동이 가능합니다.03 스토리텔링형 컨텐츠 제작 전문가가 모인 회사네이버, 카카오, 피키캐스트 등 대형 매체와 컨텐츠 공식 제휴를 맺고 있는,모두가 인정한 전문가 제작 집단입니다.\n      ","\n        업무 관련 기술 / 활동 분야\n        \n          영업\n        \n      ","\n        채용 상세\n        담당업무- 신규 로컬 매장(음식점, 공방, 체험 등) 방문 미팅 및 제휴 계약- 제휴점 관리자격요건- '사업의 본질은 영업에서 시작한다'는 불꽃 같은 열정- 최고의 영업 팀장 밑에서 영업의 기본부터 제대로 배워보고 싶은 열정- 최고의 팀원들과 함께 본인의 역량을 마음껏 발휘해보고 싶은 도전 정신우대사항- 소셜커머스 영업, 블로그 체험단 영업 경험자- 컨텐츠 \u0026 SNS 마케팅에 관심이 많으신 분"]}