{"url":"https://www.rocketpunch.com//jobs/69295/AI-%EC%BB%A8%EC%84%A4%ED%84%B4%ED%8A%B8","title":"AI 컨설턴트","origin":"마인즈앤컴퍼니","start_date":"02/10 ","newbie":"신입경력","content":["\n        주요 업무\n                    담당업무• AI 혁신 전략 수립 (Tech Sensing, 조직 AI 진단, PC 기반 혁신 실행 지원 등)• AI 도입 ISP• 프로젝트 관리(PMO)\n\n      ","\n        업무 관련 기술 / 활동 분야\n        \n          ai\n          인공지능\n          deep-learning\n          머신러닝\n        \n      ","\n        채용 상세\n                    담당업무• AI 혁신 전략 수립 (Tech Sensing, 조직 AI 진단, PC 기반 혁신 실행 지원 등)• AI 도입 ISP• 프로젝트 관리(PMO)자격요건 •  애널리스트 - 사업/전략/IT 컨설턴트 경력 2년 이상  •  팀장 - 사업/전략/IT 컨설턴트 경력 5년 이상우대사항• AI 분야 기술에 대한 이해• IT 컨설팅 수행 경험\n            더 보기\n            담당업무• AI 혁신 전략 수립 (Tech Sensing, 조직 AI 진단, PC 기반 혁신 실행 지원 등)• AI 도입 ISP• 프로젝트 관리(PMO)자격요건 •  애널리스트 - 사업/전략/IT 컨설턴트 경력 2년 이상  •  팀장 - 사업/전략/IT 컨설턴트 경력 5년 이상우대사항• AI 분야 기술에 대한 이해• IT 컨설팅 수행 경험\n"]}