{"url":"https://programmers.co.kr/job_positions/1167","title":"Python 백엔드 개발자","origin":"올거나이즈코리아","start_date":"","newbie":false,"content":["기술 스택\nDocker Keras Python Django","업무 소개\n- 비즈니스 로직을 개발하고, 최적의 서버 아키텍쳐를 설계 및 구현합니다.\n\n- 백엔드 서버의 성능을 최적화합니다.\n- front-end engineer, product manage 와 긴밀하게 협력하여, 제품의 feature 를 개발하고, QA 및 배포합니다.\n- DB, Redis, Nginx 서버 등을 필요에 맞춰서 스케일링 하거나, 구조를 변경합니다.\n- 사내 엔지니어링에서 필요한 툴 (예. AI 트레이닝이 끝난 모델을 AI 에 서버에 배포, AI 의 incremental learning 을 Kubernetes Cronjob을 통하여 관리 등) 을 만들고 관리합니다.","자격 조건\n\n- Python과 Python Framework (Django / Flask 등)를 이용한 백엔드 서버 개발 경력 3년 이상\n- GCP/AWS 위에서 서버 관리를 해 본 경험이 있으신 분\n- web server 의 performance tuning 을 해 보신 경험이 있으신 분\n- 고객이 직접 사용하는 프러덕션 서비스의 back-end 개발 및 배포 경험이 있으신 분\n- 고객의 요구사항에 대해서 기민하게 반응하고, 디자이너, 기획자, 세일즈와 커뮤니케이션이 가능한 분\n- Readable 한 코드를 작성하시는 분\n- 백엔드의 코드 체인지가 고객에게 어떤 영향을 미치는지 고객 관점에서 생각하실 수 있는 분\n- 테스트 코드를 작성하는 습관이 있으신 분\n- Deep Learning 쪽을 배우고 싶은 열정이 있으신 분","우대 사항\n\n- 본인이 알고 있는 지식을 팀원과 공유하는데 적극적이신 분\n- 본인의 산출물을 영어로 발표하실 수 있으신 분. 혹은 그렇게 되기 위해서 노력하시는 분\n- Redis, Kafka 등 데이터 파이프라인 쪽 처리 경험이 있으신 분\n- Large scale web application 개발 경험이 있으신 분\n- Lean Startup 및 Growth Hacking 경험이 있으신 분\n- Google Analytics, Mailchimp, PhraseApp 등 3rd party service 와 integration 해 보신 경험이 있으신 분\n- Open Source 를 사용하시는 것에 열려있지만, 가져다 쓰시는 코드의 내부는 가급적 들여다 보시는 분\n- Agile process 에 익숙하신 분"]}