{"url":"https://programmers.co.kr/job_positions/1612","title":"React Native 모바일 개발자 (Android)","origin":"허니비즈","start_date":"","newbie":false,"content":["기술 스택\nJava React Native Android","업무 소개\n유저 모바일 앱, 상점 모바일 앱, 센터 모바일 앱 등 비즈니스에 필요한 앱들을 만듭니다.\n개발된 기능을 실제 필드 테스트를 통해 안정화하는 일도 합니다.\n새로운 기술 및 프레임워크 등의 연구를 장려하며, 실제 서비스에도 적용 할 수 있습니다.\n서비스 운영팀, 전략 기획팀, 디자인팀 등 다양한 팀과 협업하여 서비스 개발을 합니다.","자격 조건\nReact Native 에 대한 경험(필수)\n단순 코드 작성이 아닌, 문제 해결력\n유저 사고 중심의 개발 마인드\n객체 지향 언어(OOP)에 대한 이해\niOS 또는 Android에 대한 이해 및 경험\n깔끔한 코드를 추구하는 마인드\n다른 개발자들과의 팀웤 마인드","우대 사항\n모바일 네이티브 랭귀지(Objective C, Swift, Java)로 개발한 경험\n생활 문제에 대한 논리적 사고 방식\n꼼꼼함, 성실함, 책임감\n스타트업 창업 / 운영 경험\n온디맨드, O2O 서비스 개발 경험"]}