{"url":"https://www.rocketpunch.com//jobs/62135/%EB%B0%B1%EC%97%94%EB%93%9C-%EA%B0%9C%EB%B0%9C%EC%9E%90-%EA%B2%BD%EB%A0%A5-3%EB%85%84-%EC%9D%B4%EC%83%81","title":"백엔드 개발자 (경력 3년 이상)","origin":"다비오","start_date":"11/06 ","newbie":"경력","content":["\n        주요 업무\n                    - 웹서비스 Back-end 개발\n\n      ","\n        업무 관련 기술 / 활동 분야\n        \n          Java\n          Spring\n          Database\n        \n      ","\n        채용 상세\n                    담당업무- 웹서비스 Back-end 개발자격요건- 학력: 무관 - 경력: 경력 3년 이상- Java 모듈 사용 및 Spring 환경에서 개발 유경험자- DB 설계 및 활용 유경험자 - JPA 개발 유경험자- Git 사용 유경험자우대사항- MSA 개발 유경험자 - MongoDB, PostgreSQL 이용 유경험자- 실시간 대규모 트래픽 및 대용량 데이…\n            더 보기\n            담당업무- 웹서비스 Back-end 개발자격요건- 학력: 무관 - 경력: 경력 3년 이상- Java 모듈 사용 및 Spring 환경에서 개발 유경험자- DB 설계 및 활용 유경험자 - JPA 개발 유경험자- Git 사용 유경험자우대사항- MSA 개발 유경험자 - MongoDB, PostgreSQL 이용 유경험자- 실시간 대규모 트래픽 및 대용량 데이터 처리 가능자- 웹 Front-end 개발 능력 및 UI 관련 기본 지식 보유자\n"]}