{"url":"https://www.rocketpunch.com//jobs/64786/%EA%B0%9C%EB%B0%9C%EC%9E%90","title":"개발자","origin":"울타리스쿨","start_date":"11/15 ","newbie":"경력","content":["\n        주요 업무\n                    10년간의 오프라인 사업경험을 토대로 한 디지털화된 교육플랫폼를 구현하고자 현재 JABA,C# 개발자  및 경험있는 디자이너를 찾고 있습니다. 물론 교육플랫폼 개발,디자인 경험이 있는 개발자 및 디자이너분이어야 하며이분야는 공교육시스템을 알아야만 개발이 가능하기에 울타리스쿨과 함께 대한민국 공교육의 패러다임을 바꿀 능력있는 개발자 및 디자이너분들의 …\n            더 보기\n            10년간의 오프라인 사업경험을 토대로 한 디지털화된 교육플랫폼를 구현하고자 현재 JABA,C# 개발자  및 경험있는 디자이너를 찾고 있습니다. 물론 교육플랫폼 개발,디자인 경험이 있는 개발자 및 디자이너분이어야 하며이분야는 공교육시스템을 알아야만 개발이 가능하기에 울타리스쿨과 함께 대한민국 공교육의 패러다임을 바꿀 능력있는 개발자 및 디자이너분들의 지원바랍니다.\n\n      ","\n        업무 관련 기술 / 활동 분야\n        \n          웹디자인\n          모바일디자인\n          UI/UX디자인\n          Adobe Photoshop\n          Adobe Illustrator\n          Sketch\n          콘텐츠디자인\n          마케팅디자인\n        \n      ","\n        채용 상세\n                    담당업무- 웹,앱개발- 반응형 웹,앱디자인,GUI- 퍼블리싱- 포토샵,웹 앱 ui, ux자격요건- 경험있는우대사항- 회사인근거주자- 내근가능자지원- 이메일 : ulsedu@ultarischool.com\n"]}