{"url":"https://www.rocketpunch.com//jobs/65427/%EC%97%85%EA%B3%84-%EC%83%81%EC%9C%84-%EC%97%B0%EB%B4%89-%EB%B0%B1%EC%97%94%EB%93%9CBack-end-%EA%B0%9C%EB%B0%9C%EC%9E%90-%EB%AA%A8%EC%A7%91","title":"[업계 상위 연봉] 백엔드(Back-end) 개발자 모집","origin":"에스브이","start_date":"11/27 ","newbie":"신입경력","content":["\n        주요 업무\n                    Back-end\n\n      ","\n        업무 관련 기술 / 활동 분야\n        \n          database-programming\n          API\n          application-server\n          Git\n          project-settings\n          aws\n          Linux\n          RESTful-api\n          architecture\n          JSP\n          PHP\n        \n      ","\n        채용 상세\n                    [자격요건]- 2년 이상의 PC 혹은 Mobile Back-End 개발 경력- 구성/관리 자동화와 관련한 Database Programming 및 API 개발- Application Server를 위한 환경구성과 운영- Git 및 프로젝트 셋팅부터 배포 운영 경험- AWS 및 Linux Server에 대한 실무지식과 경험- 시스템 마이그레이션 경험-…\n            더 보기\n            [자격요건]- 2년 이상의 PC 혹은 Mobile Back-End 개발 경력- 구성/관리 자동화와 관련한 Database Programming 및 API 개발- Application Server를 위한 환경구성과 운영- Git 및 프로젝트 셋팅부터 배포 운영 경험- AWS 및 Linux Server에 대한 실무지식과 경험- 시스템 마이그레이션 경험- RESTful API 개발 경험[우대사항]- AWS 능숙- 아키텍쳐 구축 경험- AWS 등 클라우드를 이용한 글로벌 서비스 서버 개발- DB 설계 및 개발 경험- JSP, PHP 사용 가능\n"]}