{"url":"https://www.rocketpunch.com//jobs/59014/UIUX-%ED%94%84%EB%A1%A0%ED%8A%B8%EC%97%94%EB%93%9C-%EC%9B%B9-%EA%B0%9C%EB%B0%9C%EC%9E%90-%EB%AA%A8%EC%A7%91","title":"UI/UX 프론트엔드 웹 개발자 모집","origin":"쿼드마이너","start_date":"02/21 ","newbie":"경력","content":["\n        주요 업무\n                    차세대 NTA 솔루션, Network Blackbox의 화면을 개발합니다. Network Blackbox는 시간당 1억 세션 이상의 대용량 데이터를 다루고 있으므로, 모든 컴포넌트는 React로 구현되어 있으며, 비동기로 동작하고, 언제 실패할지 모르기 때문에 라이프 사이클 내에서 복잡한 예외처리를 하도록 구현되어 있습니다.네트워크 보안 솔루션 특유…\n            더 보기\n            차세대 NTA 솔루션, Network Blackbox의 화면을 개발합니다. Network Blackbox는 시간당 1억 세션 이상의 대용량 데이터를 다루고 있으므로, 모든 컴포넌트는 React로 구현되어 있으며, 비동기로 동작하고, 언제 실패할지 모르기 때문에 라이프 사이클 내에서 복잡한 예외처리를 하도록 구현되어 있습니다.네트워크 보안 솔루션 특유의 전문성 때문에, 사내에 기획자나 프로덕트 디자이너가 없습니다. 모든 화면은 개발자들이 토론하고 합의를 거쳐 화면을 만듭니다. 애정을 갖고 화면을 직접 디자인하고 구현할 수 있는 사람을 필요로 합니다.\n\n      ","\n        업무 관련 기술 / 활동 분야\n        \n          React\n          JavaScript\n          CSS3\n          scss\n          Git\n          Front-end\n          babel\n          webpack\n          UI/UX \n        \n      ","\n        채용 상세\n                    담당업무- React 기반의 프론트엔드 컴포넌트 개발- 솔루션의 전반적인 UI/UX 향상 업무- 프론트엔드 전반의 퍼포먼스 향상 업무자격요건- 컴퓨터 전산에 대한 기본 이해- HTML5, CSS3에 대한 이해- 버전관리 시스템(Git) 이해 및 사용법- JavaScript에 대한 이해 (스코프, 비동기)우대사항- 영어 능통자- SCSS, Gulp, …\n            더 보기\n            담당업무- React 기반의 프론트엔드 컴포넌트 개발- 솔루션의 전반적인 UI/UX 향상 업무- 프론트엔드 전반의 퍼포먼스 향상 업무자격요건- 컴퓨터 전산에 대한 기본 이해- HTML5, CSS3에 대한 이해- 버전관리 시스템(Git) 이해 및 사용법- JavaScript에 대한 이해 (스코프, 비동기)우대사항- 영어 능통자- SCSS, Gulp, Babel 등에 대한 이해- SPA(Single Page Application) 개발 경험자- 컴퓨터 네트워크(TCP/UDP 등)에 대한 이해- 네트워크 보안 솔루션 사용 경험자업무환경- 맥북프로 또는 그에 준하는 노트북/PC 지원 (지원자 마음대로 선택 가능)- 구글 G Suite 비즈니스 계정 지원- Slack, GitHub, Confluence 등등 다양한 커뮤니케이션 도구를 사용합니다.- 소프트웨어에 돈을 아끼지 않습니다 (가장 좋은 도구만 사용하여 개발합니다)- 시디즈 T40 정도의 편안한 의자- 과자, 음료수와 커피를 무제한 제공하고 있습니다.\n\n            \n              \n                  \n                  \n                \n            \n          \n            \n              \n                  \n                  \n                \n            \n          \n            \n              \n                  \n                  \n                \n            \n          "]}