{"url":"https://www.rocketpunch.com//jobs/64293/%EA%BF%88-%EB%A7%8E%EC%9D%80-Front-End-%EA%B2%BD%EB%A0%A5%EC%A7%81-%EA%B0%9C%EB%B0%9C%EC%9E%90-%EC%B1%84%EC%9A%A9","title":"꿈 많은 Front-End 경력직 개발자 채용","origin":"꿈많은청년들","start_date":"02/25 ","newbie":"경력","content":["\n        주요 업무\n                    Front-End Developer(경력직)[주요업무]꿈많은청년들이 개발하는 채팅 상담 솔루션에 대한 웹 페이지 개발실시간 채팅 서비스 웹 페이지 개발채팅 / 챗봇 관리 페이지 개발\n\n      ","\n        업무 관련 기술 / 활동 분야\n        \n          Front-end\n          JavaScript\n          CSS\n          HTML\n          HTML5\n          Git\n          CSS3\n          Ajax\n          jQuery\n          웹 프론트엔드 개발(HTML5/CSS3/JavaScript/Vue.js)\n          webpack\n          data-structures\n          React\n        \n      ","\n        채용 상세\n                    ****현재 채용 소개 이벤트 진행중!****꿈많은청년들에 적절한 인재를 추천 해주시면 100만원! 보상금을 드리고 있습니다~! 정보 확인 https://www.notion.so/dreamys/18966ccf2c514cab8b84bbf7c30c4cb7(주)꿈많은청년들 채용공고(주)꿈많은청년들은 챗봇/상담 솔루션을 기획하고 개발하는 테크-스타트업( T…\n            더 보기\n            ****현재 채용 소개 이벤트 진행중!****꿈많은청년들에 적절한 인재를 추천 해주시면 100만원! 보상금을 드리고 있습니다~! 정보 확인 https://www.notion.so/dreamys/18966ccf2c514cab8b84bbf7c30c4cb7(주)꿈많은청년들 채용공고(주)꿈많은청년들은 챗봇/상담 솔루션을 기획하고 개발하는 테크-스타트업( Tech-Startup )입니다.■ 대한민국 최고의 챗봇 스타트업입니다.2016년 저희가 챗봇을 만들기 시작한 이후로 많은 챗봇 스타트업들이 생겼습니다. 하지만, 그동안 가장 많은 다양한 챗봇을 만든 국내 회사는 꿈많은청년들이며, 한국의 챗봇 시장을 선도하는 기업으로 가장 인정받는 회사입니다.■ 카카오의 공식 챗봇 에이전시이며, 구글 클라우드 플랫폼의 한국 파트너사입니다.■ 현재는 채팅 상담 솔루션과 챗봇을 통합하는 작업을 진행중입니다.현재 개발팀을 계속 채용중입니다. 함께 새로운 도전을 하실 동료를 찾고 있습니다.업무 환경개발 환경 : iMac협업 도구 : Slack / G Suite Business / Notion채용 직무 상세정보주요업무● 꿈많은청년들이 개발하는 채팅 상담 솔루션에 대한 웹 페이지 개발● 실시간 채팅 서비스 웹 페이지 개발● 챗봇 관련 웹 페이지 개발자격요건● HTML / CSS / DOM 에 대한 이해● Javascript / Ajax / jQuery● React / Webpack 사용 능력● Javascript → 고급 필요● 초급 이상의 Data Structure 이해● REST API를 활용한 Front End 개발 능력* 기본적으로 저희 회사는 Javascript를 매우 많이 쓰기 때문에 Javascript에 대한 이해도가 높아야 합니다.꿈많은청년들이 사용하는 기술 (Tech)● ES 5 이상의 표준● websocket 을 이용한 실시간 채팅● Single Page Application● React / Webpack\n\n            \n              \n                  \n                \n            \n          \n            \n              \n                  \n                  \n                \n            \n          \n            \n              \n                  \n                \n            \n          "]}