{"url":"https://programmers.co.kr/job_positions/1281","title":"모바일게임 플랫폼 SDK 개발 (Android)","origin":"넷마블컴퍼니","start_date":"","newbie":false,"content":["기술 스택\nKotlin Java Android","업무 소개\n넷마블에서 퍼블리싱하는 게임들이 사용하는 플랫폼 서비스의 SDK 개발 (인증, 결제, 웹뷰, 로그, 채팅 등)\n게임 서비스와 유연하게 연동할 수 있는 클라이언트 아키텍처 설계","자격 조건\n2년 이상의 Android 프로그래밍 경험을 보유하신 분\nAndroid 기반 설계 및 개발 지식 보유하신 분\n원활한 커뮤니케이션과 협업 능력을 보유하신 분\n신규 기술트렌드에 지속적인 관심을 갖고 실무에 적절히 활용 가능 하신 분","우대 사항\nKotlin개발 경험\nSDK 개발경험\n상용 서비스 출시와 유지보수 경험 있으신 분\nUnity3D, Unreal 엔진 환경에서 Android framework 연동 경험"]}