{"url":"https://www.rocketpunch.com//jobs/69697/%EB%A7%88%EC%9D%8C%EC%9D%B4-%EB%94%B0%EB%93%AF%ED%95%9C-%EC%BB%A8%ED%85%90%EC%B8%A0-%EA%B8%B0%ED%9A%8D%EC%9E%90%EB%A5%BC-%EC%B0%BE%EC%8A%B5%EB%8B%88%EB%8B%A4","title":"마음이 따듯한, 컨텐츠 기획자를 찾습니다.","origin":"소우연","start_date":"02/19 ","newbie":"인턴신입경력","content":["\n        주요 업무\n                    [간단한 소개]혹시, 일도 놀이처럼 즐거울 수 있다고 생각하시나요?에너지가 넘치지만! 은근 소심해 서로를 배려하고. 자기 일만큼은  뚝딱 뚝딱 몰아치는 사람들이 모인,2년차 스타트 업입니다. 저희와 같은 결을 갖고 있는 컨텐츠 기획자를 찾고 있습니다. [업무]브랜드 커뮤니티 운영을 위한 컨텐츠를 제작 하게 됩니다.커뮤니티 운영 목적은: 기존 구매 고…\n            더 보기\n            [간단한 소개]혹시, 일도 놀이처럼 즐거울 수 있다고 생각하시나요?에너지가 넘치지만! 은근 소심해 서로를 배려하고. 자기 일만큼은  뚝딱 뚝딱 몰아치는 사람들이 모인,2년차 스타트 업입니다. 저희와 같은 결을 갖고 있는 컨텐츠 기획자를 찾고 있습니다. [업무]브랜드 커뮤니티 운영을 위한 컨텐츠를 제작 하게 됩니다.커뮤니티 운영 목적은: 기존 구매 고객들과의 관계 강화 입니다. 마케팅, 영업, 담당자와과 유기적으로 소통하며 주제를 선정하고,  발행한 컨텐츠 성과를 측정해, 디벨롭 하는 형식의 업무가 될 예정입니다. 사용자의 마음을 깊이 공감하는 따듯한 마음과, 회고를 통해 하나씩 발전시키는 일의 형태를 좋아하는 분이면 꼭 맞을 것 같습니다^^\n\n      ","\n        업무 관련 기술 / 활동 분야\n        \n          컨텐츠마케팅\n          카피라이팅\n          콘텐츠 제작/기획\n        \n      ","\n        채용 상세\n                    [담당업무] '획득 고객들의 커뮤니티에 올라갈 컨텐츠 제작, 및 관리'  - 브랜드 이름 : 소우연   - 카테고리 : Y존 앰플(여성 청결제)  - 타겟 :  50~60 여성 소비자  [자격요건]신입, 경력 모두 가능- 고객 보다, 동료의 소중함을 아는 분- 한 분야를 깊이 파며, 즐거움을 느낄 줄 아는 분- 빠르게 실행하고, 고쳐나갈 수 있는 에…\n            더 보기\n            [담당업무] '획득 고객들의 커뮤니티에 올라갈 컨텐츠 제작, 및 관리'  - 브랜드 이름 : 소우연   - 카테고리 : Y존 앰플(여성 청결제)  - 타겟 :  50~60 여성 소비자  [자격요건]신입, 경력 모두 가능- 고객 보다, 동료의 소중함을 아는 분- 한 분야를 깊이 파며, 즐거움을 느낄 줄 아는 분- 빠르게 실행하고, 고쳐나갈 수 있는 에너지가 있는 분[ 우대사항]- 스토리 텔링 능력- 카피 라이팅- 컨텐츠 기회 유경험자*조금이라도 궁금한점이 있으면, 우선 메일 주세요. 기다릴게요~^^*email: ceo@sowooyeon.com\n"]}