{"url":"https://www.rocketpunch.com//jobs/53750/%EB%B8%8C%EB%9E%9C%EB%94%94-%EB%8D%B0%EC%9D%B4%ED%84%B0-%EC%97%94%EC%A7%80%EB%8B%88%EC%96%B4-AWS-%EC%86%94%EB%A3%A8%EC%85%98-%EC%95%84%ED%82%A4%ED%85%8D%ED%8A%B8","title":"[브랜디] 데이터 엔지니어, AWS 솔루션 아키텍트","origin":"브랜디","start_date":"02/05 ","newbie":"경력","content":["\n        주요 업무\n                    상세 내용 참조\n\n      ","\n        업무 관련 기술 / 활동 분야\n        \n          devops\n          Amazon AWS\n        \n      ","\n        채용 상세\n                    상세 내용 참조\n\n            \n              \n                  \n                \n            \n          "]}