{"url":"https://www.rocketpunch.com//jobs/65128/%EC%BC%80%EC%9D%B4%EC%97%94%ED%81%90%EB%A0%88%EC%9D%B4%EC%85%98-%EC%8B%A0%EC%9E%85%EC%82%AC%EC%9B%90-%EA%B3%B5%EA%B0%9C%EC%B1%84%EC%9A%A9%EA%B8%B0%ED%9A%8D","title":"케이엔큐레이션 신입사원 공개채용(기획)","origin":"케이엔큐레이션 주식회사","start_date":"11/06 ","newbie":"인턴신입","content":["\n        주요 업무\n                    케이엔큐레이션 주식회사는 명확한 비전을 가지고 열정적으로 업무하는 안드로이드/iOS 앱 개발 전문 법인회사입니다. 다수의 앱 개발 프로젝트를 성공적으로 수행함은 물론이고 클라이언트의 비즈니스를 기획하고 발전할 수 있도록 비즈니스를 제공하고 있는 케이엔큐레이션 주식회사와 함께할 신입사원 및 웹, 모바일 기획자를 모집하오니 많은 분들의 참여 바랍니다.\n\n      ","\n        업무 관련 기술 / 활동 분야\n        \n          모바일 앱 기획\n          앱 기획\n          모바일기획\n          모바일서비스기획\n          기획\n          PM\n          웹서비스기획\n          프로젝트 매니저\n          웹/앱기획\n          웹기획\n          모바일기획\n          서비스기획자\n          UI/UX기획\n          웹서비스기획\n          서비스기획\n          웹기획자\n        \n      ","\n        채용 상세\n                    담당업무-웹, 모바일 기획-UI / UX 기획 및 서비스 시나리오 기획 등-User / Trend 분석 기반 서비스 기획-Web / Mobile 환경 기반 UI / UX 설계자격요건-학력 : 무관-성별 : 무관-연령 : 무관우대사항-원활한 의사소통 스킬 보유자-함께 성장할 강한 열망을 가지신 분-센스 있고 책임감 강하신분근무 조건-근무형태: 정규직 …\n            더 보기\n            담당업무-웹, 모바일 기획-UI / UX 기획 및 서비스 시나리오 기획 등-User / Trend 분석 기반 서비스 기획-Web / Mobile 환경 기반 UI / UX 설계자격요건-학력 : 무관-성별 : 무관-연령 : 무관우대사항-원활한 의사소통 스킬 보유자-함께 성장할 강한 열망을 가지신 분-센스 있고 책임감 강하신분근무 조건-근무형태: 정규직 ( 수습 : 3개월 )-근무지: 서울 성동구 성수역 1번 출구 80m-근무요일: 주 5일-근무시간: 08시 30분 ~ 17시 30분-급여: 회사내규에 따름 ( 면접 후 결정 )전형절차 -서류전형 → 면접 → 최종합격\n\n            \n              \n                  \n                \n            \n          "]}