{"url":"https://www.rocketpunch.com//jobs/58948/3%EC%9B%94-31%EC%9D%BC-%EB%A7%88%EA%B0%90-%EB%B8%8C%EB%9E%9C%EB%93%9C-%EB%A7%A4%EB%8B%88%EC%A0%80","title":"[3월 31일 마감] 브랜드 매니저","origin":"리톨로지","start_date":"  ","newbie":"경력","content":["\n        주요 업무\n                    리톨로지는 re(재생)+tology(학문)의 합성어로, 바이오 원천기술을 이용한 홈케어 제품을 연구하는 브랜드입니다. 리톨로지에서는 2019년을 시작으로, 와디즈 역대 뷰티 1위, 카카오메이커스 연속 완판, 사용자 만족도 97%의 재생 크림, 리톤72를 판매하고 있습니다. 오직 후기로 완성도를 말하는 리톤72는, 과연 어떻게 탄생했을까요? - 와디즈…\n            더 보기\n            리톨로지는 re(재생)+tology(학문)의 합성어로, 바이오 원천기술을 이용한 홈케어 제품을 연구하는 브랜드입니다. 리톨로지에서는 2019년을 시작으로, 와디즈 역대 뷰티 1위, 카카오메이커스 연속 완판, 사용자 만족도 97%의 재생 크림, 리톤72를 판매하고 있습니다. 오직 후기로 완성도를 말하는 리톤72는, 과연 어떻게 탄생했을까요? - 와디즈 역대 뷰티 1위: https://www.wadiz.kr/web/campaign/detail/29134- 카카오메이커스 연속 완판: https://makers.kakao.com/item/1081316- 사용자 만족도 97%: https://www.retology.com/?idx=6철저히 소비자의 마음으로 만든 리톤72를 이은, 다음 신제품을 리딩할 수 있는 팀원을 찾고 있습니다!1. 리톤72와 같은 깐깐하고 훌륭한 제품을 A부터 Z까지 직접 만드는 팀에서2. 물론 대기업 이상의 연봉과 스톡 옵션으로 업계 최고의 대우를 받으며 + 강남역 최중심으로와3. 평균 연령 28세(대표 제욐ㅋㅋ)의 기름기 쫙 뺀, 기깔나는 프로들과 함께 일해볼래요?리톨로지에서 일한다는건 어떤 걸까요?- 리모트 근무는 실화고, 사무실은 먹는것 0편: https://bit.ly/2kZpOgu- 솔직히 회사 워크숍. 왜 가는거지?: https://bit.ly/323maqe- 삼성에서의 퇴사는, 좋았어요: https://bit.ly/2kZpOgu- 5년차 UXUI 디자이너가 경험한 대기업, 그리고 스타트업: https://bit.ly/2kZpOgu- 출근시간이 11시반인데 왜 늦죠?: https://bit.ly/2kZpOgu- 기획자・디자이너를 위한 넓고 얕은 개발 지식 #0: https://bit.ly/2UxUYLn\n\n      ","\n        업무 관련 기술 / 활동 분야\n        \n          사업기획\n          사업전략\n          신사업 기획\n          사업개발\n          신사업개발\n          제품기획\n          신제품개발\n        \n      ","\n        채용 상세\n                    담당업무- 신사업 아이템 발굴 및 구체화- A-Z 제품 기획 및 실행- 마케팅 전략 실행 기획 및 수립자격요건- 경력 1-3년차 또는 그에 준하는 실력- 시장 및 고객 니즈 분석력- 상품화에 대한 실행력- 브랜드 전략, 광고, 프로모션 등 브랜드 개발 및 관리 능력- 파트너사 및 협력 팀원들과의 커뮤니케이션 능력우대사항- 뷰티 콘텐츠 및 SNS 온라…\n            더 보기\n            담당업무- 신사업 아이템 발굴 및 구체화- A-Z 제품 기획 및 실행- 마케팅 전략 실행 기획 및 수립자격요건- 경력 1-3년차 또는 그에 준하는 실력- 시장 및 고객 니즈 분석력- 상품화에 대한 실행력- 브랜드 전략, 광고, 프로모션 등 브랜드 개발 및 관리 능력- 파트너사 및 협력 팀원들과의 커뮤니케이션 능력우대사항- 뷰티 콘텐츠 및 SNS 온라인 쇼핑에 대한 관심- 온/오프라인 커머스에 대한 이해도근무 조건 및 환경- 근무형태: 정규직 (수습기간 3개월)- 근무지역: 서울 서초구- 급여: 면접 후 결정 (업계 최고 대우)지원 절차- 1차 서류전형 \u003e 2차 실무자 면접 \u003e 3차 경영진 면접 \u003e 온보딩(3개월) \u003e 최종 합격\n"]}