{"url":"https://www.rocketpunch.com//jobs/67837/%EB%A8%B8%EC%8B%A0%EB%9F%AC%EB%8B%9D-%EB%8D%B0%EC%9D%B4%ED%84%B0%EB%A7%88%EC%9D%B4%EB%8B%9D-%EB%8B%B4%EB%8B%B9-%EC%A7%81%EC%9B%90","title":"머신러닝 / 데이터마이닝 담당 직원","origin":"필로우스튜디오","start_date":"01/07 ","newbie":"경력","content":["\n        주요 업무\n        - 건설 데이터를 활용하여 사고사례 분석 및 사고분류, 위험 수준 예측 모델 개발 등 데이터마이닝 기반의 건설 비용, 안전 분석 모델 개발- 광고 데이터를 활용하여 데이터 마케팅 솔루션 모델 개발\n      ","\n        업무 관련 기술 / 활동 분야\n        \n          TensorFlow\n          machine-learning\n          keras\n          artificial-intelligence\n          기계학습\n          NLP\n          딥러닝\n          deep-learning\n          image-recognition\n        \n      ","\n        채용 상세\n        필로우스튜디오에서 솔루션 개발을 위해 아래와 같이 직원을 채용합니다.1. 모집인원 : 0명2. 자격 - 학사학위 이상 소지자 - 석사학위 이상 소지자 우대 - 데이터마이닝/머신러닝 관련 프로젝트 진행 경험자3. 제출서류 (※제출서류를 반환하지 않음) - 이력서 (사진부착) 1부 (자유양식) - 자기소개서 1부 (자유양식) - 졸업(예정)증명서 및 성적증명서 각 1부 - 자격증 사본 1부 (소지자에 한함) - 경력증명서 1부 (소지자에 한함) 4. 제출기간 - 2019. 1. 8. (수) ~ 모집 마감시까지  - 접수가능시간: 상관 없음5. 제출방법 - 메일 제출    stevenahn@pillowstudio.kr 6. 보수액 : 내규에 따름, 석사학위 이상 소지자 우대- 학사학위 이상 소지자: 연봉 2,600만원 + α (경력 및 포트폴리오에 따라 다름) - 석사학위 이상 소지자: 연봉 3,400만원 + α (경력 및 포트폴리오에 따라 다름)  * 정확한 월 급여는 논의 후 결정할 예정입니다.8. 전형방법 - 1차 : 서류전형 (심사 후 개별 통보) - 2차 : 면접전형 (실시 후 최종합격자 개별 통보)9. 업무 내용 - 건설 데이터를 활용하여 사고사례 분석 및 사고분류, 위험 수준 예측 모델 개발 등 데이터마이닝 기반의 건설 비용, 안전 분석 모델 개발- 광고 데이터를 활용하여 데이터 마케팅 솔루션 모델 개발10. 업무 위치 - 대구 본사: 대구광역시 북구 대현로 86 2층11. 문의 - 사무실 : 053)939-4991- 메일 : 안창섭 대표: stevenahn@pillowstudio.kr- 전화 : 안창섭 대표: 010-6721-351712. 이 공고에 명시되지 않은 사항은 본사에서 정하는 기준에 따름."]}