{"url":"https://www.rocketpunch.com//jobs/68939/%EC%9B%B9-%EA%B0%9C%EB%B0%9C%EC%9E%90%EB%B6%84-%EC%A0%95%EC%A4%91%ED%9E%88-%EB%AA%A8%EC%8B%AD%EB%8B%88%EB%8B%A4","title":"웹 개발자분 정중히 모십니다.","origin":"(주)보라공사","start_date":"02/21 ","newbie":"경력","content":["\n        주요 업무\n                    고객과 공사업체를 연결시켜주고, 필요한 부분은 개입하는 공사 플랫폼으로,초기 웹 개발자분을 구하고 있습니다.검증된 BM과 다양한 가능성을 높이 평가 받고 있는, 장래가 기대되는 공사 플랫폼으로,건축경력30년의 APEC건축사가 대표입니다.우리가 가장 중요하게 인식한 점은 건설,건축 산업에 혁신이 절실히 필요하다는 것입니다.이제 같이 초기에 만들어갈 플…\n            더 보기\n            고객과 공사업체를 연결시켜주고, 필요한 부분은 개입하는 공사 플랫폼으로,초기 웹 개발자분을 구하고 있습니다.검증된 BM과 다양한 가능성을 높이 평가 받고 있는, 장래가 기대되는 공사 플랫폼으로,건축경력30년의 APEC건축사가 대표입니다.우리가 가장 중요하게 인식한 점은 건설,건축 산업에 혁신이 절실히 필요하다는 것입니다.이제 같이 초기에 만들어갈 플랫폼에 좋은 분들이 함께하길 기대하고 있습니다.\n\n      ","\n        업무 관련 기술 / 활동 분야\n        \n          aws\n          Git\n          Azure\n          IDC\n          JIRA\n          Redmine\n          웹서비스\n          웹 개발\n        \n      ","\n        채용 상세\n                    담당업무-개발언어 선정 및 서비스 인프라 선정-신규 서비스 개발-서비스 운영 개발자격요건-3년차 이상 경력자-AWS, Azure, IDC 등 서비스 인프라 전반 지식을 가지고 계신분-Jira, Redmine 등 프로젝트 관리 툴 셋팅/사용 경험 있으신분-형상관리 시스템(GIT) 사용 경험이 있으신분우대사항-비개발자와 커뮤니케이션이 능숙하신분--\n            더 보기\n            담당업무-개발언어 선정 및 서비스 인프라 선정-신규 서비스 개발-서비스 운영 개발자격요건-3년차 이상 경력자-AWS, Azure, IDC 등 서비스 인프라 전반 지식을 가지고 계신분-Jira, Redmine 등 프로젝트 관리 툴 셋팅/사용 경험 있으신분-형상관리 시스템(GIT) 사용 경험이 있으신분우대사항-비개발자와 커뮤니케이션이 능숙하신분--\n"]}