{"url":"https://www.rocketpunch.com//jobs/67928/%EB%B3%B8%EC%82%AC2020%EB%85%84-2%EA%B8%B0-%EB%B8%8C%EB%9E%9C%EB%93%9C%EB%A7%A4%EB%8B%88%EC%A0%80-%ED%8A%B9%EB%B3%84%EC%B1%84%EC%9A%A9","title":"[본사]2020년 2기 브랜드매니저 특별채용","origin":"(주)더메인즈","start_date":"03/02 ","newbie":"인턴신입경력","content":["\n        주요 업무\n                    주요 업무컨시어지매니저- 멤버십 컨설팅- 고객 CS업무처리- 컨시어시 서비스 제공- 행사 및 파티 기획, 연출조직관리자- 신입 교육 및 관리자 육성- 본사 매출증대 관리- 행사기획 \u0026 연출 \u0026 운영관리- 웨딩,미팅\u0026파티,ETC.. 행사 기획 및 연출, 진행\n            더 보기\n            주요 업무컨시어지매니저- 멤버십 컨설팅- 고객 CS업무처리- 컨시어시 서비스 제공- 행사 및 파티 기획, 연출조직관리자- 신입 교육 및 관리자 육성- 본사 매출증대 관리- 행사기획 \u0026 연출 \u0026 운영관리- 웨딩,미팅\u0026파티,ETC.. 행사 기획 및 연출, 진행\n\n      ","\n        업무 관련 기술 / 활동 분야\n        \n          제휴마케팅\n          온라인마케팅\n          브랜드마케팅\n          행사기획\n          행사진행\n          B2B 제휴 및 상품개발\n          웨딩플래너\n          커플매니저\n          이벤트기획\n          조직관리\n          미팅\u0026파티\n          멤버십\n          바이럴마케팅\n        \n      ","\n        채용 상세\n                    채용 상세담당업무- 멤버십 마케팅- 외부 기업 제휴 마케팅- 기획형 이벤트- 멤버십 고객관리- 교육관리 및 인재육성- 행사 기획 및 연출, 진행자격요건- 기본 예의, 근태 성실한 자- 활발하고 매사에 긍정적인 자- 도전적이며 성장을 원하는 자 - 성공에 대한 비전을 꿈꾸는 자우대사항- 인근 거주자- 사업에 대한 꿈과 희망이 있는자- 비전과 꿈의 청사…\n            더 보기\n            채용 상세담당업무- 멤버십 마케팅- 외부 기업 제휴 마케팅- 기획형 이벤트- 멤버십 고객관리- 교육관리 및 인재육성- 행사 기획 및 연출, 진행자격요건- 기본 예의, 근태 성실한 자- 활발하고 매사에 긍정적인 자- 도전적이며 성장을 원하는 자 - 성공에 대한 비전을 꿈꾸는 자우대사항- 인근 거주자- 사업에 대한 꿈과 희망이 있는자- 비전과 꿈의 청사진이 있는자- 자기 개발 할줄아는 자 - 승진 욕심이 있는 자*입사 지원 시 서류 확인 후 별도 연락드립니다.\n\n            \n              \n                  \n                \n            \n          \n            \n              \n                  \n                \n            \n          \n            \n              \n                  \n                \n            \n          "]}