{"url":"https://www.rocketpunch.com//jobs/69851/%EB%B0%B1%EC%97%94%EB%93%9C-%EA%B0%9C%EB%B0%9C%EC%9E%90","title":"백엔드 개발자","origin":"메디스트림","start_date":"02/26 ","newbie":"신입경력","content":["\n        주요 업무\n                    - 백오피스 개발- 통계 시스템 계발- API 연동 매쉬업 개발 (자동화/생산성 툴)- 선행기술 연구입사하시면, 커뮤니티 플랫폼 개발, 커머스 자체 솔루션 구축, 상담형 광고 시스템, CRM 시스템, 광고 지급결제 시스템 구축, PB 상품 개발까지 함께 구축해나갈 수 있습니다. 저희는 사용자 고민을 해결해나가고 싶은 욕심이 매우 크고, 공급자, 플랫…\n            더 보기\n            - 백오피스 개발- 통계 시스템 계발- API 연동 매쉬업 개발 (자동화/생산성 툴)- 선행기술 연구입사하시면, 커뮤니티 플랫폼 개발, 커머스 자체 솔루션 구축, 상담형 광고 시스템, CRM 시스템, 광고 지급결제 시스템 구축, PB 상품 개발까지 함께 구축해나갈 수 있습니다. 저희는 사용자 고민을 해결해나가고 싶은 욕심이 매우 크고, 공급자, 플랫폼, 사용자 선순환 구조를 더욱 더 크게 만들어가는데 관심이 많습니다.\n\n      ","\n        업무 관련 기술 / 활동 분야\n        \n          Python\n          Java\n          Node.js\n          MySQL\n          MongoDB\n          Amazon AWS\n          Redis\n        \n      ","\n        채용 상세\n                    [자격요건]- 웹 기술 전반에 대한 이해- 2년 이상의 실무 협업 경험 필요- 영문 개발 문서 독해력[우대사항]아래 항목에 대한 이해 혹은 활용경험- Python 웹 서비스 개발 (Django)- Java 웹 서비스 개발 (Spring)- Docker 컨테이너- Google Apps Scripts 를 활용한 자동화 툴 개발- MySQL, MongoD…\n            더 보기\n            [자격요건]- 웹 기술 전반에 대한 이해- 2년 이상의 실무 협업 경험 필요- 영문 개발 문서 독해력[우대사항]아래 항목에 대한 이해 혹은 활용경험- Python 웹 서비스 개발 (Django)- Java 웹 서비스 개발 (Spring)- Docker 컨테이너- Google Apps Scripts 를 활용한 자동화 툴 개발- MySQL, MongoDB, Elasticsearch, Google Analytics 기반 데이터 마이닝- D3.js, Chart.js, Google Charts 등 차트라이브러리 활용 통계 서비스 개발- 간단한 영상 제작 툴 활용 및 FFmpeg 등 영상처리 기술- 협업도구 (Jira, Confluence, Slack)[전형별 결과는 5일 이내에 안내 드립니다.]서류전형 → 1차 (실무진 면접) → 2차 (경영진 면접) → 처우협의 → 입사지원서류(이력서, 포트폴리오)는 PDF로 하나의 파일로 통합하여 업로드 해주시기 바랍니다.[필수] 참여했던 프로젝트 설명 위주의 경력기술서 1부[선택] Github, Gists 등 오픈소스 활동이 있다면 추가 기재[근무환경]근로관계: 정규직(수습 3개월)• 근무지: 서울시 강남구 테헤란로 427 B1 Wework Labs• 근무시간: 9:00 - 18:00 *협의하에 조정됩니다.• 점심맛집 투어• 인센티브 제공 (상반기/하반기)• 원격근무 인정제도• 도서 구입 지원• 수요미식회 (월 1회)• 협력 병원 의료비 할인• 명절, 연말 상품권 지급• 파트너사 구매할인• 4대보험 및 퇴직금 지급, 표준 근로계약서 기반의 연차휴가\n\n            \n              \n                  \n                \n            \n          \n            \n              \n                  \n                \n            \n          \n            \n              \n                  \n+2                \n            \n          \n            \n              \n                  \n                \n            \n          \n            \n              \n                  \n                \n            \n          "]}