{"url":"https://www.rocketpunch.com//jobs/67798/%ED%82%A4%EC%A6%88%ED%8C%A9%ED%86%A0%EB%A6%AC-%EC%8B%A0%EC%9E%85-%EC%9B%B9-%ED%94%84%EB%A1%A0%ED%8A%B8%EC%97%94%EB%93%9C-%ED%92%80%EC%8A%A4%ED%83%9D-%EA%B0%9C%EB%B0%9C%EC%9E%90-%EB%AA%A8%EC%A7%91","title":"[키즈팩토리] 신입 웹 프론트엔드, 풀스택 개발자 모집","origin":"키즈팩토리","start_date":"02/14 ","newbie":"신입","content":["\n        주요 업무\n                    React.js기반의 웹 프론트엔드 개발 및 풀스택 개발을 원하는 신입 개발자를 모집합니다.저희 키즈팩토리는 키즈카페에서 사용하는 고객관리 시스템을 개발하여 운영중에 있습니다.학력과 경력 상관없이 적극적이고 새로운 기술에 대한 유연한 마인드, 원할한 커뮤니케이션을 중시합니다.\n\n      ","\n        업무 관련 기술 / 활동 분야\n        \n          풀스택개발\n          Node.js\n          Amazon AWS\n          Front-end\n          Back-end\n          Git\n          JavaScript\n          SQL\n          react-native\n          React.js\n          gatsbyjs\n          ExpressJS\n          npm\n          devops\n          ecmascript\n        \n      ","\n        채용 상세\n                    담당업무- 웹 프론트엔드- 풀스택 개발자격요건+ ECMAScript 2015에 대한 이해도+ SPA 개발 경험+ 모듈 번들러를 이용한 번들링 경험+ 자료구조, 알고리즘 및 객체지향 개발에 대한 지식과 사용 경험+ 문제의 본질을 파악하고 트러블 슈팅이 가능한 문제 해결 능력+ 다양한 직군(기획, 디자인, 사업)과의 원활한 커뮤니케이션 스킬우대사항+ R…\n            더 보기\n            담당업무- 웹 프론트엔드- 풀스택 개발자격요건+ ECMAScript 2015에 대한 이해도+ SPA 개발 경험+ 모듈 번들러를 이용한 번들링 경험+ 자료구조, 알고리즘 및 객체지향 개발에 대한 지식과 사용 경험+ 문제의 본질을 파악하고 트러블 슈팅이 가능한 문제 해결 능력+ 다양한 직군(기획, 디자인, 사업)과의 원활한 커뮤니케이션 스킬우대사항+ React.js 개발 경험+ Node.js 개발 경험+ AWS 인프라 서비스 운영 경험+ 데이터베이스 모델링 경험+ 웹소켓 개발 경험+ 프론트엔드 메모리 및 성능 최적화 작업 경험+ 다양한 기술 분야에 대한 관심과 경험+ 새로운 기술, 개발 패러다임을 적용하는데 적극적인 마인드+ 라이브 서비스 경험\n"]}