{"url":"https://www.rocketpunch.com//jobs/65541/DB-%EC%97%94%EC%A7%80%EB%8B%88%EC%96%B4-DBA","title":"DB 엔지니어 (DBA)","origin":"티몬","start_date":"11/12 ","newbie":"경력","content":["\n        주요 업무\n                    1. DB 분석/설계, 구축, 튜닝, 백업/복구 2. DB 모니터링, 장애대응 등 MySQL DB 관리 및 운영\n\n      ","\n        업무 관련 기술 / 활동 분야\n        \n          MySQL\n          dba\n        \n      ","\n        채용 상세\n                    자격요건학력/전공 : 전문 학사 이상 경력/연차 : 3년 이상우대사항1. 대규모 웹서비스/커머스 DB 설계, 구축 및 운영 경험 2. 다양한 운영 DB 플랫폼경험과 관련 라이센스 보유자 ﻿3. MySQL/MariaDB 등 오픈소스 DBA 2년 이상 경력 보유4. 리눅스 시스템 (Redhat, CentOS 등) 환경에서의 DB 운영 경험 보유5. Sh…\n            더 보기\n            자격요건학력/전공 : 전문 학사 이상 경력/연차 : 3년 이상우대사항1. 대규모 웹서비스/커머스 DB 설계, 구축 및 운영 경험 2. 다양한 운영 DB 플랫폼경험과 관련 라이센스 보유자 ﻿3. MySQL/MariaDB 등 오픈소스 DBA 2년 이상 경력 보유4. 리눅스 시스템 (Redhat, CentOS 등) 환경에서의 DB 운영 경험 보유5. Shell Script, Python 등 DB 운영에 필요한 개발 능력 보유      기타자격요건 : 개발/운영부서와의 원활한 커뮤니케이션 능력 보유자 등  \n"]}