{"url":"https://www.rocketpunch.com//jobs/63970/%EB%B0%B1%EC%97%94%EB%93%9Cback-end-%EA%B0%9C%EB%B0%9C%EC%9E%90%EC%9D%98%ED%95%99%EC%BD%98%ED%85%90%EC%B8%A0-%EA%B8%B0%EB%B0%98-%EC%84%9C%EB%B9%84%EC%8A%A4","title":"백엔드(back-end) 개발자(의학콘텐츠 기반 서비스)","origin":"바른의학연구소","start_date":"01/15 ","newbie":"경력","content":["\n        주요 업무\n                    기존 서비스의 유지, 보수, 고도화 작업 및 신규서비스 개발1) 의학콘텐츠 집필/발행 프로세스 기반위에서 학술적인 의학콘텐츠를 제공하는  웹서비스(메타메딕: metamedic.co.kr): node.js, Jquery -\u003e 현재 node.js, react.js, docker 기반으로 재개발 중임2) 의사국가고시 문제뱅크 웹서비스(MASTER K…\n            더 보기\n            기존 서비스의 유지, 보수, 고도화 작업 및 신규서비스 개발1) 의학콘텐츠 집필/발행 프로세스 기반위에서 학술적인 의학콘텐츠를 제공하는  웹서비스(메타메딕: metamedic.co.kr): node.js, Jquery -\u003e 현재 node.js, react.js, docker 기반으로 재개발 중임2) 의사국가고시 문제뱅크 웹서비스(MASTER KMLE): node.js, Jquery상기 서비스의 고도화작업, 및 후속개발. 및 그리고 의료와 ICT를 접목한 혁신적인 헬스케어서비스를 같이 만들어갈 개발자님(CTO급 대환영)을 모십니다.!!의사 1인(대표), 기획자 1인, 편집디자이너/마케터 1인 이렇게 환상적인 팀웍을 구축하고 있습니다.\n\n      ","\n        업무 관련 기술 / 활동 분야\n        \n          Node.js\n          Vue.js\n          React\n          Git\n          MySQL\n          GitHub\n          Docker/Kubernetes\n          Python Django\n          Amazon AWS\n          풀스택개발\n        \n      ","\n        채용 상세\n                    의료와 ICT의 융합을 시도하는 스타트업 회사입니다.창업한 지 만 3년이 지났습니다. 사업의 두축은 1) 출판, 2) IT서비스인데요. 출판의 경우 의료인 대상 전문의학서적 출간을 통해서 콘텐츠의 우수성을 인정받고 있습니다. 출간되는 책마다 베스트셀러를 찍고 있습니다. 꾸준한 매출이 발생하고 있고 매년 크게 성장하고 있습니다. IT 서비스는 출판을 …\n            더 보기\n            의료와 ICT의 융합을 시도하는 스타트업 회사입니다.창업한 지 만 3년이 지났습니다. 사업의 두축은 1) 출판, 2) IT서비스인데요. 출판의 경우 의료인 대상 전문의학서적 출간을 통해서 콘텐츠의 우수성을 인정받고 있습니다. 출간되는 책마다 베스트셀러를 찍고 있습니다. 꾸준한 매출이 발생하고 있고 매년 크게 성장하고 있습니다. IT 서비스는 출판을 support하는 식으로 유지되고 있지만 조만간 자체적인 수익모델을 이식할 예정입니다. 현재 3가지 서비스를 운영 혹은 준비하고 있으며 서비스의 개발스펙은 다음과 같습니다.1) 의학콘텐츠 집필/발행 프로세스 기반위에서 학술적인 의학콘텐츠를 제공하는  웹서비스(메타메딕, www.metamedic.co.kr): node.js, Jquery -\u003e 현재 node.js, react.js, docker 기반으로 재개발 중임2) 의사국가고시 문제뱅크 웹 서비스(MASTER KMLE) Node.js, Jquery상기 서비스의 고도화작업, 및 후속개발. 및 그리고 의료와 ICT를 접목한 혁신적인 헬스케어서비스를 같이 만들어갈 개발자님(CTO급 대환영)을 모십니다.!!개발자와의 소통을 위해서 개발공부를 틈틈히 하고 있습니다.# 인재상## 가슴이 뛰는 삶을 추구하시는 분자신이 꿈꾸는 비전을 좇아 가슴이 뛰는 삶을 추구하며 안정보다는 도전을 선택할 줄 아는 UV(Unique vision)족을 찾고 있습니다.## 끊임없는 연구사람은 누구나 배우고 성장하고 싶은 욕구가 있습니다. 이러한 임직원이 많을 때 회사는 변화에 민첩하게 대응하며 지속적으로 성장할 수 있다고 믿습니다. 배움과 성장을 향한 갈망이 많은 분들을 찾고 있습니다.## 사회적인 책임회사는 사회의 구성원으로서 사회의 도움을 받고 있습니다. 사회에 좋은 영향력을 미치는 것이 매우 중요한 일임을 믿고 이를 위해 노력하는 분들을 찾고 있습니다.# 모집분야: software engineer(Back-end and/or front-end)주요기술1. 언어front-end: HTML, CSS, Javascript, framework(ReactJS, Vue.JS etc.)back-end: Node.js, python2. 데이터베이스RDB: MySQL3. 서버AWS, Docker/Kubernetes4. 버전관리/형상관리Git, Github, bitbucket5. communication/프로젝트관리slack, trello, googledrive (jira/confluence)# 근무조건/복리후생* 4대보험* 주 5일,  8시30~ 17:30시 근무(시간조정 가능). 야근, 주말 및 휴일 근무 지양* 연봉 - 6000만원 내외(경력/능력에 따른 합리적인 책정)* 휴가 - 연가 + 하계/동계휴가시 각각 평일 3일 추가부여(하계, 동계휴가시 본인연차 5일 + 추가부여 3일 최대 휴가 가능)※ 일할때는 집중적으로 일하고 쉴때는 확실히 쉬는 삶을 지향합니다. 하계, 동계 각각 2주 정도 휴가(본인연차+추가휴가)를 보장합니다. 급여는 많이 드리지 못하지만 워라벨을 통해 보상하고자 합니다.* 근무지: 서울특별시 서초구 서초동 강남대로37길 49 4층 404호 (양재역 1번 출구에서 3분 거리)# 지원 방법* Rocketpunch 지원 혹은 자유양식으로 barunlab@barunlab.com으로 지원서를 보내 주세요.\u003e 요즘 각광받고 있는 헬스케어서비스를 의료전문가와 같이 만들어가봐요!!\n"]}