{"url":"https://www.rocketpunch.com//jobs/65883/UIUX-%EB%94%94%EC%9E%90%EC%9D%B4%EB%84%88","title":"UI/UX 디자이너","origin":"(주)에스더포뮬러","start_date":"11/20 ","newbie":"경력","content":["\n        주요 업무\n        에스더포뮬러와 함께할 디자이너를 찾습니다.에스더포뮬러는 국내 프리미엄 영양제 브랜드의 효시입니다. 건강기능식품 인더스트리에서 가장 빠르게 성장하는 회사 중 하나이죠. 특히 홈쇼핑 유통 일변도의 시장에서 이커머스의 비약적인 성장을 이뤄냄으로써 에스더포뮬러는 현재 자사몰 매출 기준 업계 1위업체로(월 순매출 20억원) 성장하였습니다. 에스더포뮬러는 현재 20만명에 가까운 자사몰 회원을 기반으로 비디오커머스, 소비자이익공유서비스,인플루언서 연계 프로모션, 고객맞춤형 서비스 등 새로운 형태의 비즈니스 모델을 구축해가고 있습니다. 이러한 방향성 아래 에스더포뮬러는 브랜드 2.0 플랜을 새롭게 준비하고 있습니다. 에스더포뮬러는 이커머스의 선두주자를 넘어 업계의 표준이 되고자 합니다. 에스더포뮬러가 찾는 분은 이렇습니다시장의 비효율과 ‘멋지게’ 싸워낼 인재를 찾습니다. 매출을 크게 일으키는 기업도 있고, 시장에 이름을 날리는 브랜드들도 많습니다. 하지만 기억에 남는 방식으로 시장을 이겨내는 기업은 흔치 않습니다. 우리는 시장과 싸우는 가장 멋진 방법이 무엇일지 늘 고민합니다. 시장을 보다 더 나은 곳으로 개선하고, 고객의 삶을 보다 나은 삶으로 바꿔내고, 시장의 표준을 보다 건전한 것으로 갈음하는 것 말입니다. 우리의 싸움에 동참하실 인재를 기다립니다.\n      ","\n        업무 관련 기술 / 활동 분야\n        \n          UI/UX디자인\n          Sketch\n          웹디자인\n          UI디자인\n          UX디자인\n          Adobe Photoshop\n          Adobe Illustrator\n        \n      ","\n        채용 상세\n        담당업무• 사용자 경험 개선을 위한 객관적인 문제 도출 및 개선• 에스더몰 웹, 앱 서비스의 UI기획, 디자인 및 유지보수자격요건• 디자인 분야 경력 2-5년 이상 보유• sketch 등 다양한 디자인 툴에 익숙하신 분• 사용자 관점에서 시각화를 통한 문제 해결 능력이 강하신분 • 모바일 환경 및 웹 환경에 대한 이해가 높으신 분• 브랜드 아이텐티티를 각 단계와 요소마다 적절히 시각화하는데 능숙하신 분우대사항• e-Commerce 디자인 경험이 다양하신 분• 구조화된 UI를 설계하는데 익숙하며 개발자와 커뮤니케이션이 가능하신분• HTML/CSS에 대한 이해도가 있으신 분• 기획적 역량을 갖추신 분 • 영상편집 및 사진촬영에 역량이 있으신 분혜택 및 복지• 업계 최고로 대우• 디자인업무에 필요한 최신장비 지원"]}