{"url":"https://www.rocketpunch.com//jobs/65712/RTL-%EC%84%A4%EA%B3%84-%EC%97%94%EC%A7%80%EB%8B%88%EC%96%B4","title":"RTL 설계 엔지니어","origin":"블루닷","start_date":"01/07 ","newbie":"신입경력","content":["\n        주요 업무\n                    저희 bluedot은 클라우드 기반으로 이미지/영상 인코더 그리고 프로세싱 시스템 반도체 IP를 개발 및 서비스합니다. IP는 Verilog 또는 C/C++와 같은 언어를 이용하여 설계한 하드웨어 가속기(반도체 회로)와 이를 구동하기 위한 펌웨어, 그리고 클라우드 상에서 서비스 운용을 위한 소프트웨어로 구성됩니다. 이미지/영상 압축 및 프로세싱 알고…\n            더 보기\n            저희 bluedot은 클라우드 기반으로 이미지/영상 인코더 그리고 프로세싱 시스템 반도체 IP를 개발 및 서비스합니다. IP는 Verilog 또는 C/C++와 같은 언어를 이용하여 설계한 하드웨어 가속기(반도체 회로)와 이를 구동하기 위한 펌웨어, 그리고 클라우드 상에서 서비스 운용을 위한 소프트웨어로 구성됩니다. 이미지/영상 압축 및 프로세싱 알고리즘, 인공신경망 기술, 반도체 설계 기술, 소프트웨어 기술, 그리고 클라우드에서 운용하기 위한 기술까지 최첨단 기술들이 융합된 미래 선도형 제품입니다.그래서, 블루닷에는 RTL 설계, 펌웨어, 소프트웨어, 클라우드 서비스까지 넓은 분야에 다양한 인재분들이 필요합니다. 본인들이 원하는 부분을 잡아서 마음껏 달려주십시오. (그러다보면 RTL 설계부터 클라우드 서비스까지 다 하고있는 자신을 발견할 겁니다…응?)여러분의 많은 지원 부탁드립니다!!! (https://blue-dot.io/Recruit)\n\n      ","\n        업무 관련 기술 / 활동 분야\n        \n          verilog\n          fpga\n          video-codecs\n          high-level-synthesis\n        \n      ","\n        채용 상세\n                    담당업무- 시스템 반도체 IP 개발 : RTL 설계 담당자격요건- Verilog로 RTL 설계에 능숙- HLS(High Level Synthesis)에 숙련되거나 배우고자 하는 의지.역량 충분한 사람- 검증을 매우 중요시 하는 사람- 자동화를 실천하는 사람우대사항- HEVC, AV1에 대한 이해- FPGA 타깃 설계 경험유 및 프로토타이핑에 능숙- …\n            더 보기\n            담당업무- 시스템 반도체 IP 개발 : RTL 설계 담당자격요건- Verilog로 RTL 설계에 능숙- HLS(High Level Synthesis)에 숙련되거나 배우고자 하는 의지.역량 충분한 사람- 검증을 매우 중요시 하는 사람- 자동화를 실천하는 사람우대사항- HEVC, AV1에 대한 이해- FPGA 타깃 설계 경험유 및 프로토타이핑에 능숙- DL Neural Network에 대한 이해근무조건- 규정은 simple 할 수록 좋다고 생각합니다.- 근태/휴가관련 규정은 없습니다. 업무에만 집중해 주세요. (위에 ‘자유와 책임’부분에서 설명드렸습니다)- 컴퓨터나 사무용품, 저녁식대 등도 같은 기준입니다. 필요하다 판단되면 지출합니다.- 회사는 양재역에서 걸어서 5분거리에 있습니다. [서울특별시 강남구 도곡동 956 서브원 강남빌딩]\n\n            \n              \n                  \n                  \n                \n            \n          \n            \n              \n                  \n                \n            \n          "]}