{"url":"https://www.rocketpunch.com//jobs/69792/%EB%AC%BC%EB%A5%98%EC%98%81%EC%97%85%ED%8C%80-%EB%A7%A4%EB%8B%88%EC%A0%80%ED%8C%80%EC%9B%90","title":"물류영업팀 매니저(팀원)","origin":"델레오 코리아","start_date":"02/19 ","newbie":"경력","content":["\n        주요 업무\n        - 입고 및 출고 운영 관리 및 지원- 주문 처리부터 A/S까지 해외 물류 오퍼레이션 수행  * 미국발 한국향 Inbound B2C 물류  * 소비자가 미국 유통업체 물품을 직구로 구매할 경우, 진행되는 일련의 물류 흐름 control- 창고 및 본사 재고 관리, 제품 검수, 입출고 작업- 시스템 장애 시 문제 해결 및 지원- 협력업체 및 유관 부서 커뮤니케이션\n      ","\n        업무 관련 기술 / 활동 분야\n        \n          물류기획\n          해외영업\n          B2B/B2C영업\n          Sales\n          영업관리\n          물류영업\n          세일즈\n        \n      ","\n        채용 상세\n        담당업무- 입고 및 출고 운영 관리 및 지원- 주문 처리부터 A/S까지 해외 물류 오퍼레이션 수행  * 미국발 한국향 Inbound B2C 물류  * 소비자가 미국 유통업체 물품을 직구로 구매할 경우, 진행되는 일련의 물류 흐름 control- 창고 및 본사 재고 관리, 제품 검수, 입출고 작업- 시스템 장애 시 문제 해결 및 지원- 협력업체 및 유관 부서 커뮤니케이션자격요건- 학력: 대졸이상- 경력: 1년~6년- Fluent English spoken and written 우대사항- 오퍼레이션 경험을 바탕으로 인바운드 직구/물류 신사업 기획에 관심이 있는 자- 특송사, 포워더 등 물류회사 근무 경험- 풀필먼트, 배송/배달대행, 직구/역직구(이커머스), 물류 스타트업 근무 경험- 해외 수출입 프로세스/관련 법규에 대한 이해도가 높은 분"]}