{"url":"https://www.rocketpunch.com//jobs/68234/%EB%AF%B8%EB%8B%88%EC%B0%BD%EA%B3%A0-%EB%8B%A4%EB%9D%BD-%EA%B3%A0%EA%B0%9D%EA%B4%80%EB%A6%AC%ED%8C%80-%EC%B1%84%EC%9A%A9-Sales-Operation","title":"[미니창고 다락] 고객관리팀 채용 (Sales Operation)","origin":"(주)세컨신드롬","start_date":"03/01 ","newbie":"경력","content":["\n        주요 업무\n                    ★ 세컨신드롬 고객관리팀 ★세컨신드롬 고객관리팀은 '미니창고 다락' 사업부에서 고객관리 업무를 담당합니다. (http://dalock.kr)고객관리 세부 업무는 크게 다음과 같습니다.1) 고객계약 관리  2) 결제/미납 관리  3) 고객 서비스 이용 관리업무에 요구되는 사항은 다음과 같습니다.1) 계약관리, 영업지원, 고객관리 등 고객관리(Sales…\n            더 보기\n            ★ 세컨신드롬 고객관리팀 ★세컨신드롬 고객관리팀은 '미니창고 다락' 사업부에서 고객관리 업무를 담당합니다. (http://dalock.kr)고객관리 세부 업무는 크게 다음과 같습니다.1) 고객계약 관리  2) 결제/미납 관리  3) 고객 서비스 이용 관리업무에 요구되는 사항은 다음과 같습니다.1) 계약관리, 영업지원, 고객관리 등 고객관리(Sales Operation) 관련 경력 3년 이상2) 자료정리, 숫자계산, 엑셀활용 능숙자 3) 데이터의 취합 및 가공 가능자당사는 공유서비스 스타트업으로서 현재 공유창고 국내 1위 업체로서 15개의 지점을 운영 중입니다. 새로운 공유서비스를 만들고 정착시키면서 함께 성장하실 멤버를 모집합니다.\n\n      ","\n        업무 관련 기술 / 활동 분야\n        \n          고객지원\n          고객대응\n          고객센터\n          고객커뮤니케이션\n          고객관리\n          고객응대전략\n          영업관리\n          영업기획\n          영업지원\n          계약관리\n          sales operation\n        \n      ","\n        채용 상세\n                    ★ 미니창고 다락 소개 ★미니창고 다락은 공간 공유를 통해 물품을 보관하는 창고 시설입니다. (http://dalock.kr)해외에서는 셀프스토리지라는 이름으로 알려져 있습니다.1인 가구의 증가 및 주거 면적의 소형화와 더불어, 주거공간에 플러스될 수 있는 공간옵션이기도 합니다.미니창고 다락은 국내에서 유일하게 카카오벤처스, SBI인베스트먼트 등에서…\n            더 보기\n            ★ 미니창고 다락 소개 ★미니창고 다락은 공간 공유를 통해 물품을 보관하는 창고 시설입니다. (http://dalock.kr)해외에서는 셀프스토리지라는 이름으로 알려져 있습니다.1인 가구의 증가 및 주거 면적의 소형화와 더불어, 주거공간에 플러스될 수 있는 공간옵션이기도 합니다.미니창고 다락은 국내에서 유일하게 카카오벤처스, SBI인베스트먼트 등에서 VC 펀딩을 진행했으며,글로벌 셀프스토리지 협회인 Self Storage Asia Association에 가입된 국내 유일의 회원사입니다.미니창고 다락은 프롭테크로 주거생활을 더 쾌적하게 만들고 공간으로부터의 자유를 추구합니다.공간의 공유와 재해석을 통해서 5년 후 도시의 모습을 많이 바꾸어놓을 계획입니다.플래텀: https://platum.kr/archives/132886동아일보: http://www.donga.com/news/article/all/20190806/96859770/11boon: https://1boon.kakao.com/jobsN/5cfe13dfed94d20001d1a876스타트업투데이: http://www.startuptoday.kr/news/articleView.html?idxno=12740★ 고객관리팀 채용안내 ★[세부 업무]1) 고객계약 관리    고객들의 이용 계약을 관리하며 계약 연장, 종료, 해지 처리를 진행합니다.     정확한 프로세스의 이행과 꼼꼼한 업무 처리가 중요합니다.    2) 결제/미납 관리    이용 고객들의 결제일에 결제 업무를 주관합니다.     발생한 미납 건을 신속히 처리합니다.  3) 고객서비스 이용관리    이용 중인 고객들의 문의사항을 처리하고 서비스를 잘 이용할 수 있도록 돕습니다.     고객들의 피드백을 취합하여 데이터로 가공합니다.     가공된 데이터를 이용하여 더 좋은 고객응대전략 및 서비스를 개발합니다. [필수 요구사항]1) 계약관리, 영업지원, 고객관리 등 고객관리(Sales Operation) 관련 경력 3년 이상2) 자료정리, 숫자계산, 엑셀활용 능숙자 CS팀과 협업하여 고객의 계약과 서비스 이용을 관리하는 포지션입니다. 꼼꼼하고 정확한 업무처리와 데이터를 이용한 아이디어 창출이 중요하다고 볼 수 있습니다. 영업관리, 영업지원 등으로도 일컬어 집니다. 함께 하실 분들의 연락을 기다립니다. :)[기업 문화]작은 회사가 무슨 기업문화냐고 하실 수도 있지만 세컨신드롬에는 태생부터 분명한 DNA가 존재합니다.세컨신드롬은 모든 편견을 버리고 Zero Base에서 사고합니다. 우리의 존재이유에 대해 끊임없이 질문합니다.세컨신드롬의 경쟁력은 Teamwork에서 비롯됩니다. 다양함에 대한 존중이 신뢰로 발전하고 서로에 대한 깊은 신뢰는 막강한 성장엔진이 됩니다. 마지막으로 세컨신드롬에 모든 걸 잘 하는 사람은 없습니다. 그러나 어느 한가지에 미쳐있는 Mania들은 많습니다. 우리는 당신의 열정을 존중합니다.[근무 복지]1) 업무장비 지원: 업무특성에 최저화된 장비/라이센스로 빵빵하게 지원합니다.2) 자기개발 지원: 강의, 세미나, 도서 구입 등 셀프러닝을 무제한 지원합니다.3) 건강식사 지원: 잘 먹고 힘내실 수 있도록 출근 이후 모든 식비 지원합니다.\n\n            \n              \n                  \n                  \n                \n            \n          \n            \n              \n                  \n                \n            \n          \n            \n              \n                  \n+1                \n            \n          \n            \n              \n                  \n                \n            \n          "]}