{"url":"https://www.rocketpunch.com//jobs/69254/%ED%8E%98%EC%9D%B4%EC%8A%A4%EB%B6%81%EA%B3%BC-%EC%9C%A0%ED%8A%9C%EB%B8%8C%EB%A5%BC-%ED%95%A8%EA%BB%98-%EC%9A%B4%EC%98%81%ED%95%98%EA%B3%A0-%EA%B8%B0%ED%9A%8D%ED%95%A0-%EC%B0%BD%EB%A6%BD-%EB%A9%A4%EB%B2%84%EB%A5%BC-%EB%AA%A8%EC%A7%91%ED%95%A9%EB%8B%88%EB%8B%A4","title":"페이스북과 유튜브를 함께 운영하고 기획할 창립 멤버를 모집합니다.","origin":"아이용컴패니","start_date":"02/23 ","newbie":"인턴신입경력","content":["\n        주요 업무\n                    현재 2020년 2월 8일 기준 한국어를 배우고자 하는 외국인들이 38,553명이 가입하고 있으며, 매주 1천명 가까이 가입수가 증가하고 있는 한국어 교육 페이스북 그룹입니다. 저의 페이스북 그룹의 이름은 \"아이용tv 한글짱\" 입니다. 이 그룹을 통해 여러가지 방식의 한국어 교육과 한국 문화를 알리고 있습니다.이 인프라를 통해 수익 창출과 더불어 더…\n            더 보기\n            현재 2020년 2월 8일 기준 한국어를 배우고자 하는 외국인들이 38,553명이 가입하고 있으며, 매주 1천명 가까이 가입수가 증가하고 있는 한국어 교육 페이스북 그룹입니다. 저의 페이스북 그룹의 이름은 \"아이용tv 한글짱\" 입니다. 이 그룹을 통해 여러가지 방식의 한국어 교육과 한국 문화를 알리고 있습니다.이 인프라를 통해 수익 창출과 더불어 더 다양한 한국어 교육 컨텐츠와 한국 문화를 함께 제공하고자 하는 훌륭한 창업 멤버를 모집하고 있습니다. 비전과 미래는 밝습니다. 지금 도전하세요!페이스북 그룹 : https://www.facebook.com/groups/415602752610503\n\n      ","\n        업무 관련 기술 / 활동 분야\n        \n          소셜마케팅\n          페이스북\n          인스타그램\n          블로그마케팅\n          기획•운영\n          컨텐츠 기획\n        \n      ","\n        채용 상세\n                    담당업무- 페이스북 및 유튜브 운영 및 기획--자격요건- 소셜 관련 지식이나 경험이 있으신분 환영- 열정이 있으신분 더더욱 환영--우대사항- 영어 실력자 환영- -\n"]}