{"url":"https://www.rocketpunch.com//jobs/68269/DX%ED%98%81%EC%8B%A0%EB%B6%80%EB%AC%B8-Tech-Lab-Senior-Machine-LearningAI-Data-professional-%EC%A0%95%EA%B7%9C%EC%A7%81-%EC%B1%84%EC%9A%A9","title":"DX혁신부문 Tech Lab Senior Machine Learning\u0026AI (Data professional) 정규직 채용","origin":"이투스교육(주)","start_date":"02/03 ","newbie":"신입경력","content":["\n        주요 업무\n                    • Big Data 기반 ML/AI Infra 설계/구축• Big Data 분석 및 ML/AI 서비스 구축\n\n      ","\n        업무 관련 기술 / 활동 분야\n        \n          Redmine\n          JIRA\n          Git\n          SVN\n          ml\n          ai\n          Python\n          Scala\n          R\n          머신러닝\n        \n      ","\n        채용 상세\n                    담당업무• Big Data 기반 ML/AI Infra 설계/구축• Big Data 분석 및 ML/AI 서비스 구축• 자격 요건 - 학력: 무관 - 경력: 4년 이상 8년 이하• 필수사항 - 팀/파트 단위의 업무 계획 및 관리 능력을 지닌 분 - 팀/파트 단위의 성장과 발전을 이끌 수 있는 분 - 일반적인 백엔드 시스템 설계 및 개발 - ML/AI 시…\n            더 보기\n            담당업무• Big Data 기반 ML/AI Infra 설계/구축• Big Data 분석 및 ML/AI 서비스 구축• 자격 요건 - 학력: 무관 - 경력: 4년 이상 8년 이하• 필수사항 - 팀/파트 단위의 업무 계획 및 관리 능력을 지닌 분 - 팀/파트 단위의 성장과 발전을 이끌 수 있는 분 - 일반적인 백엔드 시스템 설계 및 개발 - ML/AI 시스템 아키텍쳐 설계 경험 - Python, scala, R 등 ML 및 통계 관련 언어 사용 경험 - 머신러닝 프레임워크 경험자 (TensorFlow, Caffe, Pytorch 등) - ML/AI 기반 추천, 이미지분석, 예측 실 서비스 구축 운영 경험• 우대사항 - 협업: Redmine, Jira 등 이슈 기반 팀 업무관리 경험 - 형상관리: Git, SVN 관리 경험  - 클라우드 환경에서 시스템 설계/개발 및 운영 경험 - ML 모델 튜닝 경험 - 머신러닝/AI 기술을 적용한 서비스 운영경험 - ML을 이용한 예측 프로그램 개발  - 경험 교육 기반 ML/AI 적용 경험-3개월 계약 후, 정규직 전환 평가를 진행할 예정입니다.\n"]}