{"url":"https://www.rocketpunch.com//jobs/67159/%EB%9D%BC%EB%9D%BC%EC%8A%A4%EC%9C%97%EA%B3%BC-%ED%95%A8%EA%BB%98-%EC%84%B1%EC%9E%A5%ED%95%A0-%EC%98%81%EC%83%81PD%EB%8B%98%EC%9D%84-%EC%B0%BE%EC%8A%B5%EB%8B%88%EB%8B%A4","title":"라라스윗과 함께 성장할 영상PD님을 찾습니다!","origin":"라라스윗","start_date":"12/21 ","newbie":"신입경력","content":["\n        주요 업무\n                    1. 영상 기획- SNS(바이럴) 영상 기획2. 촬영/편집- 기획 영상 직접 촬영/편집\n\n      ","\n        업무 관련 기술 / 활동 분야\n        \n          프리미어\n          PD\n          동영상제작\n        \n      ","\n        채용 상세\n                    01. 영상기획- 라라스윗은 지난 2년간 영상을 대부분 직접 기획해왔어요  (영상 참고 : https://web.facebook.com/pg/lalasweeticecream/videos )- 단순히 효율을 위한 자극적인 영상보다는  브랜드의 결을 살리면서도, 고객이 끝까지 보고 싶은 영상을 만들기 위해 고민해요02. 촬영/편집- 기획이 완료된 내용을…\n            더 보기\n            01. 영상기획- 라라스윗은 지난 2년간 영상을 대부분 직접 기획해왔어요  (영상 참고 : https://web.facebook.com/pg/lalasweeticecream/videos )- 단순히 효율을 위한 자극적인 영상보다는  브랜드의 결을 살리면서도, 고객이 끝까지 보고 싶은 영상을 만들기 위해 고민해요02. 촬영/편집- 기획이 완료된 내용을 직접 촬영/편집하는 일을 해요- 편집이 끝난 영상의 결과물을 피드백하여, 다음 영상의 방향을 다시 고민해요03. 참고해주세요- 내부에 영상팀이 있지 않아요- 다만, 그 동안 8편의 영상을 내부에서 직접 기획, 촬영 준비, 셋팅 및 디렉팅을 해왔기에   많은 분들과 함께 진행할 거에요 :)\n\n            \n              \n                  \n                \n            \n          "]}