{"url":"https://www.rocketpunch.com//jobs/69713/%EC%8B%9C%EC%8A%A4%ED%85%9C-%EA%B0%9C%EB%B0%9C%EC%9E%90","title":"시스템 개발자","origin":"메디트","start_date":"01/06 ","newbie":"경력","content":["\n        주요 업무\n        사내 시스템을 구축 / 운영 합니다.하나의 시스템이 아닌 다양한 시스템과 여러가지 프로젝트를 함께 할 수 있습니다.\n      ","\n        업무 관련 기술 / 활동 분야\n        \n          erp\n          웹개발\n          시스템개발\n          Java\n          POWER BUILDER\n          scm\n          MES\n        \n      ","\n        채용 상세\n        담당업무- 사내 시스템 구축/운영- 웹시스템 구축/운영자격요건- 경력 7년 이상- ERP/SCM 구축 및 운영 경험이 있으신 분 (생산)- JAVA 사용 가능하신 분- Power builder 사용 가능하신 분우대사항- AWS 환경 구축 경험이 있으신 분"]}