{"url":"https://www.rocketpunch.com//jobs/59664/%EB%94%A5%EB%9F%AC%EB%8B%9D%EB%A8%B8%EC%8B%A0%EB%9F%AC%EB%8B%9D-%EC%97%94%EC%A7%80%EB%8B%88%EC%96%B4-%EB%B3%91%EC%97%AD%ED%8A%B9%EB%A1%80-%EC%B1%84%EC%9A%A9","title":"딥러닝/머신러닝 엔지니어 병역특례 채용","origin":"딥바이오","start_date":"01/31 ","newbie":"신입경력","content":["\n        주요 업무\n                    딥러닝/ 머신러닝 연구 개발\n\n      ","\n        업무 관련 기술 / 활동 분야\n        \n          PyTorch\n          TensorFlow\n        \n      ","\n        채용 상세\n                    자격요건 - PyTorch, TensorFlow 등 딥러닝 프레임워크 를 활용한 모델링 경험 - 통계와 확률, 미적분과 선형대수에 대한 지식 - 알고리즘 문제해결 능력 - 새로운 기술에 대한 빠른 적응력 및 학습능력 - 학력 : 석사 학위 이상 취득자우대사항 - Hands-on으로 빠르게 아이디어를 구현할 수 있는 능력 - 일반 소프트웨어 엔지니어링…\n            더 보기\n            자격요건 - PyTorch, TensorFlow 등 딥러닝 프레임워크 를 활용한 모델링 경험 - 통계와 확률, 미적분과 선형대수에 대한 지식 - 알고리즘 문제해결 능력 - 새로운 기술에 대한 빠른 적응력 및 학습능력 - 학력 : 석사 학위 이상 취득자우대사항 - Hands-on으로 빠르게 아이디어를 구현할 수 있는 능력 - 일반 소프트웨어 엔지니어링을 이해할 수 전산 지식 - 리눅스 및 가상화(docker) 사용 경험자 - 수학 혹은 영어 우수자 - 알고리즘 소프트웨어 프로젝트 경험자 - Github 등의 오픈소스 프로젝트 경험자 - 대용량 이미지 분석 경험자\n"]}