{"url":"https://www.rocketpunch.com//jobs/69874/%EB%A7%88%EC%BC%80%ED%8C%85%EC%8B%9C%EC%9E%A5%EC%A1%B0%EC%82%AC-%EB%94%94%EC%A7%80%ED%84%B8%EB%A7%88%EC%BC%80%ED%8C%85-%EA%B4%91%EA%B3%A0%ED%99%8D%EB%B3%B4","title":"마케팅,시장조사 / 디지털마케팅 / 광고,홍보","origin":"우쥬록스","start_date":"02/20 ","newbie":"소경력","content":["\n        주요 업무\n        - 셀럽 브랜딩 서포트(이지혜,지석진,정경호,고규필 유튜브 제작사)- 제휴사 및 광고주들과 협찬 이벤트 및 공동 마케팅 이벤트 운영 - SNS 채널 마케팅 기획 및 운영 (페이스북, 인스타그램, 트위터, 유튜브, 틱톡 등)- 콘텐츠 기획과 제작에 흥미를 가지고, 브랜드 홍보 관련 콘텐츠 기획 - 마케팅 지표 분석 및 인사이트 도출- 트렌드에 관심이 많고 이에 따른 리서치 업무 가능자\n      ","\n        업무 관련 기술 / 활동 분야\n        \n          디지털마케팅\n          브랜드마케팅\n        \n      ","\n        채용 상세\n        담당업무- 셀럽 브랜딩 서포트(이지혜,지석진,정경호,고규필 유튜브 제작사)- 제휴사 및 광고주들과 협찬 이벤트 및 공동 마케팅 이벤트 운영 - SNS 채널 마케팅 기획 및 운영 (페이스북, 인스타그램, 트위터, 유튜브, 틱톡 등)- 콘텐츠 기획과 제작에 흥미를 가지고, 브랜드 홍보 관련 콘텐츠 기획 - 마케팅 지표 분석 및 인사이트 도출- 트렌드에 관심이 많고 이에 따른 리서치 업무 가능자자격요건 -PR, 광고, 디지털마케팅 대행사 경험자 (경력:경력2년↑)- 국내/외 4년제 대학교 졸업생, 재학생 및 휴학생- 6개월 이상 근무 가능한 사람우대사항- 통계, 분석에 능한 분- 톡톡튀는 아이디어를 썪히고 싶지 않으신분- 연예인과 제품 마케팅에 관심이 많으신 분- 자신이 가지고 있는  인적 네트워크와 인프라를 실전에 적용하고 싶으신분- 난 성격이 좋다고 자부하실 수 있는 분"]}