{"url":"https://www.rocketpunch.com//jobs/64040/%EC%8B%9D%ED%92%88-%ED%95%A0%EC%9D%B8-%EC%84%9C%EB%B9%84%EC%8A%A4-%EC%98%A4%EB%8A%98%EC%9D%98%ED%95%A0%EC%9D%B8-%EB%AA%A8%EB%B0%94%EC%9D%BC-%EC%84%9C%EB%B9%84%EC%8A%A4-%EA%B0%9C%EB%B0%9C-%EC%B4%9D%EA%B4%84-%EB%AA%A8%EC%A7%91","title":"식품 할인 서비스 오늘의할인 모바일 서비스 개발 총괄 모집","origin":"오늘의할인","start_date":"12/02 ","newbie":"소경력","content":["\n        주요 업무\n                    [모집부문, 업무내용]식품 할인 서비스 오늘의할인 모바일 서비스 개발 총괄 [지원자격]- RDB를 구축하고 설계할 수 있는 분 (MySQL, MariaDB, AWS Aurora 등)- REST API 설계, 개발을 할 수 있는 분- 웹 호스팅 서비스를 이용하여 인프라 구축 경험이 있는 분 (Cafe24, AWS 등)[우대사항]- 개발 프로젝트 리딩 …\n            더 보기\n            [모집부문, 업무내용]식품 할인 서비스 오늘의할인 모바일 서비스 개발 총괄 [지원자격]- RDB를 구축하고 설계할 수 있는 분 (MySQL, MariaDB, AWS Aurora 등)- REST API 설계, 개발을 할 수 있는 분- 웹 호스팅 서비스를 이용하여 인프라 구축 경험이 있는 분 (Cafe24, AWS 등)[우대사항]- 개발 프로젝트 리딩 경험 - Front-end framework (Angular JS) 다뤄보신 경험 - 모바일 개발 경험(Android/iOS)- 배포 자동화/ 테스트 자동화 경험이 있는 분- 웹 보안에 관심이 있으신 분- DB 최적화에 경험이 있으신 분\n\n      ","\n        업무 관련 기술 / 활동 분야\n        \n          Java\n          Android\n          PHP\n        \n      ","\n        채용 상세\n                    [우리동네 마감할인 서비스 오늘의할인]오늘의할인은 우리동네 마감할인 모바일 서비스입니다.서비스 출시 3달 만에 서울시 임팩트 투자를 받고 지속적인 성과를 내고 있습니다.현재 개발 인력은 IOS, 안드로이드 2명으로 이루어져있으며초기 버전 서비스에서 보다 체계적인 돋움을 위해 경력직 모바일 서비스 개발 총괄 분을 모시고있습니다.\n            더 보기\n            [우리동네 마감할인 서비스 오늘의할인]오늘의할인은 우리동네 마감할인 모바일 서비스입니다.서비스 출시 3달 만에 서울시 임팩트 투자를 받고 지속적인 성과를 내고 있습니다.현재 개발 인력은 IOS, 안드로이드 2명으로 이루어져있으며초기 버전 서비스에서 보다 체계적인 돋움을 위해 경력직 모바일 서비스 개발 총괄 분을 모시고있습니다.\n\n            \n              \n                  \n                  \n                \n            \n          \n            \n              \n                  \n                \n            \n          "]}