{"url":"https://www.rocketpunch.com//jobs/69012/%ED%8F%AC%EC%8A%A4%ED%83%80%EC%9E%85-%EC%BB%A4%EB%AE%A4%EB%8B%88%ED%8B%B0-%EB%A7%A4%EB%8B%88%EC%A0%80-%ED%8C%80%EC%9B%90%ED%8C%80%EC%9E%A5%EA%B8%89-%EC%8B%A0%EC%9E%85-%EB%98%90%EB%8A%94-%EA%B2%BD%EB%A0%A5-%EC%A0%95%EA%B7%9C%EC%A7%81","title":"[포스타입] 커뮤니티 매니저 - 팀원~팀장급 (신입 또는 경력 / 정규직)","origin":"포스타입","start_date":"02/19 ","newbie":"신입경력","content":["\n        주요 업무\n                    포스타입은 누구나 디지털 콘텐츠를 판매할 수 있는 콘텐츠 오픈 마켓입니다. 창작자가 작품을 통해 팬들과 직접 만나고 창작의 가치를 인정받을 수 있도록 창작자를 위한 도구를 만듭니다.포스타입 커뮤니티 매니저는 포스타입의 콘텐츠 생태계를 확장하기 위한 모든 일을 담당합니다.- 콘텐츠 창작자에게 콜드 콜을 보내 협업을 제안하는 일을 합니다. 포스타입을 들…\n            더 보기\n            포스타입은 누구나 디지털 콘텐츠를 판매할 수 있는 콘텐츠 오픈 마켓입니다. 창작자가 작품을 통해 팬들과 직접 만나고 창작의 가치를 인정받을 수 있도록 창작자를 위한 도구를 만듭니다.포스타입 커뮤니티 매니저는 포스타입의 콘텐츠 생태계를 확장하기 위한 모든 일을 담당합니다.- 콘텐츠 창작자에게 콜드 콜을 보내 협업을 제안하는 일을 합니다. 포스타입을 들어본 적이 없지만 포스타입과 같은 서비스의 등장을 기다리고 있던 창작자, 콘텐츠의 롱테일에 뛰어들어 포스타입과 함께 성장할 수 있는 창작자 등을 직접 발굴하게 됩니다.- 콘텐츠 생태계를 확장하기 위한 새로운 돌파구를 찾는 일을 합니다. 포스타입은 오픈 플랫폼으로 기존 콘텐츠 서비스와는 다른 방식으로 창작자와 관계를 맺습니다. 그렇기 때문에 포스타입이라는 제품과 플랫폼 비즈니스에 대한 깊은 이해를 바탕으로 스스로 해법을 찾고 창작자, 외부 관계자, 사내 구성원 등 이해관계자를 설득해야 합니다.포스타입은 이 일을 잘 해내기 위해 할 일을 빠르게 실행하는 역량과 콘텐츠 몰입 경험을 갖춘 분을 모시고 싶습니다.※ 리드(팀장) 포지션도 함께 채용하고 있습니다. 커뮤니티 리드는 커뮤니티 및 콘텐츠에 관한 중단기 전략을 수립하고 포스타입의 콘텐츠 풀을 전략적으로 관리하는 일을 합니다. 리드 포지션 지원 시 '지원동기' 항목을 통해 알려주세요. - 포스타입 인재채용 : https://careers.postype.com- 포스타입 서비스 소개 : https://www.postype.com/about- 포스타입 팀 블로그 : https://team.postype.com\n\n      ","\n        업무 관련 기술 / 활동 분야\n        \n          커뮤니티매니저\n          커뮤니티 형성 및 프로그램 지원\n          커뮤니티기획\n          파트너십\n          파트너십 매니저\n          파트너 커뮤니케이션\n          편집\n          콘텐츠\n          콘텐츠 기획\n          커뮤니티 운영\n          커뮤니티\n          독립출판\n          전문가 섭외\n          작가영입\n        \n      ","\n        채용 상세\n                    자격요건- 신입 또는 경력- 콜드 콜을 통한 섭외・영업 역량- 가설을 빠르게 실행하고 검증할 수 있는 추진력- 명확하고 설득력 있는 커뮤니케이션 능력- 플랫폼 비즈니스와 콘텐츠 생태계에 대한 전략적 접근- 개발, 디자인, 운영 등 다양한 직군과의 협업 능력- (리드 지원시) 다양한 콘텐츠 분야에 대한 깊은 관심과 관여 경험, 콘텐츠・플랫폼 유관 경력…\n            더 보기\n            자격요건- 신입 또는 경력- 콜드 콜을 통한 섭외・영업 역량- 가설을 빠르게 실행하고 검증할 수 있는 추진력- 명확하고 설득력 있는 커뮤니케이션 능력- 플랫폼 비즈니스와 콘텐츠 생태계에 대한 전략적 접근- 개발, 디자인, 운영 등 다양한 직군과의 협업 능력- (리드 지원시) 다양한 콘텐츠 분야에 대한 깊은 관심과 관여 경험, 콘텐츠・플랫폼 유관 경력우대사항- 외부 인사 섭외 및 온보딩 경험보상 및 복지- 연봉 : 3,000~5,000만 원(경력에 따른 협의)- 최신 장비 지급(맥북 프로, 5K 모니터 등)- 성과보상제 운영- 유연근무제 운영(일 8시간 자율 근무)- 4대보험 및 퇴직연금 가입- 개인 법인카드 제공- 중식 제공- 세미나 등 외부 교육 기회・비용 지원- 도서 구매 지원- 종합건강검진 제공- 생일 및 경조사 휴가- 첫 1년 근속 보너스 휴가채용 절차- 서류 접수 \u003e 전화 인터뷰 \u003e 면접 \u003e 처우 협의 \u003e 채용 결정\n"]}