{"url":"https://programmers.co.kr/job_positions/1632","title":"AI서비스 백엔드(Backend) 엔지니어","origin":"마인드로직","start_date":"","newbie":false,"content":["업무 소개\n\n가상남녀 (가상여친/남친) 서비스를 제공하는데 필수적인 백엔드 개발을 담당합니다.\n\nDjangoRestFramework를 이용한 API 구현\nDjango Channels를 이용한 채팅 백엔드 구현\nElasticsearch를 활용한 DB 검색 구현\nAWS 를 이용한 배포 및 서버운영","자격 조건\n\n원활한 업무수행에 필요한 해당 분야 지식 및 경험 보유\n\nPython, DjangoRestFramework API,\nJavaScript, Node.js, Socket.IO,\nElasticsearch, Postgres,\nDocker and AWS ECS Deployment\n\n당사 업무 스타일과의 조화 역량","우대 사항\nVue.js 를 이용한 Frontend 개발 경험\nWeb crawling 경험\nTensorflow, Pytorch 등을 이용한 Machine learning application 적용 경험 (머신러닝 개발자와의 협업을 위함)\nNode.js 코드 이해 (기존 코드 참고를 위함)"]}