{"url":"https://www.rocketpunch.com//jobs/68430/%EC%9B%B9%EB%AA%A8%EB%B0%94%EC%9D%BC-%EA%B0%9C%EB%B0%9C%EC%9E%90","title":"웹/모바일 개발자","origin":"마켓잇","start_date":"02/26 ","newbie":"경력","content":["\n        주요 업무\n                    1. Backend Developer다양한 파트와 커뮤니케이션 하고 협력하는 핵심적인 역할입니다. 비지니스 로직의 안정적인 운영에 대한 책임을 지고 API 개발과, 최적화를 수행합니다.  다른 개발자들에게 시스템에 대한 최신 정보와 권한을 제공하고, 시스템 구현에 대한 가이드와 API에 대한 문서를 책임지고 관리합니다.2. React Native D…\n            더 보기\n            1. Backend Developer다양한 파트와 커뮤니케이션 하고 협력하는 핵심적인 역할입니다. 비지니스 로직의 안정적인 운영에 대한 책임을 지고 API 개발과, 최적화를 수행합니다.  다른 개발자들에게 시스템에 대한 최신 정보와 권한을 제공하고, 시스템 구현에 대한 가이드와 API에 대한 문서를 책임지고 관리합니다.2. React Native Developer인플루언서들이 사용하는 모바일 앱 개발 및 유지를 책임집니다. 기획팀에서 새로운 기능 추가가 기획되면, Backend 개발자에게 전달 받은 API로 필요한 사용자 UI 를 구현 하게 됩니다.  또한 소셜 미디어 플랫폼(인스타그램, 페이스북, 유튜브 등)과 마켓(구글플레이, 앱스토어) 에서 발생하는 개발 이슈에 대응하고 처리합니다.\n\n      ","\n        업무 관련 기술 / 활동 분야\n        \n          Android\n          iOS\n          PHP\n          Python\n          JSP\n          HTTP\n          RESTful-api\n          React.js\n          react-native\n          aws\n          MySQL\n          MongoDB\n          Go\n        \n      ","\n        채용 상세\n                    1. Backend Developer 5명   1) 담당업무       - 비지니스 로직 구현       - 데이터 및 DB 스키마 관리       - 시스템 자원 관리   2) 자격요건       - 관련 경력 1년 이상       - AWS 상에서 서비스 운영 경력        - PHP 7.x 를 활용한 RESTful API 를 개발 경험   …\n            더 보기\n            1. Backend Developer 5명   1) 담당업무       - 비지니스 로직 구현       - 데이터 및 DB 스키마 관리       - 시스템 자원 관리   2) 자격요건       - 관련 경력 1년 이상       - AWS 상에서 서비스 운영 경력        - PHP 7.x 를 활용한 RESTful API 를 개발 경험       - MySQL 및 MongoDB 사용 경험   3) 우대사항       - 컴퓨터 공학 또는 관련 분야를 전공하신 분       - git 을 능숙히 다를 수 있음       - 다양한 언어로 개발한 경험(Go, Python 등)       - 알고리즘 대회 입상1. React Native Developer 5명   1) 담당업무       - React Native를 이용한 Android / iOS 앱 개발 및 유지보수       - 소셜미디어 플랫폼 이슈 대응 및 관련 기능의 개발 및 유지보수   2) 자격요건       - 관련 경력 1년 이상       - React Native, ReactJS를 이용한 앱 개발 경력       - HTTP, RESTful API를 이용한 개발 경험이 있으신분   3) 우대사항       - 컴퓨터 공학 또는 관련 분야를 전공하신 분       - GIT 활용에 능숙하신 분       - 앱 상용화 경험이 있으신 분       - React mobx 사용 경험이 있으신 분       - Android, iOS Native app 개발 경험이 있으신 분       - 기타 다른 언어를 활용한 개발 경험이 있으신 분(Go, Python 등)       - 알고리즘 대회 입상\n"]}