{"url":"https://www.rocketpunch.com//jobs/42903/%ED%97%88%EB%8B%88%EB%B9%84%EC%A6%88-%EB%9D%B5%EB%8F%99-React-Native-%EB%AA%A8%EB%B0%94%EC%9D%BC-%EA%B0%9C%EB%B0%9C%EC%9E%90%EB%A5%BC-%EB%AA%A8%EC%8B%AD%EB%8B%88%EB%8B%A4","title":"[허니비즈, 띵동] React Native 모바일 개발자를 모십니다","origin":"허니비즈 - 띵동","start_date":"01/09 ","newbie":"신입경력","content":["\n        주요 업무\n                    https://medium.com/honeybees-engineering허니비즈는 [띵동]이라는 모바일 온디맨드 플랫폼을 만듭니다.고객은 모바일에서 주문하고, 띵동은 오프라인 서비스로 고객이 원하는 것을 가져다 드립니다.허니비즈는 이러한 요청사항을 기술력으로 더 빠르고(speed), 더 능력있게(capacity) 해결하는데 집중합니다.2018년 여름…\n            더 보기\n            https://medium.com/honeybees-engineering허니비즈는 [띵동]이라는 모바일 온디맨드 플랫폼을 만듭니다.고객은 모바일에서 주문하고, 띵동은 오프라인 서비스로 고객이 원하는 것을 가져다 드립니다.허니비즈는 이러한 요청사항을 기술력으로 더 빠르고(speed), 더 능력있게(capacity) 해결하는데 집중합니다.2018년 여름부터 새로 팀 세팅을 진행하고 있으며, 똑똑하고 능력있는 분들을 채용하고 있습니다.\n\n      ","\n        업무 관련 기술 / 활동 분야\n        \n          iOS\n          Java\n          react-native\n          mobile\n          Swift\n          JavaScript\n          Android\n          Objective-C\n        \n      ","\n        채용 상세\n                    ■ 담당업무- 유저 모바일 앱, 상점 모바일 앱, 센터 모바일 앱 등 비즈니스에 필요한 앱들을 만듭니다.- 개발된 기능을 실제 필드 테스트를 통해 안정화하는 일도 합니다.- 새로운 기술 및 프레임워크 등의 연구를 장려하며, 실제 서비스에도 적용 할 수 있습니다.- 서비스 운영팀, 전략 기획팀, 디자인팀 등 다양한 팀과 협업하여 서비스 개발을 합니다.…\n            더 보기\n            ■ 담당업무- 유저 모바일 앱, 상점 모바일 앱, 센터 모바일 앱 등 비즈니스에 필요한 앱들을 만듭니다.- 개발된 기능을 실제 필드 테스트를 통해 안정화하는 일도 합니다.- 새로운 기술 및 프레임워크 등의 연구를 장려하며, 실제 서비스에도 적용 할 수 있습니다.- 서비스 운영팀, 전략 기획팀, 디자인팀 등 다양한 팀과 협업하여 서비스 개발을 합니다.■ 자격요건- React Native 에 대한 경험(필수)- 단순 코드 작성이 아닌, 문제 해결력- 유저 사고 중심의 개발 마인드- 객체 지향 언어(OOP)에 대한 이해- iOS 또는 Android에 대한 이해 및 경험- 깔끔한 코드를 추구하는 마인드- 다른 개발자들과의 팀웤 마인드■ 우대사항- 모바일 네이티브 랭귀지(Objective C, Swift, Java)로 개발한 경험- 생활 문제에 대한 논리적 사고 방식- 꼼꼼함, 성실함, 책임감- 스타트업 창업 / 운영 경험- 온디맨드, O2O 서비스 개발 경험■ 근무조건- 필요한 장비 및 프로그램은 모두 지원합니다. (맥북 프로 15 또는 아이맥 27 또는 XPS 15 + 모니터들)- 유연한 휴가 정책 (휴가 결제 1분안에 해드립니다)- 업무 관련 도서 구입 지원- 회사 전담 헬스케어(마사지) 담당자 상주- 10am 출근 7pm 퇴근 (늦는거 가지고 눈치 주는 회사 아님)- 가끔 최상의 컨디션 업무를 위해 원격 근무 정책 시행중 (월에 2회)- 사무실은 강남 선릉역과 역삼역 사이에 위치해 있습니다.- 한 건물을 모두 사용합니다.- 옥상에 전망 좋은 휴게 공간이 있습니다.■ 지원방법- 자유 양식의 이력서와 실제 작업한 내용들을 hwansoo.kim@ddingdong.net 으로 보내주세요. 개발팀에서 개별 연락 드립니다.\n\n            \n              \n                  \n                \n            \n          "]}