{"url":"https://programmers.co.kr/job_positions/618","title":"iOS팀과함께 \"되긴 되는\" 코드가 아니라 \"좋은\" 코드를 만드실 분","origin":"vingle","start_date":"","newbie":false,"content":["업무 소개\n\n────────────────────────────────────────\n빙글 iOS팀은 수많은 사람들이 매일 새로운 관심사와 커뮤니티를 발견하는 빙글앱을 만들어 나갑니다. 우리는 아래와 같은것들을 중요하게 생각합니다.\n．\n．\n\n✅ 코드 품질\n\n────────────────────────────────────────\n저희는 코드의 품질을 진지하게 생각합니다. 되긴 되는 코드가 아니라 좋은 코드를 추구합니다.\n\nTDD(테스트 주도 개발)를 합니다.\n모든 변경사항은 pull request로 작성되며, 자동으로 빌드 서버에서 테스트됩니다.\n모든 pull request에 대해 다른 팀원들이 컴파일러 수준으로 code review를 진행합니다.\nCode convention, Naming, Architecture, 유지 보수 가능성등을 모두 점검합니다.\nUI 구성 또한 Texture를 사용하여 모두 code 기반으로 작성되고, code review를 진행합니다.\n필요에 따라 Pair Programming을 진행합니다.\n팀에서 주체적으로 refactoring과 기술 빚 청산을 계획하고 진행합니다.\n\n．\n．\n\n✅ 끊임없이 배우기\n\n────────────────────────────────────────\n저희는 새로운 기술을 배우고, 올바르게 적용함으로서 생산성을 늘리는것을 즐깁니다.\n\n19년까지 전체 코드의 90%(약 100,000 Line)를 ObjectiveC 에서 Swift로 옮겼습니다.\nRxSwift, Texture, Alamofire 등 새로운 Opensource library를 적극적으로 사용합니다.\nFastlane, Slack등을 이용해 App Store Submit을 완전히 자동화했습니다.\n특히 Texture의 경우, 국내에서 가장 먼저 도입했을뿐만 아니라 Opensource library까지 만들어서 커뮤니티에 기여하고 있습니다.\nImprovement feed performance with Texture(AsyncDisplayKit)\nTexture 현업 사용 가이드\n\n．\n．\n\n✅ 제품에 대한 Ownership\n\n────────────────────────────────────────\niOS팀의 궁극적인 목표는 iOS 앱 사용자들에게 더 좋은 경험을 제공하는 것입니다.\n따라서, 빙글 iOS앱에 들어가는 것은 무엇이든지 저희팀에서 Ownership을 가지고 끊임없이 리뷰하고 개선합니다.\n이를 위해 단순히 코딩 하는것 뿐만 아니라, 주도적으로 기획팀, 디자인팀, 백엔드팀과 적극적으로 협업합니다.\n\n기획팀, 디자인팀이 제안하는 모든 작업에 대해 리뷰하고, 의견을 제시합니다.\n주도적으로 UI/UX에 대한 개선 제안을 합니다.\n\n．\n．","자격 조건\n\n────────────────────────────────────────\n\nUIKit 기반 iOS GUI 구현에 능숙함\nUIKit 기반의 Animation 및 비동기 처리에 능숙함\niOS 오픈 소스 라이브러리 사용 경험\n장기간 (6개월 이상) 하나의 앱을 유지보수, 개발한 경험\nPair programming / Code Review에 긍정적인 마인드\n개발자로서 계속해서 성장하고자 하는 집착","우대 사항\n\n────────────────────────────────────────\n\nRxSwift 사용 경험\n오픈소스 기여 경험\niOS 앱 자동 테스트나 자동 빌드에 관한 노하우\n앱스토어에 런칭된 어플리케이션 제작 경험\n\n．\n．"]}