{"url":"https://www.rocketpunch.com//jobs/70118/QA-%EC%97%94%EC%A7%80%EB%8B%88%EC%96%B4","title":"QA 엔지니어","origin":"(주)스타일셀러","start_date":"02/07 ","newbie":"경력","content":["\n        주요 업무\n        현재 저희는 스타일셀러 (StyleSeller), 트래디팟 (Tradipod) 두개 프로덕트를 개발 및 운영 중에 있습니다.스타일셀러는 K-Beauty 상품 위주의 인플루언서 마케팅, 그리고 크로스보더 플랫폼입니다.2014년부터 서비스를 운영해왔으며, 현재 10개국에서 서비스하고 있습니다.2020년 상반기에는 백엔드부터 네이티브 앱까지 모두 리뉴얼 된 서비스를 런칭할 계획입니다.트래디팟은 한국 전통 공예품을 세계로 전파하는 플랫폼입니다. 또한 한국에서 해외로의 단방향에 그치지 않고 추후 세계 각국의 공예가들과 디자이너들을 잇는 플랫폼으로 계속 확대 발전할 예정입니다.트래디팟에서는 나라 마다의 우수 장인들이 공예품을 만드시는 것과 관련된 과정, 스토리, 상품 등 프리미엄 컨텐츠를 제공합니다. 다른 한편으로 트래디팟은 커뮤니티 육성을 장려하기 위한 차원에서 공예가, 디자이너 분들에게 도움이 되는 정보를 제공하고, 원활한 창작 활동을 위해 협업을 도와드리는 등 함께 공생하는 플랫폼으로 자리잡고자 합니다.2020년 중하반기에 트래디팟 서비스를 런칭할 예정입니다.\n      ","\n        업무 관련 기술 / 활동 분야\n        \n          Java\n        \n      ","\n        채용 상세\n        담당업무• 빠르게 실패하며 좋은 품질의 제품을 딜리버리할 수 있도록 QA 프로세스를 체계화• 테스트 플래닝• 테스트 케이스 작성• 수동 혹은 도구를 사용한 자동 테스트 진행• 버그 현황 정리• 버그 현황을 정기적으로 개발자에게 전달하고 클로즈 되기까지 꼼꼼히 관리자격요건• 3년 이상 QA 직무 경력 보유• 체계적인 QA 프로세스 수립이 가능하신 분• 내가 서비스 오너라는 마음가짐으로 이슈가 종결될 때까지 집요하고 꼼꼼하게 물고 늘어지실 수 있는 분• 발견한 이슈들을 신속하게 문서화하고 자주 공유하는데 껄끄러움이 없으신 분• Jira, Trello 등 이슈 트래커 툴을 다루는데 어려움이 없으신 분• Slack 협업 툴을 다루는데 어려움이 없으신 분우대사항• APP, WEB 특성 및 동작 원리를 이해하시는 분• 이커머스 관련 QA 경험이 있으신 분• 테스트 자동화 구축 경험이 있으신 분\n            \n              \n                  \n                  \n                \n            \n          \n            \n              \n                  \n                \n            \n          \n            \n              \n                  \n+4                \n            \n          \n            \n              \n                  \n                \n            \n          \n            \n              \n                  \n                \n            \n          \n            \n              \n                  \n                \n            \n          \n            \n              \n                  \n                \n            \n          "]}