{"url":"https://www.rocketpunch.com//jobs/69279/Product-Owner","title":"Product Owner","origin":"옵티마이즈","start_date":"02/10 ","newbie":"경력","content":["\n        주요 업무\n        트립버디는 국내 1위 나홀로 여행객을 위한 동행 플랫폼입니다.트립버디는 1인 여행 시장에서 누구나 알만한 '서비스'로서, '브랜드'로서 성장하기 위해각 부서 별로 명확한 R\u0026R은 물론 각 도메인 별로 퍼포먼스를 내는데 집중합니다.트립버디팀은 개발팀, 사업 기획팀, 서비스 기획팀, 마케팅팀, 디자인팀데이터 분석가와 함께 소통하며 고객에게 최상의 서비스를 선사합니다.스스로가 서비스에 열정적인 이용자가 되보려 노력하며유저 데이터 및 실제 오프라인에서의 고객들의 행동을 살핍니다.따라서 자사 서비스와 여행 산업군에 대한 관심은 필수적입니다.단순 서비스를 넘어서 또 하나의 문화, 패러다임을 구축합니다.기능 하나하나 세심하게 작업해 항상 뿌듯할 만한 서비스를 만들기 위해 노력합니다.디테일은 매우 중요하며, 디테일을 향한 과정에서 많은 경험과 성장을 얻으실 것이라 생각합니다.기획은 고객과의 접점에 있는 핵심적인 부분이라 적극적으로 피드백하고 함께 연구합니다.\n      ","\n        업무 관련 기술 / 활동 분야\n        \n          Product owner\n          모바일서비스기획\n          서비스기획자\n          웹/앱기획\n          플랫폼서비스기획\n          B2B플랫폼\n          사업기획\n          사업개발\n        \n      ","\n        채용 상세\n        [담당업무]• 트립버디 Produc 기획 *(프론트/백엔드 어드민 시스템 등)• 서비스 Flow 정의 및 UI/UX기획• 프로젝트 일정 수립 및 품질 관리[자격요건]• 유관업무 경력 1~5년• Native App, Mobile/PC Web 서비스 경험이 있는 분• 다양한 포지션과의 원할한 커뮤니케이션 스킬과 협업 능력• 서비스 Flow 정의 및 UI/UX기획 능력• 사용자 중심의 사고력과 공감능력[우대사항]• 커머스 플랫폼 기획 및 운영 경험자• 여행 서비스 시장에 대한 이해도가 높고 관심이 많은 분[입사 절차]서류 전형 - 실무진 면접 - 임원진 면접 - 처우 협의 - 입사[근무조건]고용형태: 정규직 (수습기간 2개월)근무시간: 주 5일 (월요일 - 금요일) 10:00 - 18:00근무지: 서울시 금천구 가산동 714번지 스카이밸리 2차 908호[복지혜택]급여 외 자기계발비 별도 지급직무 관련 교육, 도서 비용 지원"]}