{"url":"https://www.rocketpunch.com//jobs/58496/%EC%84%9C%EB%B9%84%EC%8A%A4-%EA%B8%B0%ED%9A%8D-%EB%B0%8F-%EC%9A%B4%EC%98%81","title":"서비스 기획 및 운영","origin":"워드바이스","start_date":"02/18 ","newbie":"신입경력","content":["\n        주요 업무\n                    [ 업무 - Business Development) ]- PC, Mobile  UX 설계, 개선- 웹/모바일 서비스에 대한  서비스 전략 수집- B2B, B2C의 데이터 기반 서비스 기획- 프로젝트 리딩 및 관리- 고객 및 시장 분석을 통한 신규  비즈니스 기회 창출\n\n      ","\n        업무 관련 기술 / 활동 분야\n        \n          서비스기획\n          사업기획\n          사업전략\n          전략기획\n          사업개발\n          신사업기획\n          비즈니스분석\n          웹기획\n        \n      ","\n        채용 상세\n                    워드바이스는 2015년 런칭한 스타트업으로서 4,000명 이상의 원어민이 등록된 글로벌 영문 교정/번역 플랫폼을 운영하고 있으며, 기존에 불투명했던 영문 번역/교정 시장의 서비스 표준화/자동화를 통해 빠르게 성장하고 있으며, 크라우드소싱을 통하여 가격 경쟁력도 확보하고 있습니다. 교정/번역 데이터를 축적하여 경기대학교와 산학협력 과제로 개인화된 학습…\n            더 보기\n            워드바이스는 2015년 런칭한 스타트업으로서 4,000명 이상의 원어민이 등록된 글로벌 영문 교정/번역 플랫폼을 운영하고 있으며, 기존에 불투명했던 영문 번역/교정 시장의 서비스 표준화/자동화를 통해 빠르게 성장하고 있으며, 크라우드소싱을 통하여 가격 경쟁력도 확보하고 있습니다. 교정/번역 데이터를 축적하여 경기대학교와 산학협력 과제로 개인화된 학습 프로그램도 개발 중입니다. 비즈니스 모델의 핵심은 미국 영국에서 활동하는 550명이상의 아이비리그급 석박사 원어민과 번역사를 크라우드 소싱과 아웃소싱을 결합한 시스템을 통해 프리랜서로 고용합니다. 에세이리뷰라는 서비스 브랜드를 통해 5,100만 단어, 36,000건 이상의 영문 교정 서비스를 500개 이상의 17,000명 이상의 고객에게 제공하고 있습니다. 연세대, 고려대, 중앙대, 아산병원 등 26개 국내 외 연구기관과 B2B 계약을 맺고 있으며, 일본 법인을 설립하여 본격적으로 해외로도 확장 중입니다.이를 통해 학술영문교정 및 번역 단가를 낮추고 품질을 높여 세계 유명 학술기관과 B2C 연구자들에게 경쟁사대비 35% 저렴한 비용과 납기기한을 절반으로 축소했습니다. 프리랜서 석박사들은 원하는 시간에 원하는 곳에서 원하는 작업만을 할 수 있는 flexibility 이점 덕분에 상대적으로 낮은 단가 및 높은 만족도를 더불어 업무를 진행하고 있습니다.현재 워드바이스는 한국(essayreview.co.kr), 미국(wordvice.com), 중국(wordvice.cn), 대만(wordvice.com.tw), 일본(wordvice.jp), 터키(wordvice.com.tr) 총 6개국에서 영문교정 및 번역 서비스를 제공하고 있으며, 2017년에는 비즈코치( bizcoach.co.kr )라는 비즈니스 영어작문교육 플랫폼으로도 확장 중에 있습니다.국내 사업은 이미 안정적인 수익모델을 기반으로 탄탄한 재무안정성과 함께 빠르게 성장하고 있으며 (16개 대학교 및 정부기관 계약), 사업 포트폴리오 또한 지속적으로 확장하고 있습니다. 지난 3년간 투자 필요 없이 지속적으로 안정적으로 사업을 영위하고 있으며, 정보통신산업진흥원의 해외인재채용 및 창진원의 중국 엑셀러레이터 사업에도 선정되고 매출의 35%가 해외 매출로 해외사업도 빠른 성장을 하고 있습니다. 국내외 운용액 기준 1조 규모의 사모펀드/IB에서 펀드레이징과 투자경력을 가진 대표, 프로그래머, 미국인 컨텐츠 매니저, 그리고 영국/대만/일본/중국/터키인 PM으로 절반이 외국인으로 구성된 워드바이스 팀은 풍부한 사업운영 경험과 넓은 국내외 네트워크를 가지고 있습니다.[자격요건]- 실무경력 3년 이상- 서비스의 논리구조, 화면 흐름 설계 가능자- 웹기획/ 디자인/ 개발 등 웹 서비스 전반적 이해도가 있는 자- 다양한 분야의 UI/UX 사용성 기획 경험자- 다양한 직군과 원활한 커뮤니케이션이 가능하신 분[ 우대조건 - realistic, specific, passionate, detail-oriented ]- 영어로 의사소통이 가능하신 분- 온라인 교육 시장에 관심이 많으신 분- 꼼꼼하고 결과에 동기부여 되시는 분- 진취성/에너지 넘치는 분, 가만히 못 있는 성격[ 지원방법 ]info@essayreview.co.kr 으로 이력서와 자신의 장점을 3가지를 2-3줄로 정리해서 보내주시면 감사하겠습니다. 이력서 검토 후 면접 진행시 연락 드리겠습니다.\n"]}