{"url":"https://programmers.co.kr/job_positions/1599","title":"[유커넥] 백엔드 개발자","origin":"그럼에도","start_date":"","newbie":false,"content":["기술 스택\nCelery Python Django","업무 소개\n\n▶ 모두 백엔드 업무에 해당\n- 메인서비스 유지보수 및 기능 추가 (Django)\n- 메인서비스 확장 - 하나의 프로젝트 규모 (Django)\n- AWS 서버 운영/관리 및 배포 자동화\n- 데이터베이스 수집 시스템 및 스케줄러 (Django, Celery)\n- 신규 서비스 개발 (Ex. SNS, E-Commerce)","자격 조건\n\n▶ Developer Wanted\n넘치는 의욕을 해소하고,\n주도적으로 개발하고,\n코딩하는 방법에 대해 깊게 고민하고 싶고,\n유지보수와 확장이 가능한 구조화를 논의하고 싶고,\n나만의 만족을 넘어서서 서비스에 큰 기여를 해서,\n사용자의 만족과 회사 구성원의 만족을 이끌어내고 싶은\n\n열정 있는 개발자느님, 당신을 찾고 있습니다.\n\n▶ 자격요건\n- 유관경력 2년 이상\n- 능숙하게 다루는 프로그래밍 언어 2개 이상\n- 데이터베이스 설계, 적용 및 활용에 대한 높은 이해도\n- 유지보수가 쉽고 확장 가능한 코드 설계에 대한 끝없는 욕심\n- “책임감\"","우대 사항\n\n▶ 우대사항\n- django 개발 경험, AWS 인프라/CI/CD 경험, 대용량 데이터 운영 경험\n- 긍정적이고 적극적인 커뮤니케이션 스킬\n- 웹서비스 제품 전체 개발 프로세스 주도적 경험\n- English reading"]}