{"url":"https://programmers.co.kr/job_positions/1405","title":"Android (Kotlin) Developer","origin":"EMPO","start_date":"","newbie":false,"content":["기술 스택\nKotlin Android Firebase","업무 소개\n\n• Kotlin 언어로 개발되어 있는 앰포 안드로이드 프로젝트 버그 수정 및 소스 리팩토링\n• 백엔드 개발자와 API 통신을 위한 협업\n• UI / UX 디자이너와 협업을 통해 디자인 개선\n• 개발 전략 수립 및 회의 참여 필수","자격 조건\n\n• Kotlin 프로그래밍 기본 지식을 가진 개발자\n• MVC/P/VM 등의 다양한 디자인 패턴을 적용할 수 있는 개발자\n• Android 기본 Component를 이해하고(Activity, Service, BroadcastReceiver, ContentProvider), Android SDK UI컴포넌트로 자유롭게 UI를 구성할 수 있는 개발자\n• API 서버 비동기 연동 경험이 있는 개발자\n• Analytics Tools에서 데이터를 트래킹한 경험이 있는 개발자\n• Mobile Database (SQLite, SharedPreferences) 사용 경험이 있는 개발자\n• Firebase SDK를 애플리케이션에 적용 및 관리할 수 있는 개발자\n• Gradle Build 구성이 가능한 개발자\n• GitHub을 이용하여 코드관리 경험이 있는 개발자\n• Retrofit2 (OkHttp3, SSL) 네트워크 라이브러리를 사용해본 개발자\n• 소스 리뷰 혹은 리팩토링을 즐길 줄 아는 개발자\n• 팀 단위 혹은 개인적으로 안드로이드 앱을 실제 런칭 및 운영한 경험이 있는 개발자\n• 클린코드를 지향하는 개발자\n• 최신 오픈소스 및 라이브러리에 대해 관심이 많고, 반영하는 걸 좋아하는 개발자\n• 최신 트렌드를 두려워하지 않고, 빠르게 적응하며 지속적인 성장을 원하는 개발자","우대 사항\n\n• Android에서 Wi-Fi 관련 프로그래밍을 해본 개발자\n• Zeplin 사용해본 개발자\n• 다른 개발자 및 디자이너와 협업을 해본 개발자\n• 성능최적화와 운영자동화를 위한 지속적인 노력을 할 수 있는 개발자\n• 순발력과 빠른 판단을 통한 문제해결 능력이 있는 개발자\n• 서비스 개발과 유지보수에 대한 경험이 풍부한 개발자\n• 글로벌 서비스 마인드를 가진 개발자\n• 개발자 모임 활동의 참여와 기술트렌드 학습에 대한 의지를 가진 개발자"]}