{"url":"https://www.rocketpunch.com//jobs/68614/%EC%95%A0%EB%84%90%EB%A6%AC%EC%8A%A4%ED%8A%B8-%EC%8B%A0%EC%9E%85-%EA%B2%BD%EB%A0%A5","title":"애널리스트 (신입 / 경력)","origin":"비브릭","start_date":"01/23 ","newbie":"인턴신입경력","content":["\n        주요 업무\n                    블루 파이낸셜 그룹에서 외환 및 암호화폐 전문 리서치 애널리스트를 모십니다.비브릭 고객사들의 금융 상태를 진단하고 시장 리서치를 통해 데이터 분석을 수행합니다.더불어 자기자본에 대한 투자 집행에 대해서 판단하고 포지션 관리를 합니다.\n\n      ","\n        업무 관련 기술 / 활동 분야\n        \n          데이터분석\n          MySQL\n          Database\n          애널리스트\n          시장분석\n          기술분석\n          리포트 작성\n        \n      ","\n        채용 상세\n                    담당업무- 매일 쌓이는 시장 데이터를 취합 분석하여 통계, 시황 등을 진단합니다- 고객사들의 재무 상태를 분석하여 포트폴리오 제안을 합니다- 내부 자산 운용에 대한 다양한 트레이드 분석을 수행합니다자격요건- 4년제 학사 이상의 학력- 외국계 클라이언트와 비즈니스 소통할 수 있는 영어 능력- 엑셀 등 데이터 산출 툴 사용 가능 (Vlookup이나 피봇…\n            더 보기\n            담당업무- 매일 쌓이는 시장 데이터를 취합 분석하여 통계, 시황 등을 진단합니다- 고객사들의 재무 상태를 분석하여 포트폴리오 제안을 합니다- 내부 자산 운용에 대한 다양한 트레이드 분석을 수행합니다자격요건- 4년제 학사 이상의 학력- 외국계 클라이언트와 비즈니스 소통할 수 있는 영어 능력- 엑셀 등 데이터 산출 툴 사용 가능 (Vlookup이나 피봇테이블)- 분석용 통계 지식우대사항- 금융권이나 분석 포지션 경력- 전문 기술 분야나 도메인- 데이터 분석 툴 사용 경험- Pandas, R, MySQL과 같은 데이터 분석용 라이브러리 가능자- 외부 고객용 PPT나 리포트 작성 경험 및 포트폴리오\n\n            \n              \n                  \n                \n            \n          \n            \n              \n                  \n                \n            \n          "]}