{"url":"https://www.rocketpunch.com//jobs/60514/UX-%EB%94%94%EC%9E%90%EC%9D%B4%EB%84%88","title":"UX 디자이너","origin":"에이비일팔공","start_date":"02/18 ","newbie":"경력","content":["\n        주요 업무\n                    에이비일팔공의 미션은 고객이 데이터 기반의 의사결정으로 더 높은 비즈니스 KPI를 달성하게 하는 것입니다. 그로스해킹 경험이 풍부한 디지털 마케팅 전문가와 기술자들이 모인 팀으로 2016년 부터 모바일앱 광고성과 분석 툴 에어브릿지(airbridge.io)를 서비스하며 GS샵, 이베이코리아, 버거킹 등 300곳 이상의 기업을 고객으로 확보하고 있습니…\n            더 보기\n            에이비일팔공의 미션은 고객이 데이터 기반의 의사결정으로 더 높은 비즈니스 KPI를 달성하게 하는 것입니다. 그로스해킹 경험이 풍부한 디지털 마케팅 전문가와 기술자들이 모인 팀으로 2016년 부터 모바일앱 광고성과 분석 툴 에어브릿지(airbridge.io)를 서비스하며 GS샵, 이베이코리아, 버거킹 등 300곳 이상의 기업을 고객으로 확보하고 있습니다.\n\n      ","\n        업무 관련 기술 / 활동 분야\n        \n          UX디자인\n          dashboard\n          사용자경험\n          기획서\n          플로우차트\n          와이어프레임\n          사용자/관리자 가이드 작성\n          인터페이스 디자인\n          UX시나리오설계\n        \n      ","\n        채용 상세\n                    담당업무• 에어브릿지(airbridge.io) 대시보드 사용자 경험 설계• 에어블록 프로토콜(airbloc.org) 데이터 마켓플레이스 사용자 경험 설계• 기획문서의 시각/논리적 스크린 플로우 차트 및 와이어프레이밍 작성, 개발 가능성 점검 및 상세 기능 명세• 서비스 인포메이션 아키텍팅 및 표준문안 작성-자격요건• 기획 요구사항을 화면에 담아낼 수…\n            더 보기\n            담당업무• 에어브릿지(airbridge.io) 대시보드 사용자 경험 설계• 에어블록 프로토콜(airbloc.org) 데이터 마켓플레이스 사용자 경험 설계• 기획문서의 시각/논리적 스크린 플로우 차트 및 와이어프레이밍 작성, 개발 가능성 점검 및 상세 기능 명세• 서비스 인포메이션 아키텍팅 및 표준문안 작성-자격요건• 기획 요구사항을 화면에 담아낼 수 있는 인터페이스 컴포넌트에 대한 이해• 사용자의 사용 흐름을 고려하여 직관적으로 인터페이스를 설계하고 문안을 작성할 수 있는 능력• 기능 개발을 위해 발생 가능한 시나리오와 플로우 차트를 설계할 수 있는 능력• 기능 개발로 인한 화면 임팩트를 예상할 수 있는 유기적 사고력• 논리적으로 설득할 수 있는 커뮤니케이션 능력-우대사항• 데이터 기반 대시보드 설계 경험• B2B 서비스 출시 경험• 사용자 경험 설계 경력 2년 이상-[Always Better. Better, Always.]우리는 항상 내 일에 최선을 다하며, 더 잘할 수 있도록 성장할 기회를 모색합니다. 우리는 여태까지 개인의 성장이 팀의 성장으로 이어진다는걸 검증해왔으며 앞으로도 검증해 나갈 것입니다.회사의 주인은 우리 모두입니다. 업무 환경을 개선하고 프로세스를 효율화하여 생산성을 높일 수 있도록 스스로 노력하며 그에 따른 지원을 아끼지 않습니다.[업무 효율 중심 문화]• Open Culture, 우리가 몰입할 수 있는 업무 문화를 위해 적극적으로 의견을 개진하고 개선해나갑니다.• Airbase, 매월 모든 임직원이 모여 로드맵과 업무 티켓을 점검하고 회고합니다.• 직급체계가 아닌 '-님'을 통해 상호 수평적인 조직문화를 추구합니다.• 고사양의 업무용 디바이스를 지원합니다. (개인용 MacBook, MagicMouse, Magic Keyboard, LedPold FC750R, MagicTrack Pad, MicroSoft 인체공학 마우스 기본 지급 / 회의실 별 Apple TV 구비, 웹캠 사용 등)• 다양한 유료 소프트웨어를 사용하고 (Notion, Slack, Github, New Relic, Jira, Docswave 등), 언제든 새로운 툴을 도입할 수 있습니다.• 업무효율은 시간과 비례하지 않는다고 생각하기 때문에 야근을 지양합니다.• 사당역 도보 30초 거리에 우리만의 멋지고 쾌적한 사무실이 있습니다. (라운지, 미팅룸, 탕비실 등 시설 완비)[일하기 좋은 환경]• 코어 워킹 타임을 기반으로 한 자율 출퇴근제를 운영하고 있습니다.• 눈치 보지 않고 자율적으로 휴가를 사용할 수 있으며 포상 휴가 등 다양한 제도를 시행 중입니다.• 태어나주셔서 감사합니다, 연차와 별개로 생일 휴가를 사용할 수 있습니다.• 한 달에 한 번, 여성분들을 위한 유급 보건 휴가를 지원합니다.• 매월 다양한 용도로 사용 가능한 팀 회식비를 지원합니다. (점심 회식, 문화생활 등의 목적으로 사용할 수 있습니다.)• 해외 출장 시 항공권, 여행자 보험, 숙박 등의 일체 비용을 지원합니다.• 생일 event, 워크숍, 종무식 등 임직원과 함께 다채로운 사내 행사를 진행합니다.• 음료, 과자, 커피 등 간식을 무한제공합니다.• 제한 없는 저녁 식사와 야근교통비를 지원합니다.• 안락한 휴식을 위해 수면실, 리클라이너 소파와 같은 편의시설을 운영합니다.• 비즈니스 캐주얼? NO! 패션은 자유입니다.• 사내전문가님과의 프로필 사진 촬영을 통해 인생샷을 선물해드립니다.• 검증된 실력이라면 업계 최고 수준으로 보상해드립니다.[성장 지원]• Review180, 분기별 동료 간의 피드백을 통해 자기 성장은 물론 이를 바탕으로 공정하고 객관적인 보상체계를 운영합니다.• 나와 팀원의 성장을 위해 강의, 세미나, 컨퍼런스 등 교육에 지원을 아끼지 않습니다.• 읽고 싶은 책은 분야에 관련 없이 모두 구매할 수 있습니다.[생활 안정 지원]• 작지만 큰마음으로 임직원의 기쁨과 슬픔을 함께하고자 경조사 지원금을 드립니다.• 설날, 추석과 같은 명절에 인당 10만 원 상당의 상품권을 선물로 드립니다.• 본인은 물론 부모님까지 건강검진 할인 적용이 가능합니다.• 청년내일채움공제 가입이 가능합니다.• 4대 사회보험 가입을 통해 임직원의 안정적 생활을 도모합니다.\n\n            \n              \n                  \n                \n            \n          \n            \n              \n                  \n                \n            \n          \n            \n              \n                  \n+3                \n            \n          \n            \n              \n                  \n                \n            \n          \n            \n              \n                  \n                \n            \n          \n            \n              \n                  \n                \n            \n          "]}