{"url":"https://www.rocketpunch.com//jobs/69060/%EC%9E%90%EC%9C%A8%EC%A3%BC%ED%96%89-%EC%8B%9C%EC%8A%A4%ED%85%9C-%EA%B0%9C%EB%B0%9C-ADAS-%EC%98%81%EC%83%81%EC%B2%98%EB%A6%AC%EC%9D%B8%EC%8B%9D-%EB%94%A5%EB%9F%AC%EB%8B%9D-%EC%A0%95%EB%B0%80%EC%A7%80%EB%8F%84-LDM-%EA%B0%9C%EB%B0%9CV2X-SENSORIS-ASN1","title":"자율주행 시스템 개발 (ADAS, 영상처리/인식, 딥러닝, 정밀지도) / LDM 개발(V2X, SENSORIS, ASN.1)","origin":"유원지리정보시스템","start_date":"02/10 ","newbie":"경력","content":["\n        주요 업무\n        - 인공지능 자율주행 지원 딥러닝 연구개발,정밀도로지도 활용 영상 처리 및 GIS 구축,c/c++ 딥러닝 영상처리 응용어플리케이션 개발 00명- LDM 개발(V2X, SENSORIS, ASN.1) 00명\n      ","\n        업무 관련 기술 / 활동 분야\n        \n          C++\n          OpenCV\n          ASN.1\n          Ubuntu\n          Visual SLAM\n          slam-algorithm\n          자율주행\n          딥러닝이미지분석\n          opencl\n          computer-vision\n          image-processing\n          deep-learning\n          socket-programming\n        \n      ","\n        채용 상세\n        담당업무- 인공지능 자율주행 지원 딥러닝 연구개발,정밀도로지도 활용 영상 처리 및 GIS 구축,c/c++ 딥러닝 영상처리 응용어플리케이션 개발 00명- LDM 개발(V2X, SENSORIS, ASN.1) 00명자격요건- 경력 : 경력 3년 ~ 10년- 직급/직책 : 주임연구원, 선임연구원, 책임연구원급우대사항- 컴퓨터/시스템공학- 공학계열"]}