{"url":"https://www.rocketpunch.com//jobs/50226/%EC%9C%A0%ED%95%99-%EA%B5%90%EC%9C%A1%ED%9A%8C%EC%82%AC-%EA%B3%BC%EC%99%B8-%EC%A4%91%EA%B0%9C-%EC%88%98%EC%97%85-%EC%83%81%EB%8B%B4-%EC%98%81%EC%97%85-%EA%B4%80%EB%A6%AC","title":"유학 교육회사 - 과외 중개 (수업 상담, 영업, 관리)","origin":"그루미","start_date":"02/17 ","newbie":"인턴신입경력","content":["\n        주요 업무\n                    유학 교육회사로서 학생, 학부모님, 선생님께서 이용가능한 웹 (추후 모바일) 어플리케이션을 제공합니다. 제공중인 서비스는 1. 과외 매칭, 2. 인강/출판, 3. 교육 컨텐츠, 4. 컨설팅, 5. 학원이 있습니다.이미 축적된 4500+ 유저 및 3500+ 수업신청서 데이터를 통해 유학 과외 매칭 업계에서는 선두를 달리고 있으며 학부모님을 사로잡는 영…\n            더 보기\n            유학 교육회사로서 학생, 학부모님, 선생님께서 이용가능한 웹 (추후 모바일) 어플리케이션을 제공합니다. 제공중인 서비스는 1. 과외 매칭, 2. 인강/출판, 3. 교육 컨텐츠, 4. 컨설팅, 5. 학원이 있습니다.이미 축적된 4500+ 유저 및 3500+ 수업신청서 데이터를 통해 유학 과외 매칭 업계에서는 선두를 달리고 있으며 학부모님을 사로잡는 영업실력과 책임감 있는 매칭 후 관리를 통해 더욱 성공적인 매칭 확율과 만족스러운 과외 서비스 제공하고 사업 확장에 함께 해주실 수 있는 분을 만나고 싶습니다.1. 학부모님 수업 상담 (학생 성향과 학업 배경/상황 정리)- 새로운 학부모님 유치2. 학부모님과 선생님 매칭 (선생님 가능여부 확인 후)3. 학부모님 관리 (수업 진행보고서 체크 및 학업성취 보고/ 학원 학생 출석 체크)- 기타과목 수업, 인강, 학원특강 영업4. 자동 학생/학부모님-선생님 매칭 활성화- 학생/학부모님과 선생님이 직접 서로 연락할 수 있는 쪽지 기능*상담, 관리 중 자연스럽게 영업으로 이어집니다*선생님, 학부모님과의 전화 커뮤니케이션이 자주 필요로 됩니다*상세 업무 내용 https://goo.gl/rUwQPN 에서 확인 가능합니다\n\n      ","\n        업무 관련 기술 / 활동 분야\n        \n          고객관리\n          고객상담\n          고객센터\n          고객대응\n          운영\n        \n      ","\n        채용 상세\n                    그루미 회사의 고객상담 및 서비스 영업 업무를 맡아 회사를 키워주실 동료분을 만나고 싶습니다.희망인재- 고객과의 소통 (커뮤니케이션) 업무에 대한 열정과 보람을 느끼시는 분- 책임감 있고 꼼꼼함 업무 스타일 - 그루미 회사 가치 공유 *자사의 기업문화 및 사무실 환경 소개영상 참고 부탁드리겠습니다.www.gurume.kr/about_gurume/ca…\n            더 보기\n            그루미 회사의 고객상담 및 서비스 영업 업무를 맡아 회사를 키워주실 동료분을 만나고 싶습니다.희망인재- 고객과의 소통 (커뮤니케이션) 업무에 대한 열정과 보람을 느끼시는 분- 책임감 있고 꼼꼼함 업무 스타일 - 그루미 회사 가치 공유 *자사의 기업문화 및 사무실 환경 소개영상 참고 부탁드리겠습니다.www.gurume.kr/about_gurume/career우대조건- 유학원 근무경험 혹은 유학 경험- 해당직무 근무경험- 커뮤니케이션 스킬 (설득력, 친화력, 관계유지)- 영어 가능자업무장비 - 아이폰/ 에어팟- 노트북- 기타 요청사항*전화와 문자가 많이 필요로 되지만 개인 핸드폰 사용 필요 无 *편리하고 효율적인 전화 상담 업무환경 목표 복리후생 - 점심/간식- 영어 교육- 원격근무 (주 1회)- 회사 근처 쉐어하우스 숙소 + 전동킥보드 (옵션)*영어 교육이란 1. 영국 원어민과의 1:1 화상 대화, 2. 업무 중 자연스러운 영어로의 대화전형절차1. 직무경험이 표시된 이력서 이메일 (영문레쥬메가 있으실 경우 첨부)2. 그루미와 지원자분이 서로 알아갈 수 있는 커피 한잔의 시간- 그루미 사무실 및 업무환경 소개- 학부모님 상담/ 영업에 대한 토론 및 질의응답- 관련 담당업무 시범- 그루미 동료들과의 간단한 인사 및 업무 스타일 이야기- 근무 조건 상의*담당업무 시범은 ~45분이 될 것이며 그루미 장비 혹은 구비하신 개인장비로 진행되겠습니다.3. 팀 합류 여부 통지\n\n            \n              \n                  \n                  \n                \n            \n          \n            \n              \n                  \n                \n            \n          \n            \n              \n                  \n                \n            \n          "]}