{"url":"https://www.rocketpunch.com//jobs/69005/%EA%B8%B0%ED%9A%8D%EC%84%9C%EB%B9%84%EC%8A%A4%EC%82%AC%EC%97%85%EC%BD%98%ED%85%90%EC%B8%A0-%EC%A0%84%EB%AC%B8%EA%B0%80%EB%A5%BC-%EB%AA%A8%EC%8B%AD%EB%8B%88%EB%8B%A4","title":"기획(서비스\u0026사업\u0026콘텐츠) 전문가를 모십니다.","origin":"리얼메이커","start_date":"02/26 ","newbie":"경력","content":["\n        주요 업무\n                    공간정보를 기반으로 증강현실 서비스를 사용 할 수 있는 사업모델을 기획하고 구체화 하실 분을 찾고 있습니다.대상플랫폼과 메인서비스는 안드로이드 모바일 앱 서비스 형태이며 서비스 제공과 운영을 위한 통합 웹 서비스도 기획 예정입니다.서비스 초기 기획안 및 가능성 타진을 위한 프로토타입은 시험을 마친 상태입니다.이제는 상용서비스 목표를 위해 기획안을 다…\n            더 보기\n            공간정보를 기반으로 증강현실 서비스를 사용 할 수 있는 사업모델을 기획하고 구체화 하실 분을 찾고 있습니다.대상플랫폼과 메인서비스는 안드로이드 모바일 앱 서비스 형태이며 서비스 제공과 운영을 위한 통합 웹 서비스도 기획 예정입니다.서비스 초기 기획안 및 가능성 타진을 위한 프로토타입은 시험을 마친 상태입니다.이제는 상용서비스 목표를 위해 기획안을 다듬고 세분화하여 구체화 할 단계입니다.주요업무는 프로젝트를 전반적으로 리드 하시고 서비스에 대한 기획을 담당하시게 됩니다.아직은 작은 회사이지만 함께 성장하실 분을 찾고 있습니다.많은 지원 부탁드립니다.\n\n      ","\n        업무 관련 기술 / 활동 분야\n        \n          Android\n          증강현실/가상현실\n          사업개발\n        \n      ","\n        채용 상세\n                    담당업무- 프로젝트 기획 리딩- 위치기반/지도 정보 서비스 사업 기획 / 설계- 증강현실/혼합현실 관련 서비스, 콘텐츠 기획 / 설계자격 우대 요건- 손 그림 및 그래픽 소프트웨어를 활용한 의견 제시에 자신 있으신분- 창의적이고 톡톡튀는 아이디어로 무장하신분- 담당업무에 대한 열정 및 책임감을 갖고계신분- 팀워크를 중요하게 생각하시는분- 원활한 커뮤…\n            더 보기\n            담당업무- 프로젝트 기획 리딩- 위치기반/지도 정보 서비스 사업 기획 / 설계- 증강현실/혼합현실 관련 서비스, 콘텐츠 기획 / 설계자격 우대 요건- 손 그림 및 그래픽 소프트웨어를 활용한 의견 제시에 자신 있으신분- 창의적이고 톡톡튀는 아이디어로 무장하신분- 담당업무에 대한 열정 및 책임감을 갖고계신분- 팀워크를 중요하게 생각하시는분- 원활한 커뮤니케이션이 가능하신분우대사항-AR VR 서비스 개발 경력 및 유관업무 경험이 있으신분-UI/UX 디자인 경험 있으신분 -사무실 출퇴근이 가능하신분\n\n            \n              \n                  \n                  \n                \n            \n          "]}