{"url":"https://www.rocketpunch.com//jobs/66781/%EA%B7%B8%EB%A0%88%EC%9D%B4%ED%94%84-%EB%9D%BC%EC%9A%B4%EC%A7%80-%EC%BB%A4%EB%AE%A4%EB%8B%88%ED%8B%B0-%EB%A7%A4%EB%8B%88%EC%A0%80-%EC%B1%84%EC%9A%A9","title":"[그레이프 라운지]   커뮤니티 매니저 채용","origin":"그레이프","start_date":"01/15 ","newbie":"신입경력","content":["\n        주요 업무\n                    ·       포지션 : 그레이프라운지 커뮤니티 매니저o  그레이프라운지의 운영 관리 업무 (현재 서울대입구역점이 운영 중이며, 2020년 3월 중에 이대점과 강남점 신규 출점 예정)o (주)그레이프라운지 소속으로, 그레이프 라운지를 전반적으로 운영 관리하며, 고객 편의 제고를 위한 다양한 커뮤니티 프로그램 및 이벤트 진행o  단순 시설 관리자가 아…\n            더 보기\n            ·       포지션 : 그레이프라운지 커뮤니티 매니저o  그레이프라운지의 운영 관리 업무 (현재 서울대입구역점이 운영 중이며, 2020년 3월 중에 이대점과 강남점 신규 출점 예정)o (주)그레이프라운지 소속으로, 그레이프 라운지를 전반적으로 운영 관리하며, 고객 편의 제고를 위한 다양한 커뮤니티 프로그램 및 이벤트 진행o  단순 시설 관리자가 아닌 그레이프 라운지를 대표하여 고객을 감성적으로 케어하고, 지역 내 커뮤니티의 형성 및 유지를 담당하는 역할\n\n      ","\n        업무 관련 기술 / 활동 분야\n        \n          매장관리\n        \n      ","\n        채용 상세\n                    ·       업무 내용o   마케팅 및 회원 대상 Event 기획 / 진행    -  신규 고객 유치 또는 기존 고객 로열티 향상을 위한 마케팅 활동    -  회원 커뮤니티 형성을 위한 Event 기획 및 진행o   고객응대, 컨시어지 서비스    -  신규 고객을 위한 시설 및 서비스 안내    -  고객 문의 / 불편 사항 접수 및 대응o  …\n            더 보기\n            ·       업무 내용o   마케팅 및 회원 대상 Event 기획 / 진행    -  신규 고객 유치 또는 기존 고객 로열티 향상을 위한 마케팅 활동    -  회원 커뮤니티 형성을 위한 Event 기획 및 진행o   고객응대, 컨시어지 서비스    -  신규 고객을 위한 시설 및 서비스 안내    -  고객 문의 / 불편 사항 접수 및 대응o   매장 관리    -  상품 판매 및 결제 진행    -  시설 관리, 청결 관리 (매장 전반적인 위생 관리, 의자 정리, 청소 등), 비품/재고 관리, 매출 관리 등    -  지점 담당자로서 그레이프 본사와의 상시 커뮤니케이션 진행 ·       자격 요건o   필수 조건 : 4년제 대학 재학 졸업    -  그 외 성별, 연령 무관o   우대 조건    -  이화여대, 강남역 인근 지역 거주 또는 정기적 이용 (학교, 직장 등) 경험 기반 해당 상권에 대한 높은 이해도 보유    -   커피숍, 베이커리, 레스토랑 등 매니저, 점장 등 Retail Shop 에서 고객 응대 및 서비스 관련 업무 경험 보유    -   홍보 이벤트, 커뮤니티 프로그램 등 마케팅 기획관련 업무 경험 보유·       업무 적합 성향o   밝고 사교적인 성격o   꼼꼼하고 섬세한 업무 처리 능력o   다양한 관계자와 의견 조율 및 협업을 할 수 있는 분o   불편한 것에 익숙해지지 않고 이를 개선시킬 의지와 실행력을 가지신 분o   매사에 책임감과 긍정적인 마음가짐을 지니신 분·       근무 조건o   근무지 : 서울시 관악구 봉천동 서울대입구역 인근 (해당 근무지로 출퇴근)o   근무요일 : 주 5일 (요일 협의 / 토요일, 일요일 중 1일 근무 要)o   근무시간 : 해당 시간대 중 순환 근무 (09:30 ~ 19:00 / 14:30 ~ 23:30 / 식사시간 포함)o  연봉: 2500만원 (월 210만원 수준) (수습기간 3개월, 수습기간 종료 후 결과에 따라 정규직 전환 / 경력에 따라 협의 가능) 야간 수당 포함o   복리후생 : 정규직 채용 전제, 4대 보험 가입, 유니폼 지급, 경조휴가 지급\n\n            \n              \n                  \n                \n            \n          \n            \n              \n                  \n                \n            \n          \n            \n              \n                  \n                \n            \n          "]}