{"url":"https://www.rocketpunch.com//jobs/63620/%ED%94%84%EB%A1%9C%EB%8D%95%ED%8A%B8-%EB%94%94%EC%9E%90%EC%9D%B4%EB%84%88","title":"프로덕트 디자이너","origin":"리디(주) - 라프텔 사업본부","start_date":"02/18 ","newbie":"경력","content":["\n        주요 업무\n                    “합법적으로 무료로 애니메이션을 감상할 수 있는 서비스”라프텔의 팀원이 되실 프로덕트 디자이너님을 모십니다.현재 어둠의 경로를 통해 무료로 애니를 감상하는 사용자들이, 미래에 돈을 지불하더라도 사용하고 싶은 매력적인 서비스를 함께 만들어 갈 새로운 팀원을 충원하고 있습니다.라프텔의 프로덕트 디자이너는 사용자와 제품을 이해하고 문제를 정의 및 해결점을…\n            더 보기\n            “합법적으로 무료로 애니메이션을 감상할 수 있는 서비스”라프텔의 팀원이 되실 프로덕트 디자이너님을 모십니다.현재 어둠의 경로를 통해 무료로 애니를 감상하는 사용자들이, 미래에 돈을 지불하더라도 사용하고 싶은 매력적인 서비스를 함께 만들어 갈 새로운 팀원을 충원하고 있습니다.라프텔의 프로덕트 디자이너는 사용자와 제품을 이해하고 문제를 정의 및 해결점을 도출하여 보다 편리하고 쾌적하게 제품을 사용할 수 있도록 사용성 개선 및 새로운 기능을 제공합니다. 또한 태스크 중심으로 제품(App/Web)의 문제를 정의하고 이를 해결하기 위한 UX 기획 및 UI 디자인을 수행합니다.콘텐츠를 소비하는 사람 그리고 그 콘텐츠를 만드는 사람 모두가 행복할 수 있는 플랫폼이 될 수 있도록, 라프텔을 함께 만들어 나가며 영감을 나누고 성장하실 분들의 많은 관심과 지원 부탁드립니다.\n\n      ","\n        업무 관련 기술 / 활동 분야\n        \n          UI/UX디자인\n          Sketch\n          서비스디자인\n          Adobe Illustrator\n          Adobe Photoshop\n          모바일디자인\n          UX디자인\n          figma\n          zeplin\n          UI디자인\n          GUI디자인\n          프로덕트디자인\n        \n      ","\n        채용 상세\n                    담당업무- 라프텔 App/Web 제품 디자인- Task 중심의 Product 개선을 위한 문제 정의 및 해결점 도출- UX를 기획하고 이에 필요한 요구사항 작성 후 Wireframing- Sketch 혹은 Figma로 UI디자인 후 최종 GUI를 제플린으로 전달- 상황에 따라 Prototype을 만들어 실제와 비슷하게 인터랙션 확인- Product의…\n            더 보기\n            담당업무- 라프텔 App/Web 제품 디자인- Task 중심의 Product 개선을 위한 문제 정의 및 해결점 도출- UX를 기획하고 이에 필요한 요구사항 작성 후 Wireframing- Sketch 혹은 Figma로 UI디자인 후 최종 GUI를 제플린으로 전달- 상황에 따라 Prototype을 만들어 실제와 비슷하게 인터랙션 확인- Product의 공통된 Design System 정립 및 구조적 UI 설계자격요건- App/Web 서비스 UX/UI 디자인 경력 최소 3년 이상- 문제를 정의하고 해결하기 위한 UX기획 및 설계가 가능하신 분- Sketch 혹은 Figma로 UI디자인이 가능하신 분- 개발자, PM 등과의 원활한 커뮤니케이션 능력 갖춘 분우대사항- 라프텔 서비스를 꾸준히 이용하시는 분- 애니메이션를 포함한 서브 컬쳐 및 각종 디지털 콘텐츠를 좋아하시는 분- 상용 서비스 출시 경험이 있으신 분- 성장을 위해 함께 지식을 나누며 영감을 주실 분\n"]}