{"url":"https://www.rocketpunch.com//jobs/65758/%EC%8B%9C%EB%8B%88%EC%96%B4-%ED%92%80%EC%8A%A4%ED%83%9DFull-stack-%EA%B0%9C%EB%B0%9C%EC%9E%90","title":"시니어 풀스택(Full-stack) 개발자","origin":"쉐어잇","start_date":"11/21 ","newbie":"신입경력","content":["\n        주요 업무\n                    '너 내 동료가 되라'일본의 인기 만화 '원피스'의 유명한 대사죠.주인공 '루피'가 동료로 삼고 싶은 인물에게 항상 던지는 말입니다.원피스의 등장인물들은 주인공 '루피'가 해적왕이 될 수 있도록 함께 하기도 하지만,자신만의 '꿈'을 이루기 위해 험난 여정을 함께 합니다.우리에겐 단순히 일만 하는 '직원'이 아니라,함께 시장을 헤쳐나가고, 서로의 꿈,…\n            더 보기\n            '너 내 동료가 되라'일본의 인기 만화 '원피스'의 유명한 대사죠.주인공 '루피'가 동료로 삼고 싶은 인물에게 항상 던지는 말입니다.원피스의 등장인물들은 주인공 '루피'가 해적왕이 될 수 있도록 함께 하기도 하지만,자신만의 '꿈'을 이루기 위해 험난 여정을 함께 합니다.우리에겐 단순히 일만 하는 '직원'이 아니라,함께 시장을 헤쳐나가고, 서로의 꿈, 목표를 이루기 위해 함께 성장해 나갈 수 있는'동료'가 필요합니다.쉐어잇과 함께하는 동료가 되어주세요!1.쉐어잇 Shrae.IT : Share all around you with IT. '공유와 IT기술을 통해 세상을 이롭게 하다.'  공간, 주거, 교통, 통신, 생산 설비 등  세상의 모든 자원은 한정적이지만 반드시 소유해야 하는 것들은 그리 많지 않습니다.  우리는 공유의 가치를 믿으며, IT기술을 통해 그 가치를 높이고자 합니다.  사람은 많고 땅덩어리는 조그마한 대한민국에서,  부족한 공간의 문제를 해결하고자 '공간 공유'에서 첫 서비스를 시작하고 있습니다.  1)스쿨쉐어링'스쿨쉐어링'은 쉐어잇이 실현하고자 하는 공유 경제의 가치 중, 그 첫 번째입니다.우리 주변에는 버려지거나 사용되지 않는 학교 공간이 너무나도 많습니다.전국에 약 11,000개의 학교가 있고, 초중고등학교 내에는 교실, 강의실, 실내체육관, 잔디운동장 등이 있고, 대학교에는 초중고등학교에 있는 시설뿐만 아니라 공연장, 컨벤션홀, 상업시설 등 다양한 공간이 있습니다.하지만 활용 용도가 다양한 많은 학교 중 제대로 활용되고 있는 학교들은 50%도 되지 않습니다.사용되지 않는 학교 공간을 제대로 활용할 수 있다면,부족한 주차 공간, 생활 체육 시설 등의 사회적인 문제들을 해결할 수 있고,개인 사용자는 더욱 저렴한 비용으로 필요한 공간을 이용하고,기업, 단체 사용자는 불필요한 공간(시설) 설립을 위한 비용을 획기적으로 줄일 수 있습니다.2017년 초, 1개 학교, 1개 공간에서 시작한 지금,18번째 학교, 약 5,500여 개의 공간 공유를 앞두고 있습니다.2017년에 서울시 공유경제 기업으로 지정되고 과학기술부 TIPS 프로그램 선정,2018년에는 시리즈 A 투자를 받으면서,점차, 학교 공간 공유의 선두 주자로 인정받고 있습니다.2019년에는 서울시 공유경제팀, 대학 협의체 기관 등 협업 파트너들과 함께 추가 학교 공간 확장을 계획하고 있습니다.(2020년 내 100개 학교 확장 계획)현재 경쟁기업이 전혀 없는 상황으로,선제로 학교 공간을 선점하여 공간 공급량을 늘려, 서울·경기 지역 80% 이상, 전국 50% 이상의 학교 공간에 스쿨쉐어링을 서비스할 계획입니다.서비스 기간이 확대되고, 서비스 가능 지역을 확장하여 누적되는 공급-수요 데이터와 운영 노하우를 통해 공공시설 공간, 상업시설 공간 공유 시장으로도 점차 서비스 대상을 확대할 계획입니다.• 쉐어잇 IT 전반에 걸친 운영 및 개발• 쉐어잇을 구성하는 기술- Jsp, Spring, HTML, CSS, Javascript- Java, Swift- Git, Jenkins\n\n      ","\n        업무 관련 기술 / 활동 분야\n        \n          JSP\n          MySQL\n          Java\n          HTML5, CSS3, jQuery, javascript\n          Git\n          Jenkins\n          Spring\n          Swift\n          Back-end\n          full stack\n          Front-end\n          풀스택개발\n          서버관리\n        \n      ","\n        채용 상세\n                    담당업무• 쉐어잇 IT 전반에 걸친 운영 및 개발• 쉐어잇을 구성하는 기술-Java(JSP,SPRING), GitHub-Elastic-MySQL,MSSQL,ORACLE-Proxmox,HA-WindowsServer, Ubuntu, Debian, CentOS자격요건• 풀스택 개발 4년 이상 혹은 그에 준하는 실력• B2C, B2B 서비스 초기 구축부터 …\n            더 보기\n            담당업무• 쉐어잇 IT 전반에 걸친 운영 및 개발• 쉐어잇을 구성하는 기술-Java(JSP,SPRING), GitHub-Elastic-MySQL,MSSQL,ORACLE-Proxmox,HA-WindowsServer, Ubuntu, Debian, CentOS자격요건• 풀스택 개발 4년 이상 혹은 그에 준하는 실력• B2C, B2B 서비스 초기 구축부터 유지/보수 했던 경험 있으신 분• 개발팀을 리딩해본 경험우대사항• 스타트업 근무 경험이 있으신 분• 주도적으로 결과물의 수준을 높이고자 하는 열정이 있으신 분• 자신이 만든 서비스에 대한 책임감이 강하신 분• 본인의 의사결정이 조직에 미치는 영향력을 잘 이해하시는 분• 다른 분야 전문가, 외부 기술자 인력과의 커뮤니케이션 스킬이 뛰어나신 분혜택 및 복지• 월, 분기, 1년 목표에 따른 개인 인센티브 지급(월 1회, 분기 1회, 연 1회)• 개인 성과에 따른 연말 인센티브• 경력에 따라 연봉 협의 가능• 성장을 위한 자유로운 지원(도서 무제한 구입, 세미나 참석 등)• 자유로운 연차사용• 간식 및 커피 제공 및 야근 시 석식비 지원• 생일자선물\n"]}