{"url":"https://www.rocketpunch.com//jobs/69594/%ED%94%84%EB%A1%A0%ED%8A%B8%EC%97%94%EB%93%9C-%EA%B0%9C%EB%B0%9C%EC%9E%90-Front-end-engineer-%EC%B1%84%EC%9A%A9","title":"프론트엔드 개발자 (Front-end engineer) 채용","origin":"블랜디드","start_date":"02/14 ","newbie":"신입경력","content":["\n        주요 업무\n                    - React Native 기반 Fitsme 앱 서비스, React 기반 기업용 웹 서비스 개발- 빠르고, 예외상황에 잘 대응하는 front-end service 구현- Front-end 표준 만들기: Component, Style, State를 관리하는 방법의 지속적인 발전- React Native deep dive 및 contribution- P…\n            더 보기\n            - React Native 기반 Fitsme 앱 서비스, React 기반 기업용 웹 서비스 개발- 빠르고, 예외상황에 잘 대응하는 front-end service 구현- Front-end 표준 만들기: Component, Style, State를 관리하는 방법의 지속적인 발전- React Native deep dive 및 contribution- Performance monitoring \u0026 optimization\n\n      ","\n        업무 관련 기술 / 활동 분야\n        \n          react-native\n          React.js\n          Front-end\n          TypeScript\n        \n      ","\n        채용 상세\n                    [Who we are?]우리는 문제를 해결하는 팀입니다. 그리고 뷰티 산업의 문제를 풀고 있습니다.우리는 뷰티 산업의 정보를 '소비자 중심(user-centric)'으로 개편해, 소비자들과 기업들을 새로운 형태로 연결함으로써 이를 달성하고자 합니다.- 우리는 기술(테크)를 통해 실존하는 니즈를 해결하는 것에 관심이 있습니다.- 우리는 새로운 기술을 …\n            더 보기\n            [Who we are?]우리는 문제를 해결하는 팀입니다. 그리고 뷰티 산업의 문제를 풀고 있습니다.우리는 뷰티 산업의 정보를 '소비자 중심(user-centric)'으로 개편해, 소비자들과 기업들을 새로운 형태로 연결함으로써 이를 달성하고자 합니다.- 우리는 기술(테크)를 통해 실존하는 니즈를 해결하는 것에 관심이 있습니다.- 우리는 새로운 기술을 가장 먼저 활용 하는데에 관심이 많습니다.- 빠르게 실패하고 성장하는 환경을 장려합니다.- 원대한 목표를 갖고, 한국뿐이 아닌 글로벌 플랫폼으로써 성장하고자 합니다.[What we do?]뷰티 산업에서 소비자들과 기업들이 겪는 문제에 집중합니다. 이를 위해 아래와 같은 서비스/인프라를 만들고 운영합니다.- FITSME ( 소비자용 App, 소개: https://fitsme.kr/ ): 뷰티 소비자들이 스스로 만족할만한 화장품을 잘 구매하고, 잘 사용할 수 있도록 돕습니다.- FITSME partners ( 기업용 Web, 소개: http://business.fitsme.kr/ ): 기업들이 자사 화장품을 구매할 가능성이 높은 잠재 소비자들을 찾고, 그들에게 마케팅을 진행하고, 그들에 대한 Insight를 얻을 수 있도록 돕습니다.- Cosmochain ( Blockchain ecosystem, 소개: https://cosmochain.io/ ): 뷰티 산업의 정보를 '소비자 중심'으로 개편, 소비자와 공급자를 연결하는 새로운 에코시스템을 만듭니다.[Tech: what we have?]- TypeScript, GraphQL, React Native, Serverless Architecture 등의 최신 기술을 production 에서 안정적으로 사용한 경험을 갖고 있습니다.- Terraform, Gitlab CI 를 적극 활용해서 back-end project 를 안정적으로 개발/운영/배포하고 있습니다.- 무엇인가를 더 제공하기보다 일에 방해가 되는 일들을 제거하는 것에 더 집중합니다. (e.g. 야근, 잦은 회의)[Tech stack: Front-end]아래 링크를 참조해주세요.https://www.notion.so/happyhacking/Tech-Stack-Frontend-ed4aded2ae8c47c5adb91e2f33f00450[자격요건]- Typescript (or javascript ESNEXT) 로 문제풀이가 가능하신 분- React 혹은 Vue, Angular 경험이 있으신 분- Github/Gitlab 에 계정이 있으며 자신의 코드를 남과 공유해본 경험이 있으신 분- Reading skills in english- 팀으로 일하는 것을  즐기고, 문화를 만들어나가는데 관심이 있으신 분[우대조건]- React Native가 적용된 서비스 제작 및 운영에 메인으로 참여하신 분- 자동화, 최적화 경험이 있으신 분- 리팩토링을 즐겨 하시는 분- Open source 프로젝트에 기여하신 경험이 있는 분[Process]- 서류 지원- On site 면접- 온라인 코딩 테스트- 대표와의 면담 (협의 사항)- 연봉 및 보상 협의\n"]}