{"url":"https://www.rocketpunch.com//jobs/47359/%EC%97%85%EA%B3%84-%EC%83%81%EC%9C%84-%EC%97%B0%EB%B4%89-iOS-%EA%B0%9C%EB%B0%9C%EC%9E%90-%EB%AA%A8%EC%A7%91","title":"[업계 상위 연봉] iOS 개발자 모집","origin":"에스브이","start_date":"11/27 ","newbie":"신입경력","content":["\n        주요 업무\n                    iOS 개발\n\n      ","\n        업무 관련 기술 / 활동 분야\n        \n          iOS\n          Objective-C\n          Swift\n          Auto Layout\n          storyboard\n          객체지향\n          OpenSource\n          App Store\n          RxSwift\n          MVVM\n          Git\n        \n      ","\n        채용 상세\n                    [자격요건]- 2년 이상의 iOS 개발 경력- iOS 플랫폼 및 애플의 디자인 인터페이스 가이드라인에 대한 이해도가 있으신 분- Objective-C, Swift, Auto Layout, Storyboard, 객체지향 등의 이해도가 있으신 분- 오픈소스 라이브러리 사용에 익숙하신 분- 앱스토어 업로드 또는 서비스 경험- 원활한 커뮤니케이션과 협업능력…\n            더 보기\n            [자격요건]- 2년 이상의 iOS 개발 경력- iOS 플랫폼 및 애플의 디자인 인터페이스 가이드라인에 대한 이해도가 있으신 분- Objective-C, Swift, Auto Layout, Storyboard, 객체지향 등의 이해도가 있으신 분- 오픈소스 라이브러리 사용에 익숙하신 분- 앱스토어 업로드 또는 서비스 경험- 원활한 커뮤니케이션과 협업능력- 새로운 기술을 익히거나 배우는 것을 좋아하시는 분[우대사항]- RxSwift 및 MVVM 패턴에 대한 이해- Git 버전관리 사용 경험- 영어가능자\n\n            \n              \n                  \n                \n            \n          \n            \n              \n                  \n                \n            \n          \n            \n              \n                  \n+1                \n            \n          \n            \n              \n                  \n                \n            \n          "]}