{"url":"https://www.rocketpunch.com//jobs/68911/%EC%9D%B8%EC%8A%A4%ED%85%8C%EB%A6%AC%EC%96%B4-Back-end-%EA%B0%9C%EB%B0%9C%EC%9E%90","title":"[인스테리어] Back-end 개발자","origin":"(주)인스타워즈","start_date":"03/03 ","newbie":"경력","content":["\n        주요 업무\n                    모든 공간은 자신이 이해하는 행복을 이야기한다. 알랭드 보통공간이 일상을 바꾸고, 나아가 사람의 삶을 바꾼다는 믿음으로 시작한 인테리어/리빙/라이프스타일 스타트업 '인스타워즈'입니다. 우리는, 누구나, 쉽고 편하게 자기만의 취향과 감성이 담긴 아름다운 공간에 살 수 있도록, 리모델링 중개 서비스에서 시작해, 현재는 홈 퍼니싱 커머스를 준비 중에 있습…\n            더 보기\n            모든 공간은 자신이 이해하는 행복을 이야기한다. 알랭드 보통공간이 일상을 바꾸고, 나아가 사람의 삶을 바꾼다는 믿음으로 시작한 인테리어/리빙/라이프스타일 스타트업 '인스타워즈'입니다. 우리는, 누구나, 쉽고 편하게 자기만의 취향과 감성이 담긴 아름다운 공간에 살 수 있도록, 리모델링 중개 서비스에서 시작해, 현재는 홈 퍼니싱 커머스를 준비 중에 있습니다.급성장 중인, 의식주(衣食住) 온라인 플랫폼 서비스의 마지막 격전지, 리빙/인테리어 플랫폼 분야에서 의미있는 시도를 재미있게 도전하고 함께 성장할 분들을 모시고 싶습니다.\n\n      ","\n        업무 관련 기술 / 활동 분야\n        \n          RESTful-api\n          MySQL\n          Amazon AWS\n          Git\n          풀스택개발\n          Linux\n        \n      ","\n        채용 상세\n                    담당업무- e-commerce backend 아키텍처 설계- community \u0026 e-commerce 구축- admin 설계 \u0026 구축자격요건- Spring Framework- Restful API- 관계형 DB (MySQL)- AWS 및 클라우드 서비스 (Linux)- Git / SVN 환경- CI / CD 환경 구축우대사항- 경력 5…\n            더 보기\n            담당업무- e-commerce backend 아키텍처 설계- community \u0026 e-commerce 구축- admin 설계 \u0026 구축자격요건- Spring Framework- Restful API- 관계형 DB (MySQL)- AWS 및 클라우드 서비스 (Linux)- Git / SVN 환경- CI / CD 환경 구축우대사항- 경력 5년 이상- community / e-commerce / O2O 서비스 구축 및 운영 경험- Agile Scrum 경험 (Asana / JIRA / Redmine 등)- Full-Stack 개발자그리고 인스테리어에서는- 탄력적인 출퇴근제도를 운영하고 있습니다.- 경조사비 / 경조휴가를 지원하고 있습니다.# 본인/형제자매/자녀님 모두의 결혼을 지원합니다.# 출산휴가 출산축하금을 지원합니다.# 부모님/배우자의 부모님의 수연을 지원합니다.# 생일과 결혼기념일에는 가족과 함께할 수 있도록 휴가를 지원합니다.# 슬픈일이 발생했을때도 위로금/휴가를 지원하고 있습니다.- 자기계발과 관련된 교육비 / 도서구매비를 지원합니다.- 야근식대 / 야근교통비 / 회식비를 지원합니다.\n"]}