{"url":"https://programmers.co.kr/job_positions/1583","title":"안드로이드 개발자","origin":"스마트스터디","start_date":"","newbie":false,"content":["기술 스택\nAndroid Kotlin Java","업무 소개\n핑크퐁 글로벌 멤버십 서비스 개발","자격 조건\nJava 또는 Kotlin을 능숙하게 사용\n안드로이드 개발 경험 2년 이상 \n구글플레이 앱 출시 및 운영 경험\n버전 관리 도구, 자료구조, 알고리즘에 대한 이해","우대 사항\n오픈소스 프로젝트 참여 경험\n프로그래밍/해커톤 등 대회 수상 경험\n멀티쓰레드와 비동기 처리 활용 경험\n원스토어,아마존앱스토어 앱 출시 및 운영 경험\n라이브러리 또는 Unity 플러그인 개발 경험\n백엔드 서버 개발 경험\nRx,DI에 대한 이해 및 경험 있는분\n동영상 플레이어와 콘텐츠 플랫폼에 관심이 많은 분"]}