{"url":"https://www.rocketpunch.com//jobs/69547/%EC%9E%AC%ED%83%9D%EA%B7%BC%EB%AC%B4-%EC%84%A0%ED%98%B8%ED%95%98%EC%8B%9C%EB%8A%94-%EB%94%94%EC%9E%90%EC%9D%B4%EB%84%88-%ED%8C%A8%ED%82%A4%EC%A7%80-%EB%94%94%EC%9E%90%EC%9D%B8-%EA%B4%91%EA%B3%A0%EC%BB%A8%ED%85%90%EC%B8%A0","title":"재택근무 선호하시는 디자이너 (패키지 디자인, 광고컨텐츠)","origin":"(주)오버노드","start_date":"02/19 ","newbie":"인턴신입경력","content":["\n        주요 업무\n                    새로운 뷰티, 스포츠 브랜드를 같이 디자인 하실 디자이너 분을 찾습니다!  \u003e\u003c담당업무- 브랜딩, 제품컨셉팅- 제품 패키지 디자인- 상세페이지 디자인- 온라인 마케팅 콘텐츠 디자인\n\n      ","\n        업무 관련 기술 / 활동 분야\n        \n          디자인\n          마케팅디자인\n          그래픽디자인\n        \n      ","\n        채용 상세\n                    자격요건- 제품 디자인 업무 전체를 책임지고 수행한 경험근무 조건 및 환경- 근무형태: 정규직- 근무지역: 원격으로 재택근무 (주2회만 경기도 안양 금정역 부근으로 출근)- 급여: 면접 후 결정\n"]}