{"url":"https://www.rocketpunch.com//jobs/67654/Node-Js-C-%EC%9B%B9-%EC%84%9C%EB%B2%84-%EB%B0%B1%EC%97%94%EB%93%9C-%EA%B0%9C%EB%B0%9C%EC%9E%90","title":"Node, Js, C++ / 웹, 서버, 백엔드 개발자","origin":"세븐핀테크","start_date":"01/03 ","newbie":"경력","content":["\n        주요 업무\n                    저희 세븐핀테크(주)는 월스트릿파이터, 더한트레이더 등 투자 플랫폼 서비스를 운영하며 사세를 폭발적으로 키워나가고 있는 핀테크 기업입니다. 코스콤 인큐베이팅으로 공기관 1차 협력사로 신뢰도가 높습니다.최근 트래픽의 폭발적인 성장으로 서버 시스템을 보다 안정적으로 운영하고 신규 서비스 개발 및 고도화를 위하여 개발자를 모시게 되었습니다.\n\n      ","\n        업무 관련 기술 / 활동 분야\n        \n          Node.js\n          Back-end\n          서버관리\n        \n      ","\n        채용 상세\n                    담당업무-Node, Js, C++을 이용한 업무-웹/서버 개발을 통한 업무 (월파, 더한트레이더 백엔드 / 유지보수 및 업그레이드)자격요건-Node-Js-C++ (개발 경력 및 프로젝트 경험이 있는 분)-웹/서버 개발 포지션으로 근무하셨던 분우대사항-증권 관련 분야 개발 경험이 있으신 분-캐시, 데이터 구조에 대한 이해가 있으신 분-비즈니스 관점에서…\n            더 보기\n            담당업무-Node, Js, C++을 이용한 업무-웹/서버 개발을 통한 업무 (월파, 더한트레이더 백엔드 / 유지보수 및 업그레이드)자격요건-Node-Js-C++ (개발 경력 및 프로젝트 경험이 있는 분)-웹/서버 개발 포지션으로 근무하셨던 분우대사항-증권 관련 분야 개발 경험이 있으신 분-캐시, 데이터 구조에 대한 이해가 있으신 분-비즈니스 관점에서의 개발이 가능하신 분\n"]}