{"url":"https://www.rocketpunch.com//jobs/69638/%EC%8B%9C%EB%8B%88%EC%96%B4%EC%BC%80%EC%96%B4-%ED%94%8C%EB%9E%AB%ED%8F%BC-%EC%84%A0%EB%91%90-%EC%8A%A4%ED%83%80%ED%8A%B8%EC%97%85-%EC%BC%80%EC%96%B4%EB%8B%A5%EC%97%90%EC%84%9C-devops-%EB%B0%B1%EC%97%94%EB%93%9C-%EA%B0%9C%EB%B0%9C%EC%9E%90%EB%A5%BC-%EC%B0%BE%EC%8A%B5%EB%8B%88%EB%8B%A4","title":"시니어케어 플랫폼 선두 스타트업 \"케어닥\"에서 devops, 백엔드 개발자를 찾습니다!","origin":"(주)케어닥","start_date":"03/03 ","newbie":"경력","content":["\n        주요 업무\n                    케어닥에서는 MSA기반의 멀티 리전 클라우드를 운영, 계획중에 있습니다. 해당 포지션은 CTO와 함께 인프라스트럭처를 설계하고 서비스 운영 구성에 관련된 업무를 주로 하시게 되며, kafka나 cloud function등을 이용한 재미있는 챌린지들을 다양하게 해보실 수 있습니다. 백엔드 개발은 nodjs, typesciprt, graphql, typ…\n            더 보기\n            케어닥에서는 MSA기반의 멀티 리전 클라우드를 운영, 계획중에 있습니다. 해당 포지션은 CTO와 함께 인프라스트럭처를 설계하고 서비스 운영 구성에 관련된 업무를 주로 하시게 되며, kafka나 cloud function등을 이용한 재미있는 챌린지들을 다양하게 해보실 수 있습니다. 백엔드 개발은 nodjs, typesciprt, graphql, typeorm으로 스택이 이루어져 있으며 TDD를 기본으로 개발을 하시게 됩니다.\n\n      ","\n        업무 관련 기술 / 활동 분야\n        \n          풀스택개발\n          Data Science\n          data-analysis\n          Google Cloud Platform (GCP)\n          cloud-computing\n        \n      ","\n        채용 상세\n                    !!! 경력 무관 능력에 맞는 연봉 맞춰드립니다 !!!자격요건* devops- GCP (AWS, NCLOUD등 클라우드 유경험자)- docker- kubernetes- terraform- infrastructure as code 이해도* 백엔드- javascript- typescript- typeorm- jwt우대사항- 대규모 트래픽 유경험자 (인프…\n            더 보기\n            !!! 경력 무관 능력에 맞는 연봉 맞춰드립니다 !!!자격요건* devops- GCP (AWS, NCLOUD등 클라우드 유경험자)- docker- kubernetes- terraform- infrastructure as code 이해도* 백엔드- javascript- typescript- typeorm- jwt우대사항- 대규모 트래픽 유경험자 (인프라)- 코드 리뷰에 거부감이 없는 분- 자동화에 심각한 집착을 가지신 분- 새로운 것을 잘 받아들이시는 분- 약간의 흥이 있는 분- 2년차 이상케어닥 개발 스택- https://stackshare.io/caredoc/caredoc[회사 소개]웹사이트 : https://carecoordi.kr안드로이드 : https://play.google.com/store/apps/details?id=com.caredoc.caredocplusIOS: https://apps.apple.com/app/id1495648148[DEV]협업을 가장 중요시하며 공유를 통한 성장이라는 group objective안에 지라 워크플로우와 컨플루언스 그리고 비트버킷으로 체계화된 업무 플로우를 정립하고 있으며 반드시 풀리퀘스트를 통한 코드리뷰 문화를 바탕으로 책임감을 덜고 상호보완을 이루며 일하고 있습니다. 업무시에는 할당된 티켓에만 집중하면 됩니다. 또 세미나 컨퍼런스등에 적극 참여하고 있으며 언어에 국한되지 않고 개발팀(CTO포함)전원이 공유를 통한 성장이 활발하게 이루어지고 있습니다. 또한 적절한 challenge와 기다려주는 문화를 만들어 나가고 있습니다.[DEVOPS]google kubernetes engine과 docker(local) 환경을 구성해 사용중입니다. 이에 따른 test 환경까지 구축을 계획하고 있으며,이미 google cloudbuild를 이용한 kubernetes로의 배포자동화가 구성되어 있으며 grafana 대시보드가 이미 만들어져있습니다.*** 케어닥은 쿠버네티스 기반 개발자가 이미 3명이 있습니다 (CTO + 데이터엔지니어 두분) ***[백엔드]jest를 통한 TDD가 기본으로 설정되어 있으며 typesciprt+type graphql+typeorm으로 스택을 구성하고 있습니다.노인 인구 2000만 시대를 대비해 지금부터 준비하는 케어닥과 함께 시니어 케어를 평정해보실 분들은 주저마시고 연락 주시길 바랍니다. 하시는 일만큼 인정을 받지 못하고 계시거나 스타트업에 관심이 많으신 개발자 분들 환영입니다.\n"]}