{"url":"https://www.rocketpunch.com//jobs/68618/%EC%84%9C%EB%B9%84%EC%8A%A4-%EA%B0%9C%EB%B0%9C%EC%9E%90-%ED%8C%80%EC%9E%A5%EA%B8%89","title":"서비스 개발자 (팀장급)","origin":"비브릭","start_date":"01/23 ","newbie":"경력","content":["\n        주요 업무\n                    비브릭에서는 다양한 서비스와 사업을 기획 및 개발하고 있습니다. 핀테크 / 블록체인 / IT서비스와 관련된 다양한 서비스를 개발하고 있는 비브릭 개발 팀을 리드할 개발 리드를 모시고 있습니다. 현재 진행 중인 서비스로는 파인 다이닝 예약 및 컨시어지 서비스인 에그 다이닝, 예술품 분할 소유 및 거래 플랫폼 프로라타 아트, 블록체인 기반 성적 증명 플…\n            더 보기\n            비브릭에서는 다양한 서비스와 사업을 기획 및 개발하고 있습니다. 핀테크 / 블록체인 / IT서비스와 관련된 다양한 서비스를 개발하고 있는 비브릭 개발 팀을 리드할 개발 리드를 모시고 있습니다. 현재 진행 중인 서비스로는 파인 다이닝 예약 및 컨시어지 서비스인 에그 다이닝, 예술품 분할 소유 및 거래 플랫폼 프로라타 아트, 블록체인 기반 성적 증명 플랫폼 등이 있으며 7개 이상 기업에 초기 투자 및 협업을 하고 있습니다. IoT, AI 등에서도 다양한 기획을 진행하며 컴퍼니 빌딩을 하고 있습니다.\n\n      ","\n        업무 관련 기술 / 활동 분야\n        \n          Android\n          iOS\n          Node.js\n          Amazon AWS\n          JavaScript\n          Git\n          Front-end\n          풀스택개발\n          Back-end\n        \n      ","\n        채용 상세\n                    담당업무- 신규 혹은 기존 서비스 개발팀 리드- 런칭 및 서비스 기획 일정 관리- 서비스에 필요한 요소 개발자격요건- 서비스 개발 경력 5년 이상- 웹, 어플리케이션 개발 프로젝트 유경험자- 개발 업체 계약 및 프로젝트 관리 유경험자- Javascript, MySQL, Git 등 협업 중심 개발 경험자\n            더 보기\n            담당업무- 신규 혹은 기존 서비스 개발팀 리드- 런칭 및 서비스 기획 일정 관리- 서비스에 필요한 요소 개발자격요건- 서비스 개발 경력 5년 이상- 웹, 어플리케이션 개발 프로젝트 유경험자- 개발 업체 계약 및 프로젝트 관리 유경험자- Javascript, MySQL, Git 등 협업 중심 개발 경험자\n\n            \n              \n                  \n                \n            \n          \n            \n              \n                  \n                \n            \n          "]}