{"url":"https://www.rocketpunch.com//jobs/69634/%EC%95%B1%EB%A7%88%EC%BC%80%ED%84%B0","title":"앱마케터","origin":"하쿠호도제일","start_date":"02/17 ","newbie":"경력","content":["\n        주요 업무\n                    - 앱 다운로드 및 이용자 활성화를 위한 마케팅 기획 및 운영- 통계분석 tool 을 활용한 데이터 분석- 실적 및 지표 분석으로 인사이트 도출\n\n      ","\n        업무 관련 기술 / 활동 분야\n        \n          브랜드마케팅\n          온라인홍보\n          마케팅캠페인\n          퍼포먼스 마케팅\n          콘텐츠 제작/기획\n        \n      ","\n        채용 상세\n                    담당업무- 앱 다운로드 및 이용자 활성화를 위한 마케팅 기획 및 운영- 통계분석 tool 을 활용한 데이터 분석- 실적 및 지표 분석으로 인사이트 도출자격요건- 경력: 경력3년↑- 게임, 쇼핑몰 등의 앱 마케팅 기획 및 운영 경험- Appsplayer 등 3rd Party 트래킹솔루션 및 구글 GA 등 분석 tool 이용 경험- 유튜브, SNS 를 …\n            더 보기\n            담당업무- 앱 다운로드 및 이용자 활성화를 위한 마케팅 기획 및 운영- 통계분석 tool 을 활용한 데이터 분석- 실적 및 지표 분석으로 인사이트 도출자격요건- 경력: 경력3년↑- 게임, 쇼핑몰 등의 앱 마케팅 기획 및 운영 경험- Appsplayer 등 3rd Party 트래킹솔루션 및 구글 GA 등 분석 tool 이용 경험- 유튜브, SNS 를 활용한 소셜 마케팅 우대사항- 마케팅, 광고에 대한 관심이 있으신 분 - 일어 가능하신 분\n"]}