{"url":"https://www.rocketpunch.com//jobs/68327/%ED%8E%B8%EC%A7%91-%EB%A7%A4%EB%8B%88%EC%A0%80%EC%97%90%EB%94%94%ED%84%B0","title":"편집 매니저(에디터)","origin":"퍼블리","start_date":"02/19 ","newbie":"신입경력","content":["\n        주요 업무\n                    * 실시간으로 채용을 진행하며, 채용 완료 시 본 채용 정보를 마감합니다.퍼블리는 평생 학습하고 배우고 일해야 하는, life-long learning and working 시대를 살아가는 사람들의 문제를 해결한다는 미션을 가지고 있습니다. 지금까지 DSC인베스트먼트, 캡스톤 파트너스, 500스타트업 등 국내외 탑티어 투자사로부터 누적 58억 원 규…\n            더 보기\n            * 실시간으로 채용을 진행하며, 채용 완료 시 본 채용 정보를 마감합니다.퍼블리는 평생 학습하고 배우고 일해야 하는, life-long learning and working 시대를 살아가는 사람들의 문제를 해결한다는 미션을 가지고 있습니다. 지금까지 DSC인베스트먼트, 캡스톤 파트너스, 500스타트업 등 국내외 탑티어 투자사로부터 누적 58억 원 규모의 투자를 유치하였습니다.(투자 유치 기사 참고: https://platum.kr/archives/116369)고객이 ‘콘텐츠’라는 상품에 만족감을 느끼게 하려면 어떤 메시지를 담았는지도 중요하지만, 이에 못지않게 어떻게 메시지를 보여주고 드러내는지가 중요합니다. 아무리 좋은 내용이 담겨도 고객이 이 내용을 발견하기 어렵다면 이 콘텐츠는 ‘상품’으로서의 가치가 떨어집니다. 퍼블리 편집 매니저는 고객에게 만족감을 줄 수 있도록 유료 텍스트 콘텐츠를 ‘상품'으로 다듬고 가치를 높이는, 멤버십 비즈니스 성장에 중요한 역할을 담당하고 있습니다. 퍼블리 편집 매니저는 기본적으로 퍼블리에서 발행하는 모든 콘텐츠의 편집 과정을 조망하고, 발행 콘텐츠를 최종으로 검수합니다. 콘텐츠의 가치를 높일 수 있는 새로운 실험을 작게 혹은 과감히 해가면서 실험의 결과를 다시 평가/ 분석하며 퍼블리 콘텐츠의 퀄리티 기준을 높이는 것이 업무의 핵심 목표입니다. 콘텐츠에 고객에게 전달할만한 핵심 메시지가 담겼는지, 이 메시지가 콘텐츠에 선명하게 드러나 있는지의 관점에서 객원 에디터, 저자, 콘텐츠 매니저와  계속해서 이야기하며 콘텐츠의 방향을 조율합니다. 퍼블리는 이 역할에 필요한 필수 역량을 ‘고객 중심의 비즈니스 이해', ‘논리적 사고 및 소통’, ‘불확실성에 대한 수용과 적응(즐기면 더 좋고요!)'라고 생각합니다. 기존 출판 혹은 언론 등 유사한 업무를 해본 경험이 없더라도 좋습니다. 콘텐츠 산업/ 스타트업/ 구독 비즈니스/ 비즈니스 전반에 대한 이해도가 높고 위의 필수 역량을 강점으로 가지신 분이라면 기존 직무가 다르더라도 환영합니다. 많은 지원 부탁드립니다.\n\n      ","\n        업무 관련 기술 / 활동 분야\n        \n          콘텐츠기획\n          컨텐츠에디터\n          컨텐츠편집\n          매거진제작\n          컨텐츠마케팅\n          카피라이팅\n        \n      ","\n        채용 상세\n                    [주요 업무]1. 편집 전 콘텐츠 확인 및 일정 계획/조율- 저자 혹은 콘텐츠 제공자가 전달한 초고를 확인하고, 초고의 주제 및 특징을 고려해서 적절한 객원 에디터를 매칭하고 발행 예정일을 정합니다. - 정해진 스케줄에 맞게 콘텐츠가 나올 수 있도록 내부 팀 파트너(ex. 콘텐츠 매니저) 및 외부 파트너(ex. 객원 에디터)와 협의하여 전체 편집 스…\n            더 보기\n            [주요 업무]1. 편집 전 콘텐츠 확인 및 일정 계획/조율- 저자 혹은 콘텐츠 제공자가 전달한 초고를 확인하고, 초고의 주제 및 특징을 고려해서 적절한 객원 에디터를 매칭하고 발행 예정일을 정합니다. - 정해진 스케줄에 맞게 콘텐츠가 나올 수 있도록 내부 팀 파트너(ex. 콘텐츠 매니저) 및 외부 파트너(ex. 객원 에디터)와 협의하여 전체 편집 스케줄을 관리 및 조율합니다.2. 편집 콘텐츠 검수 및 개선- 고객 입장에서 초고의 내용과 인사이트가 충분한지 검토하고, 이를 더 잘 드러낼 수 있는 방향으로 객원 에디터가 편집할 수 있도록 지원합니다. - 저자/ 객원 에디터/ 퍼블리의 편집 매니저와 콘텐츠 매니저가 모두 참여하여 편집 방향을 정하는 편집 미팅을 리드하고 방향을 확정하는 것도 EM의 주요 업무입니다. 3. 최종 콘텐츠 발행 전 검수- 객원 에디터가 최종 작업한 콘텐츠를 기준으로 퍼블리의 발행 전 모든 콘텐츠를 검수합니다. - 1) 구성상 어색하거나 오류가 없는지, 2) 적절한 자료가 적용되었는지, 3) 가독성을 더 높일 수 있는지 등을 확인하여 최종 콘텐츠가 퍼블리의 편집 기준에 부합할 수 있도록 합니다.4. 발행 후 보완- 발행 전후로 객원 에디터에게 지속적으로 피드백을 주어 편집 기준을 공유하고 일관되게 적용되도록 합니다. - 또한, 고객이 찾아주신 수정 사항들의 반영과 개선도 진행합니다. 5. 콘텐츠 편집 기준/ 가이드 개선 및 업데이트- 웹/앱으로 읽는 고객들이 더 편하게 읽고, 인사이트를 잘 찾아낼 수 있는 편집에 대해 고민하고, 아이디어를 내고, 이를 가이드화하여 팀 및 객원 에디터와 공유합니다. [필요 역량]1. 고객 중심의 비즈니스 이해도- 퍼블리의 고객은 트렌드, 경제, 경영, 마케팅, 투자 등 변화가 빠르고 큰 영역에서 양질의 정보 및 인사이트를 기대합니다. 새로운 주제에 대해서도 빠르게 학습하며 해당 콘텐츠를 이해하고 편집에 임하는 도전 정신이 필요합니다.- 누가 이 글을 읽을지(타깃 고객), 그들이 이 글을 읽었을 때 어떤 효용을 얻을 수 있을지(문제 해결) 생각하며 콘텐츠를 만들 수 있어야 합니다.- 또한 고객 입장에서 ‘더 읽기 좋은’, ‘더 인사이트있는’ 편집에 대해 계속 고민하고 방법을 찾아내야 합니다. 2. 논리적 사고력 \u0026 소통 능력- 퍼블리 편집 매니저는 저자, 콘텐츠 매니저, 객원 에디터 간 다리의 역할을 하는 커뮤니케이터입니다. 다대다 커뮤니케이션에 익숙하고 능숙해야 합니다. 메일, 메신저, 전화 등 다양한 커뮤케이션 툴을 적절하게 사용하는 것도 필요합니다.- 또한 초고의 논리적 흐름을 짚어 부족한 부분을 찾아내고, 찾아낸 부분에 대해 저자 혹은 객원 에디터에게 정확하게 말 혹은 글로 전달할 수 있어야 합니다.- 콘텐츠 제작 과정에서 문제 상황이 발생했을 때 어디서 어떤 문제가 생겼는지 빠르게 파악하고, 이에 대해 최선의 해결책을 생각하여 제안할 수 있어야 합니다.3. 불확실성과 변화에 대한 수용과 적응 - 퍼블리는 스타트업입니다. 하루 사이에도, 하나의 콘텐츠를 만드는 동안에도 업무의 많은 부분이 바뀌거나 개선됩니다. 편집 업무도 마찬가지입니다. - 불확실성과 변화를 긍정적으로 생각하고, 편집 업무도 이 변화에 맞춰 적극적으로 개선하고 바꿔나갈 수 있어야 합니다. [우대 조건]• 스타트업에서 1년 이상 근무한 경험• 텍스트 콘텐츠 편집/ 작성 업무 경력 1년 이상• 그래프, 표 등 숫자를 잘 이해하고, 숫자를 통한 메시지 전달을 잘 하실 수 있는 분• 업무 과정에서 외부 파트너와 협업하거나 직접 외부 파트너를 선정해서 일을 진행한 경험이 있으신 분• (사전이 있다면) 영자 신문을 읽고 이해하는 데 무리 없으신 분[근무 및 급여 조건]• 채용 형태: 6개월 수습. 이 기간동안 성과 평가를 거쳐 정규직 채용 여부를 결정 *퍼블리의 모든 포지션에 공통되는 사항이며, 단순히 회사가 지원자를 평가하는 기간이 아닌 서로가 충분히 알아가며 오래 함께 할 수 있는지 판단하려는 목적입니다.• 급여: 개인의 역량에 따라 협의를 거쳐 결정• 근무 장소: 서울 강남구 테헤란로 503 하이브로빌딩(구 옥산빌딩) 패스트파이브 삼성3호점 15층 (2호선 삼성역 부근)• 수습 기간 동안 4대 보험 가입 및, 1개월 근무 시 1일 유급휴가 사용 가능.• 노트북 및 업무에 필요한 장비를 제공[채용 절차]1. 서류 전형: 이력서(A4 1~2장)와 자기소개서(A4 1~2장) (파일명: 이름_편집매니저_이력서or자기소개서.pdf)1) 이력서: 학력(전공, 성적 등) 그리고 기타 업무와 관련있는 경력 중심으로 작성해주세요. 사진, 가족 관계 사항, 키, 몸무게 등 개인 인적사항을 포함하지 말아주세요.2) 자기소개서의 아래 문항에 대해 각각 작성해주세요. (1) 퍼블리 편집 매니저로 본인을 채용해야 하는 이유 (채용 공고의 주요 업무 및 필요 역량을 잘 읽고 작성해주세요) (2) 어떤 콘텐츠가 좋은 콘텐츠라고 생각하는지, 그렇게 생각한 이유가 무엇인지 구체적으로 적어주세요.2. 과제 전형: 서류 전형 통과자에 한해 온라인으로 과제를 진행합니다. 과제 결과물만 이메일로 제출하는 방식이며, 과제 내용은 개별적으로 알려드립니다.3. 1차 오프라인 면접: 박소리 VP of Content, 기명균 편집 매니저4. 2차 오프라인 면접: 박소령 CEO, 이승국 CPO* 면접 전형: 1~2시간 내외로 진행되며, 지원자와 퍼블리가 서로 잘 맞는지 파악하기 위한 자리입니다. 저희도 많은 질문을 준비하겠지만 지원자 분들이 하시는 질문에도 진솔하고 성실하게 답변해 드리겠습니다.[어떤 사람이 퍼블리 팀과 문화적으로 잘 맞을까요] 퍼블리는 30명 규모의 작은 팀이기 때문에, 한 사람 한 사람이 팀에서 중요한 역할을 합니다. 그렇기 때문에 회사가 지향하는 미션, 비전, 전략, 문화를 팀원 개인이 이해하고 공감하는 얼라인먼트(Alignment)를 중시합니다.퍼블리에서 성공적으로 일하고 있는 분들은 공통적으로 다음과 같은 특성을 가지고 있습니다.\u003cValue\u003e1) 일하는 것을 좋아하고, 잘하고 싶어 하는 사람- 일이 삶에서 중요한 의미를 차지한다.- 일을 잘하기 위해, Comfort Zone에서 벗어나 많은 노력을 투입하고자 한다.2) 퍼블리의 미션에 공감하는 사람- 퍼블리가 추구하는 미션이 충분히 가치 있다고 생각한다.3) 항상 배우는 사람- 배움에 대한 욕구가 크며, 배움을 즐긴다.- 호기심을 가지고 있으며, 알고 싶은 분야가 생기면 어떻게든 잘 알기 위해서 공부한다.- 누가 시키지 않아도 자발적으로 배운다.- 자신만의 학습 방식을 가지고 있다.4) 팀웍: 팀과 함께 일하는 사람- 혼자서 일할 때보다 팀으로서 일할 때 더 큰 성과를 낼 수 있다고 믿는다.- 팀으로서 일하며 성과를 낸 긍정적인 경험을 가지고 있다.5) 팀웍: 팀 의사결정 구조를 이해하는 사람- 인간 관계는 수평적이어야 하지만, 의사 결정은 수평적일 수 없다는 점을 이해한다.- 치열하게 논쟁한 끝에 내려진 결정이 나의 생각과 다르더라도, 결정된 바에 헌신한다. (Disagree and commit)6) 목적을 생각하며 일하는 사람- 목적이 무엇인지 생각하고, 그 목적을 달성하기 위한 수단을 찾아서 일한다.7) 변화에 적응할 수 있는 사람- 팀에서 자신이 맡는 역할이 변할 수 있다는 점을 알고 있으며, 이를 긍정적인 도전으로 받아들인다.- 자신에게 익숙한 하나의 업무만 고집하지 않는다.8) 겸손한 사람- 자신의 한계를 인정하고, 나아지기 위해 노력한다.- 팀의 성과에 대해서, 자신이 얼마만큼 기여했는지 객관적으로 인식한다.9) 솔직한 사람- 의견 차이 혹은 갈등을 드러내고 조절할 수 있다.- 자신이 생각하는 바를 솔직하게 이야기하고, 다른 사람의 생각을 듣고 이해할 수 있다.\u003cAptitude\u003e1) 배울 점이 있는, 똑똑한 사람- 대화를 나눴을 때 배울 점이 있다.2) 불확실하고 모호한 상황을 견딜 수 있는 사람- 정해진 일을 하달받아서 하려고 하지 않고, 매 상황에 필요한 일을 스스로 생각해서 실행할 수 있다.3) 커뮤니케이션 능력: 공감 능력- 상대방의 생각과 의견을 쉽게 일축하지 않고, 상대방의 입장을 이해하려 노력한다.4) 커뮤니케이션 능력: 논리적 커뮤니케이션- 자신이 생각하는 바를 구체적인 언어로 표현할 수 있다.- 두괄식으로 의사소통한다.- 주장을 할 때는 근거를 함께 이야기한다.5) 커뮤니케이션 능력: 적시에 커뮤니케이션하기- 적시에 커뮤니케이션을 함으로써 업무 성과가 높아질 수 있다는 점을 알고 있다.- 업무가 완성되기 전 중간 공유를 하는 것과, 피드백을 주고 받는 것을 불편하게 생각하지 않는다.6) 커뮤니케이션 능력: 숨김 없이 커뮤니케이션하기- 실수를 했을 때 이해관계자들에게 숨김 없이 이야기하고, 책임을 인정하고, 해결책을 마련한다.- 과실을 숨기고 혼자 수습하는 것보다는, 팀에 공개해서 함께 해결책을 모색하는 것이 더 좋은 결과를 가져온다는 것을 안다.퍼블리의 조직문화에 대해 더 자세히 알고 싶으시다면, 퍼블리에서 프로젝트 매니저로 근무하시는 최해솔님, 박소희님의 '프로젝트 매니저 해보니 발표 자료'와 '중앙일보 인터뷰 기사'를 참고해 주세요.- 프로젝트 매니저 해보니 by 해솔 https://www.slideshare.net/Publy-co/6-205319501- 중앙일보 인터뷰 by 소희 https://news.joins.com/article/23661628\n\n            \n              \n                  \n                \n            \n          "]}