{"url":"https://www.rocketpunch.com//jobs/68038/%EC%BB%A4%EB%A8%B8%EC%8A%A4-%EC%8B%9C%EB%8B%88%EC%96%B4-UX-%EB%94%94%EC%9E%90%EC%9D%B4%EB%84%88","title":"커머스 시니어 UX 디자이너","origin":"발란","start_date":"01/14 ","newbie":"경력","content":["\n        주요 업무\n                    From Milano to Korea in 3 Days 아시아 최초의 명품 온라인 부티크, 발란 http://balaan.co.kr[서비스 소개] 발란은 유통구조 혁신과 IT 기술을 통해 명품 패션 시장의 문제를 해결하는,거대한 명품 시장에서 가장 빠르게 성장하는 플랫폼입니다.2019년 12월 시리즈 A라운드 100억 투자유치, 누적 투자액 120억…\n            더 보기\n            From Milano to Korea in 3 Days 아시아 최초의 명품 온라인 부티크, 발란 http://balaan.co.kr[서비스 소개] 발란은 유통구조 혁신과 IT 기술을 통해 명품 패션 시장의 문제를 해결하는,거대한 명품 시장에서 가장 빠르게 성장하는 플랫폼입니다.2019년 12월 시리즈 A라운드 100억 투자유치, 누적 투자액 120억을 받았습니다✔  다양한 상품: 매 시즌 4,000 여개 이상의 럭셔리 브랜드, 80만개 이상의 명품을 ✔  신상 입고: 백화점 신상 입고보다 3개월 이상 빠르게 ✔  가격: 유럽 온라인 직구보다 저렴한 가격으로  ✔  배송: 유럽에서 집앞까지 3일만에 받을 수 있고, ✔  서비스: 구매 후 검수 및 무료 교환 / 반품 / 수선 서비스까지 제공하는 Fashion과 IT의 결합에 미친 #발라니어 와 함께 한국을 넘어 거대한 아시아 패션 시장을 놀라게 하고 싶다면지금 바로 발란에 합류하세요. [발라니어만을 위한 혜택 및 복지]✔ 연봉 \u0026 스톡옵션 : 업계 최고 대우 ✔ 인센티브 \u0026 보너스 : 팀별, 개인 분기,반기 성과평가 후 반기별 지급✔ 탄력적 출퇴근 ✔ 장비 : 최신 랩탑, PC, 듀얼 모니터 지원 (맥북, 랩탑 삼성 27인치 Curved 듀얼 모니터)✔ 무제한 휴가 (입사 첫 해 부터 휴가 발생) ✔ 교육비 및 도서비 지원 ✔ 식사 : 무제한 스낵바, 다양한 음식, 커피, 맥주 제공✔ Funday : 매월 1회 그룹별 문화 생활 지원 (업무 시간에 놀기!) ✔ 연간 100만원 피복비 지원 ✔ 명품 국내 최저가 구매[발란이 일하는 방식]1. 고객에 집착하라2. 최고의 기준을 고집하라3. 현명하게 판단하고, 우선순위를 구분하라4. 구체적이고 탁월한 성과를 내라5. 즉시, 반드시, 될 때까지 해라6. 혁신하고 단순화하라7. 빠르고 명확하게 소통하라8. 기개를 가져라 - 반대하되 받아 들여라9. 장기적 관점을 견지하라10. 끊임없이 배우고 빠르게 성장하라11. A급 인재만을 채용하라12. 개인이나 팀이 아닌, 회사에 최선인 것을 위해 행동하라13. 이끌거나, 따르거나, 비켜서라[발란 서비스가 궁금하신가요? - SparkLabs Demoday10 (2017.12) IR 보기_직후 30억 투자 유치 (2018.3)]https://youtu.be/6s9Zg5OiKOg[매일경제 - 발란, 中 최대 쇼핑몰 알리바바와 제휴.. ‘발란 명품관’ 오픈]http://bit.ly/2IClCxM[기업스토리 - 창업 2년도 안돼 월매출 30억을 달성하기까지 (2019.5.28)]https://youtu.be/ZNwMflNu1QE[한국경제 - 해외명품 이커머스 '발란', 100억원 규모 시리즈A 투자 유치]https://www.hankyung.com/it/article/201912202218j[발란의 시니어 UX 디자이너]시니어 UX 디자이너는 프로덕트의 사용성과 구매 전환율을 개선합니다.Data driven UX : 데이터 기반으로 문제점을 파악하고,Sprint : 고객 인터뷰을 통해 솔루션을 도출하며,User test, Interview, A/B Test : 다양한 테스트를 통해 최적의 솔루션을 찾아 구매 전환율 개선에 기여한다.검증된 솔루션을 개발자와 협업하여 출시하고, 업데이트 사항을 관리하며,지속적인 개선 - 학습 - 반복 작업을 주관합니다.[주요업무]1. UX 설계  /  UI 관리데이터와 사용자 인터뷰를 통해 구매 전환율을 향상시키기 위한 고객 여정을 설계합니다.WHY(비즈니스)를 이해하고 “왜 이렇게 디자인해야 하는가”를 논리적으로 사고하며,명쾌하게 설득할 수 있는 UI 결과물 제작을 책임집니다.2. 발란 몰 분석데이터에 의한 퍼널 분석을 하고, 고객 입장에서의 문제점을 찾습니다.사용성 리서치와 UX 리포트 등을 통해 업계 표준 지표와 발란의 지표를 관찰하고 개선합니다.3. 플랫폼 관리PC웹 / 모바일웹 / 앱의 각 특성 이해하고 있으며, 이에 따른 최적의 쇼핑 환경을 구현합니다.각 개발 환경에 따른 차이점을 이해하고 있으며, 효율적인 리소스 운영 및 개발 협업 방식을 관리합니다.\n\n      ","\n        업무 관련 기술 / 활동 분야\n        \n          고객 인터뷰\n          웹/앱 기획\n          서비스기획\n          UI/UX \n          웹서비스\n          기획안\n          솔루션기획\n          서비스 기획\n          비즈니스분석\n          기획자\n          사업전략\n          앱기획\n          웹기획\n          프로젝트관리\n          모바일서비스기획\n          스토리보드\n          모바일서비스\n          GA\n          데이터\n          Google Analytics\n          Mobile Applications\n          UX디자인\n          UX/UI Design \n          UI/UX디자인\n          커뮤니케이션\n        \n      ","\n        채용 상세\n                    [자격요건]1. 서비스 기획 및 결과물 포트폴리오 필수 (프로젝트별 역할 및 참여율 필수 기재)2. 서류전형 \u003e 유선통화 \u003e 1차 인터뷰 \u003e 2차 인터뷰 \u003e 최종 합격3. 커머스 업계 경력 5년 이상 (혹은 이에 준하는 역량)4. 앱 / 웹 UX 디자인 경력 8년 이상 (혹은 이에 준하는 역량)5. 사용자 관점의 DATA-DRI…\n            더 보기\n            [자격요건]1. 서비스 기획 및 결과물 포트폴리오 필수 (프로젝트별 역할 및 참여율 필수 기재)2. 서류전형 \u003e 유선통화 \u003e 1차 인터뷰 \u003e 2차 인터뷰 \u003e 최종 합격3. 커머스 업계 경력 5년 이상 (혹은 이에 준하는 역량)4. 앱 / 웹 UX 디자인 경력 8년 이상 (혹은 이에 준하는 역량)5. 사용자 관점의 DATA-DRIVEN UX 개선 경력 2년 이상 (혹은 이에 준하는 역량)6. 사용자 인터뷰와 사내 UT를 통한 개선 숙련자7. 서비스 기획부터 출시 후 운영까지 최소 3번 이상의 경험8. 데이터의 목적을 이해하고 GA 등 데이터 분석 도구를 통해 데이터 삽입, 추출, 분석 숙련자9. 완성도 높은 UI를 인지하고 있으며, 구현에 필요한 디자인, 프로토타이핑 툴 숙련자(Sketch, Zeplin, Invison 등)10. “왜 이렇게 디자인해야 하는가”를 논리적으로 명쾌하게 설득할 수 있는 분11. 디자인 업무 범위 / 일정을 주도적으로 관리할 수 있는 디자이너12. 디자인 개선을 기획하고 개발 파트와 유연한 협업이 가능하신 분[우대사항]1. Product 추적 지표 정의 및 개선 경험2. Funnel 분석에 의한 제품 개선 경험3. 단순 사용성 개선이나 VOC에 의한 제품 개선이 아닌, 목표 수치 달성을 위해 깊은 고민을 해본 경험이 있는 분4. E-Commerce에 대한 깊은 이해5. 플랫폼 비즈니스에 대한 이해6. 온라인 명품 패션 소비자 대한 깊은 이해7. 스타트업에 대한 정확한 이해\n\n            \n              \n                  \n                  \n                \n            \n          \n            \n              \n                  \n                \n            \n          \n            \n              \n                  \n+12                \n            \n          \n            \n              \n                  \n                \n            \n          \n            \n              \n                  \n                \n            \n          \n            \n              \n                  \n                \n            \n          \n            \n              \n                  \n                \n            \n          \n            \n              \n                  \n                \n            \n          \n            \n              \n                  \n                \n            \n          \n            \n              \n                  \n                \n            \n          \n            \n              \n                  \n                \n            \n          \n            \n              \n                  \n                \n            \n          \n            \n              \n                  \n                \n            \n          \n            \n              \n                  \n                \n            \n          \n            \n              \n                  \n                \n            \n          "]}