{"url":"https://www.rocketpunch.com//jobs/47358/%EC%9B%B9%EB%AA%A8%EB%B0%94%EC%9D%BC-%EC%95%B1-%EC%84%9C%EB%B9%84%EC%8A%A4-%EA%B8%B0%ED%9A%8D-PM-%EB%AA%A8%EC%A7%91","title":"웹\u0026모바일 앱 서비스 기획 / PM 모집","origin":"에스브이","start_date":"11/27 ","newbie":"신입경력","content":["\n        주요 업무\n                    - PC 웹/모바일 앱 서비스 기획- 프로젝트 PM (리소스 일정 관리)\n\n      ","\n        업무 관련 기술 / 활동 분야\n        \n          모바일 서비스 기획\n          웹 서비스 기획\n          PM\n        \n      ","\n        채용 상세\n                    당사가 보유한 서비스 플랫폼에 대해 서비스를 개선 또는 신규로 기획하고,사용자와 소통하여 처음부터 끝까지 모든 결과를 만들어 나가는 핵심적인 인재300만 명이 사용하는 당사의 모바일 앱 서비스 플랫폼의 꾸준한 개선과 관심으로 혁신적인​개선과 발전을 이룰 수 있는 분- 언제나 큰 목표를 향해가는 글로벌 마인드의 소유자- 사용자의 패턴 분석, 글로벌 트…\n            더 보기\n            당사가 보유한 서비스 플랫폼에 대해 서비스를 개선 또는 신규로 기획하고,사용자와 소통하여 처음부터 끝까지 모든 결과를 만들어 나가는 핵심적인 인재300만 명이 사용하는 당사의 모바일 앱 서비스 플랫폼의 꾸준한 개선과 관심으로 혁신적인​개선과 발전을 이룰 수 있는 분- 언제나 큰 목표를 향해가는 글로벌 마인드의 소유자- 사용자의 패턴 분석, 글로벌 트랜드, 각국별 트랜드를 읽고 발견하는 능력- 사용자가 원하는 가치를 반영하여 만들어 내는 진취적인 추진력- 서비스의 개선, 트렌드를 반영하는 기존 서비스 또는 새로운 서비스에 대한 끝없는 도전[자격요건]-학력, 성별 무관-경력 2년 이상[우대사항]기존 작업 포트폴리오 첨부 우대\n\n            \n              \n                  \n                \n            \n          \n            \n              \n                  \n                \n            \n          \n            \n              \n                  \n+1                \n            \n          \n            \n              \n                  \n                \n            \n          "]}