{"url":"https://www.rocketpunch.com//jobs/41428/%EC%9B%B9%EA%B8%B0%ED%9A%8D-%EC%86%94%EB%A3%A8%EC%85%98UX%EA%B8%B0%ED%9A%8D","title":"웹기획/ 솔루션UX기획","origin":"(주)에이모","start_date":"02/06 ","newbie":"소경력","content":["\n        주요 업무\n                    Intelligence Farming Company 블루웨일에서 3년 이상의 웹기획 경험을 갖고 있는 기획자를 모십니다.\n\n      ","\n        업무 관련 기술 / 활동 분야\n        \n          웹기획\n          서비스기획\n          기획•운영\n          플랫폼기획\n          UI/UX기획\n        \n      ","\n        채용 상세\n                    [담당업무]- 웹, 모바일 서비스 Platform 화면 설계 업무- 웹 사이트와 모바일 앱 서비스를 위한 UX 기획- 고객 피드백, 데이터분석, 사용성 테스트 및 개선 운영 기획 수행- 신규서비스 개발 및 개선 기획[우대사항]- 서비스 런칭 경험 및 플랫폼 기획 경험자- AI 관련 서비스 기획 경험자- 웹트랜드 이해/열정 보유자- 협업 및 조율 역량…\n            더 보기\n            [담당업무]- 웹, 모바일 서비스 Platform 화면 설계 업무- 웹 사이트와 모바일 앱 서비스를 위한 UX 기획- 고객 피드백, 데이터분석, 사용성 테스트 및 개선 운영 기획 수행- 신규서비스 개발 및 개선 기획[우대사항]- 서비스 런칭 경험 및 플랫폼 기획 경험자- AI 관련 서비스 기획 경험자- 웹트랜드 이해/열정 보유자- 협업 및 조율 역량 우수자- 서비스 Insight 도출 가능자- 단독 프로젝트 리딩 보유자\n\n            \n              \n                  \n                \n            \n          "]}