{"url":"https://www.rocketpunch.com//jobs/67969/%EC%A7%80%EC%8B%9D-%EC%BD%98%ED%85%90%EC%B8%A0-%EC%8B%9C%EB%82%98%EB%A6%AC%EC%98%A4-%EC%9E%91%EA%B0%80","title":"지식 콘텐츠 시나리오 작가","origin":"패스트캠퍼스","start_date":"02/28 ","newbie":"경력","content":["\n        주요 업무\n                    지식 콘텐츠 시나리오 작가 [업무범위]‘세상에 없던 지식 콘텐츠’라는 슬로건으로 끊임없이 새로운 지식을 탐구하고 발굴하여 콘텐츠로 만들어 냅니다.[필요역량]- 관련 경력 3년 이상(*포트폴리오 제출 필수)- 방송, 영화, 온라인 콘텐츠 등의 시나리오 작가 경력- 다양한 주제(국내외 산업경제, 경영, IT, 과학, 문화 등)에 대한 높은 관심- 빠른 …\n            더 보기\n            지식 콘텐츠 시나리오 작가 [업무범위]‘세상에 없던 지식 콘텐츠’라는 슬로건으로 끊임없이 새로운 지식을 탐구하고 발굴하여 콘텐츠로 만들어 냅니다.[필요역량]- 관련 경력 3년 이상(*포트폴리오 제출 필수)- 방송, 영화, 온라인 콘텐츠 등의 시나리오 작가 경력- 다양한 주제(국내외 산업경제, 경영, IT, 과학, 문화 등)에 대한 높은 관심- 빠른 트렌드 변화의 핵심을 분석해 새로운 관점으로 스토리 라인 발굴 가능한 분- 주도적으로 주제 발굴, 구성, 스토리 편집까지 단독으로 진행 가능한 분[우대사항]다큐멘터리 프로그램 기획/구성작가 경력[근무조건]본 포지션은 정규직/프리랜서 근무형태 모두 가능합니다.단, 프리랜서는 주 2회 오프라인 미팅/ 온라인 데일리 업무 보고 진행 필수.[지원방법]• 지원서와 포트폴리오를 ceo@fastcampus.co.kr 로 이메일 제출해 주세요.• 인터뷰는 총 2회에 걸쳐 진행되나 필요에 따라 추가 면접이나 과제 제출을 요청할 수 있습니다.• 모든 포지션은 1~3개월 간의 수습기간을 두며, 역량 평가에 따라 조기 종료될 수 있습니다.\n\n      ","\n        업무 관련 기술 / 활동 분야\n        \n          시나리오 작가\n          구성작가\n          컨텐츠편집\n          컨텐츠 구성\n          다큐멘터리 제작\n          글쓰기\n          카피라이터\n          작가\n          매거진 작가\n          잡지에디터\n          기사작성\n          기자\n          저널리스트\n          블로그 운영경험\n        \n      ","\n        채용 상세\n                    지식 콘텐츠 시나리오 작가 [업무범위]‘세상에 없던 지식 콘텐츠’라는 슬로건으로 끊임없이 새로운 지식을 탐구하고 발굴하여 콘텐츠로 만들어 냅니다.[필요역량]- 관련 경력 3년 이상(*포트폴리오 제출 필수)- 방송, 영화, 온라인 콘텐츠 등의 시나리오 작가 경력- 다양한 주제(국내외 산업경제, 경영, IT, 과학, 문화 등)에 대한 높은 관심- 빠른 …\n            더 보기\n            지식 콘텐츠 시나리오 작가 [업무범위]‘세상에 없던 지식 콘텐츠’라는 슬로건으로 끊임없이 새로운 지식을 탐구하고 발굴하여 콘텐츠로 만들어 냅니다.[필요역량]- 관련 경력 3년 이상(*포트폴리오 제출 필수)- 방송, 영화, 온라인 콘텐츠 등의 시나리오 작가 경력- 다양한 주제(국내외 산업경제, 경영, IT, 과학, 문화 등)에 대한 높은 관심- 빠른 트렌드 변화의 핵심을 분석해 새로운 관점으로 스토리 라인 발굴 가능한 분- 주도적으로 주제 발굴, 구성, 스토리 편집까지 단독으로 진행 가능한 분[우대사항]다큐멘터리 프로그램 기획/구성작가 경력[근무조건]본 포지션은 정규직/프리랜서 근무형태 모두 가능합니다.단, 프리랜서는 주 2회 오프라인 미팅/ 온라인 데일리 업무 보고 진행 필수.[지원방법]• 지원서와 포트폴리오를 ceo@fastcampus.co.kr 로 이메일 제출해 주세요.• 인터뷰는 총 2회에 걸쳐 진행되나 필요에 따라 추가 면접이나 과제 제출을 요청할 수 있습니다.• 모든 포지션은 1~3개월 간의 수습기간을 두며, 역량 평가에 따라 조기 종료될 수 있습니다.\n"]}