{"url":"https://www.rocketpunch.com//jobs/59727/%EB%A7%88%EC%BC%80%ED%8C%85%EC%98%81%EC%97%85%EA%B8%B0%ED%9A%8D-%EC%9D%B8%EB%A0%A5-%EB%AA%A8%EC%A7%91","title":"마케팅/영업/기획 인력 모집","origin":"엠투브","start_date":"03/03 ","newbie":"인턴신입경력","content":["\n        주요 업무\n                    담당업무 : 기획/영업/마케팅1. 시장 조사 및 분석2. 신규 서비스 론칭3. 대내외 커뮤니케이션4. 제안서(기획서) 작성 및 PT 5. 영업/마케팅 전반우대 요건 : 1. 서비스 기획 유관 경력 2. 시장 조사 및 분석에 따른 전략 도출 가능3. 프로젝트 진행 및 리딩 경험 보유4. 제안서 작성 및 PT경험 보유5. 사용자/기술/ 사업측면에서 협력…\n            더 보기\n            담당업무 : 기획/영업/마케팅1. 시장 조사 및 분석2. 신규 서비스 론칭3. 대내외 커뮤니케이션4. 제안서(기획서) 작성 및 PT 5. 영업/마케팅 전반우대 요건 : 1. 서비스 기획 유관 경력 2. 시장 조사 및 분석에 따른 전략 도출 가능3. 프로젝트 진행 및 리딩 경험 보유4. 제안서 작성 및 PT경험 보유5. 사용자/기술/ 사업측면에서 협력담당자들과 원활한 의사소통 가능6. 영어 커뮤니케이션 가능\n\n      ","\n        업무 관련 기술 / 활동 분야\n        \n          기획•운영\n          서비스 기획\n          브랜드마케팅\n          세일즈마케팅\n          B2B영업\n          B2B/B2C 영업마케팅\n        \n      ","\n        채용 상세\n                    지구상에 존재하는 10억대의 자동차를 모두 연결하고자하는 엠투브 멤버를 모집합니다.엠투브는 자동차 관련 영역에서 다양한 미션을 수행하며, 보다 나은 세상의 비전을 제시하는 기업입니다.현재 스마트 드라이빙 솔루션을 사업화하고 있습니다.또한, 자율 주행의 Lastmile을 책임질 수 있는 차량용 실내 내비게이션 서비스 역시 사업화 진행 중입니다.모집직종…\n            더 보기\n            지구상에 존재하는 10억대의 자동차를 모두 연결하고자하는 엠투브 멤버를 모집합니다.엠투브는 자동차 관련 영역에서 다양한 미션을 수행하며, 보다 나은 세상의 비전을 제시하는 기업입니다.현재 스마트 드라이빙 솔루션을 사업화하고 있습니다.또한, 자율 주행의 Lastmile을 책임질 수 있는 차량용 실내 내비게이션 서비스 역시 사업화 진행 중입니다.모집직종 - 마케팅, 국내 및 해외 영업, 기획근무지- 강남/분당/군포 선택 가능지원 절차- 자유 양식의 자기소개서 및 이력서 이메일(admin01@mtov.net) 송부우대사항 - 기획 경력- 세일즈 경력- B2B 영업 경력- 스타트업 생태계 경험- 린스타트업 이해도- 디자인씽킹 이해도\n"]}