{"url":"https://www.rocketpunch.com//jobs/69052/AI-%EA%B8%B0%EB%B0%98-%EA%B3%B5%EA%B3%B5%EC%82%AC%EC%97%85-%EA%B4%80%EB%A6%AC-%EB%8B%B4%EB%8B%B9%EC%9E%90","title":"AI 기반 공공사업 관리 담당자","origin":"(주)에이모","start_date":"02/06 ","newbie":"경력","content":["\n        주요 업무\n                    AIMMO는 머신러닝을 위한 학습 데이터를 생산/가공하는 플랫폼으로써, 기업의 복잡한 가공 요구사항을 누구나 작업할 수 있는 쉬운 프로젝트 형태로 만들어, 빠르게 순도높은 학습 데이터를 생산할 수 있는 유연한 구조로 설계되어있습니다. 에이모에서 AI 기반 공공사업 관리를 함께하실 경력 3년차 이상이신 분을 모십니다!\n\n      ","\n        업무 관련 기술 / 활동 분야\n        \n          공공기관프로젝트\n          공공기관 사업 경험자\n          공공입찰\n        \n      ","\n        채용 상세\n                    담당업무- 공공사업 제안- 프로젝트 수행 및 관리- 예산 집행 및 실적 관리자격요건- 해당직무 근무 3년 이상 경험자- 공공 프로젝트 관리/정산 경험자- IT/SW 관련 업종 경험 보유 자우대사항- 사업비 정산 유경험자 우대- 컴퓨터 및 문서 활용 능력 우수자- AI 기술, computer vision 처리에 대한 이해도가 높은 자- 개발자 출신 우…\n            더 보기\n            담당업무- 공공사업 제안- 프로젝트 수행 및 관리- 예산 집행 및 실적 관리자격요건- 해당직무 근무 3년 이상 경험자- 공공 프로젝트 관리/정산 경험자- IT/SW 관련 업종 경험 보유 자우대사항- 사업비 정산 유경험자 우대- 컴퓨터 및 문서 활용 능력 우수자- AI 기술, computer vision 처리에 대한 이해도가 높은 자- 개발자 출신 우대- 프리젠테이션 우수자\n"]}