{"url":"https://www.rocketpunch.com//jobs/68672/%EA%B4%91%EA%B3%A0%EC%82%AC%EC%97%853%EB%B6%80%EB%AC%B8-%EC%98%A8%EB%9D%BC%EC%9D%B8%EA%B4%91%EA%B3%A0-AE-%EA%B2%BD%EB%A0%A5%EC%A7%81-%EC%B1%84%EC%9A%A9","title":"[광고사업3부문] 온라인광고 AE 경력직 채용","origin":"트리플하이엠","start_date":"01/28 ","newbie":"경력","content":["\n        주요 업무\n                    온라인광고 AE- 네이버/다음/구글/페이스북 등 디지털마케팅 관리, 분석- 기존 광고주 운영 모니터링 및 최적화 제안- 마케팅 전략 개발 및 광고주 적용- 디지털마케팅 기획/제안에 대한 제반 업무\n\n      ","\n        업무 관련 기술 / 활동 분야\n        \n          온라인마케팅\n          퍼포먼스 마케팅\n          마케팅캠페인\n          마케팅분석\n          성과분석\n          종합광고대행사\n          디지털 마케팅\n          Performance Marketing\n          네이버 검색광고\n          검색광고\n          온라인광고\n          GDN\n        \n      ","\n        채용 상세\n                    [자격요건]- 경력 : 유관업무 경력자(1년 이상)[우대사항]- 원활한 커뮤니케이션 능력- office 프로그램 활용 우수자- 제안서 제작 유경험자 (*포트폴리오 제출)- 광고대행사/랩사/광고기획 업무 경력자[근무조건]- 근무시간 : 9시 30분 ~ 17시 30분 [점심시간 : 12시 50분~14시]- 연봉 : 경력에 따른 합의 (희망 연봉 기재)-…\n            더 보기\n            [자격요건]- 경력 : 유관업무 경력자(1년 이상)[우대사항]- 원활한 커뮤니케이션 능력- office 프로그램 활용 우수자- 제안서 제작 유경험자 (*포트폴리오 제출)- 광고대행사/랩사/광고기획 업무 경력자[근무조건]- 근무시간 : 9시 30분 ~ 17시 30분 [점심시간 : 12시 50분~14시]- 연봉 : 경력에 따른 합의 (희망 연봉 기재)- 근무 기간에 따른 승급제도 운영 (년 2회)[복리후생]- 주 35시간(일 7시간) 단축근무제 시행, 4대보험 및 퇴직금, 복지휴가, 월 1회 점심시간 2시간, 생일자 조기퇴근 제도, 직원 전용 안마의자, 사내 카페, 팀운영비 지급, 사내 동호회 운영, 우수사원 포상 및 표창, 자사 쇼핑몰 할인, 직원 건강검진, 경조사 지원, 제휴 항공사 할인, 직원 제안 제도, 무모한 점심, 명절 선물 * 서류 전형 합격자에 한해 개별 연락 드립니다. \n\n            \n              \n                  \n                \n            \n          \n            \n              \n                  \n                \n            \n          \n            \n              \n                  \n+1                \n            \n          \n            \n              \n                  \n                \n            \n          "]}