{"url":"https://www.rocketpunch.com//jobs/67466/Back-end-%EC%8B%A0%EC%9E%85%EA%B2%BD%EB%A0%A5-%EA%B0%9C%EB%B0%9C%EC%9E%90%EB%A5%BC-%EB%AA%A8%EC%8B%AD%EB%8B%88%EB%8B%A4-%EC%9D%B8%EA%B3%B5%EC%A7%80%EB%8A%A5-%EB%B6%84%EC%84%9D-%EB%8D%B0%EC%9D%B4%ED%84%B0-%EC%8B%9C%EA%B0%81%ED%99%94-%EC%A0%84%EB%AC%B8-%EA%B8%B0%EC%97%85","title":"Back-end 신입/경력 개발자를 모십니다. - 인공지능 분석, 데이터 시각화 전문 기업","origin":"몬드리안에이아이 (주)","start_date":"03/03 ","newbie":"신입경력","content":["\n        주요 업무\n                    벡엔드: Back-end 신입/ 경력 개발자를 모십니다.* javascript기반의프로토콜/API백엔드서버설계및개발,요구사항 분석 / 로직 설계,협업 프로세스 / 테스트 / 최적화* 인메모리 기반, 분산형, 고속의 확장 가능한 기업용 머신러닝 플랫폼 개발 프로젝트* 빅데이터 클러스터 상에서 손쉽게 엔터프라이즈 환경에 필요한 ML, AI 모델을 생성하…\n            더 보기\n            벡엔드: Back-end 신입/ 경력 개발자를 모십니다.* javascript기반의프로토콜/API백엔드서버설계및개발,요구사항 분석 / 로직 설계,협업 프로세스 / 테스트 / 최적화* 인메모리 기반, 분산형, 고속의 확장 가능한 기업용 머신러닝 플랫폼 개발 프로젝트* 빅데이터 클러스터 상에서 손쉽게 엔터프라이즈 환경에 필요한 ML, AI 모델을 생성하고 활용할 수 있도록 하는 기업형 플랫폼 개발[우대 사항] 관련전공자 GitHub 등 본인 공개 코드가 있으신 분 오픈소스 이해, 적용 경험이 있으신 분 AWS 환경에서 시스템 운영 경험 CI/CD 설계 및 운영 경험  Backend 데이터 처리 및 관리 Docker를 이용한 빌드, 배포, 유지보수 영어 회화 가능자  스터디 등 개발 커뮤니티에 활동 중인 분 개발 과정 및 이슈에 대해 기록하는 습관을 가지신 분\n\n      ","\n        업무 관련 기술 / 활동 분야\n        \n          Node.js\n          Back-end\n          서버관리\n          GitHub\n          Web Service\n          Mobile Service\n          Front-end\n          React.js\n          React\n          JavaScript\n          HTML\u0026CSS3\n          CSS\n          full-stack development\n          full stack\n        \n      ","\n        채용 상세\n                    [몬드리안에이아이] 더 나은 세상  데이터 시각화를 통해 만들어갑니다.복잡한 데이터의 의미를 한눈에 볼 수 있게 하는 것. 몬드리안에이아이는 모든 정보의 시각화를  통해 혁신을 추구하고 변화를 선두에서 이끌어 갑니다. 인공지능과 빅데이터를 활용하여 앞으로 펼쳐질 신세계를 함께 탐험 하실분을 찾습니다.  도시 정보, 공장, 통신 모든 분야에서의 데이터…\n            더 보기\n            [몬드리안에이아이] 더 나은 세상  데이터 시각화를 통해 만들어갑니다.복잡한 데이터의 의미를 한눈에 볼 수 있게 하는 것. 몬드리안에이아이는 모든 정보의 시각화를  통해 혁신을 추구하고 변화를 선두에서 이끌어 갑니다. 인공지능과 빅데이터를 활용하여 앞으로 펼쳐질 신세계를 함께 탐험 하실분을 찾습니다.  도시 정보, 공장, 통신 모든 분야에서의 데이터의 시각화를 통해 데이터가 가지는 의미와 상관관계를 쉽고 빠르게 도출하여 정보의 가치를 극대화 시킬 수 있게 도와줍니다. 시각화 구현과 빅데이터 처리과정에서 Backend 정보를 처리해줄 분을 찾습니다.저희와 함께 하게되면 다음과 같은 프로젝트들에서 Backend 작업을 진행하게 됩니다.  새로운 가치와 세상에 없는 것을 만들어 나가는 것에 즐거움을 느끼시는 분이라면 충분한 만족을 느끼실 겁니다.  [도시 인구 프로젝트] https://vimeo.com/261417981[3D 모델링된 도시형 SNS] https://vimeo.com/203681927[도시 모델링] https://vimeo.com/166815273 [인재상] 새로운 기술 트렌드 학습 및 적응을 두려워하지 않는 분 독립적으로 일을 진행하고 결과를 만들어내는 능력을 가진 분 논리적이고 체계적으로 문제를 해결하는 능력을 가진분 팀원과의 커뮤니케이션 능력을 가진 분[근무 조건]  근무지 : 인천 송도  시간 : 오전9시 30분 ~ 오후 6시 30분[급여]신입: 2,000만원~3,000만원경력: 3,000만원~4,800만원[ 전형 절차 ] 서류 전형 - 면접 - 최종합격 각 전형은 개별로 일주일 이내에 연락드리며 진행합니다.[ 지원 방법 ] 제출 서류 : 자기소개서  / 포트폴리오  자기소개서 및 포트폴리오 자유양식\n"]}