{"url":"https://programmers.co.kr/job_positions/1598","title":"웹 서비스 개발자","origin":"스룩","start_date":"","newbie":false,"content":["기술 스택\nWindows Server MSSQL(Microsoft SQL Server) .NET","업무 소개\n자사의 스룩페이(https://srookpay.com/) 웹서비스를 중심으로 다음 업무를 수행합니다.\n\n- 기능 개선 및 신규 연계 서비스 개발\n  - 타 서비스 시스템 연계 (API 연동)\n  - 기존 시스템 유지보수","자격 조건\n2~5년 미만의 경력 있으신 분\nHTTP Protocol 및 웹 어플리케이션 기본 지식 보유한 분\n.NET (with C#) 기반의 웹기반 기술에 대한 지식과 실무 경험이 있으신 분\nMS-SQL에 대한 지식과 실무 경험이 있으신 분\n협업 시 원활한 커뮤니케이션 가능한 분","우대 사항\nNET MVC 경헙 우대\n백엔드, 프론트엔드 웹 서비스 개발 경험이 있으신 분\nWAS에 대한 기본적인 세팅과 문제 해결이 가능한 분 (IIS)]\n주어진 비즈니스에 대한 논리 \u0026 물리 데이터 모델 설계와 작성이\n가능한 분 (MS-SQL)\n주어진 비즈니스에 적합한 Stored procedure 혹은 Function 작성이 가능한 분 (MS-SQL)\n형상관리 툴을 사용해 보신 분 (SVN 등)\n기존 개발 코드에 대한 분석 경험이 있으신 분\n학습 의지가 강하고 개발에 대한 지속적 관심이 있으신 분"]}