{"url":"https://www.rocketpunch.com//jobs/70273/%ED%8D%BC%ED%8F%AC%EB%A8%BC%EC%8A%A4Growth-hacking-%EB%A7%88%EC%BC%80%ED%84%B0","title":"퍼포먼스/Growth hacking 마케터","origin":"주식회사 아트라미","start_date":"03/01 ","newbie":"경력","content":["\n        주요 업무\n                    안녕하세요! 아티스트의 브랜드샵 플랫폼 서비스인 '뚜주르누보'를 운영하는 주식회사 아트라미입니다!저희 아트라미는 작품을 활용하여 아티스트들이 쉽게 수익을 창출하고, 또한 다양한 작품과 디자인 상품을 소비자에게 전달하고 있습니다. 저희는 대한민국의 새로운 아트 플랫폼 문화를 만들어가고 있습니다.더욱 재미있고 멋지게 저희 서비스를 함께 만들어갈 퍼포먼스…\n            더 보기\n            안녕하세요! 아티스트의 브랜드샵 플랫폼 서비스인 '뚜주르누보'를 운영하는 주식회사 아트라미입니다!저희 아트라미는 작품을 활용하여 아티스트들이 쉽게 수익을 창출하고, 또한 다양한 작품과 디자인 상품을 소비자에게 전달하고 있습니다. 저희는 대한민국의 새로운 아트 플랫폼 문화를 만들어가고 있습니다.더욱 재미있고 멋지게 저희 서비스를 함께 만들어갈 퍼포먼스 디지털 마케터를 찾고 있습니다!\n\n      ","\n        업무 관련 기술 / 활동 분야\n        \n          디지털마케팅\n          그로스해킹\n          소셜마케팅\n          페이스북\n          콘텐츠마케팅\n          바이럴마케팅\n          온라인마케팅\n          퍼포먼스 마케팅\n        \n      ","\n        채용 상세\n                    담당업무- 데이터 기반의 디지털 마케팅 운영- 핵심 KPI의 관리 및 성과 개선- 데이터 수집 및 분석, 공유하고 개선점을 도출하여 마케팅 최적화- 마케팅 채널 별 전략 수립 및 실행자격요건- 마케터 경력 2년 이상- 데이터를 기반으로 마케팅의 문제점과 개선점을 도출할 수 있는 논리력과 분석력- 광고 소재 또는 랜딩페이지를 시각화할 수 있는 이미지 …\n            더 보기\n            담당업무- 데이터 기반의 디지털 마케팅 운영- 핵심 KPI의 관리 및 성과 개선- 데이터 수집 및 분석, 공유하고 개선점을 도출하여 마케팅 최적화- 마케팅 채널 별 전략 수립 및 실행자격요건- 마케터 경력 2년 이상- 데이터를 기반으로 마케팅의 문제점과 개선점을 도출할 수 있는 논리력과 분석력- 광고 소재 또는 랜딩페이지를 시각화할 수 있는 이미지 편집툴 활용 능력(포토샵/일러스트)우대사항- 아트라미 사업에 대한 이해도- 원활한 커뮤니케이션 능력- 빠른 실행력- 검증 가능한 성과 포트폴리오\n"]}