{"url":"https://www.rocketpunch.com//jobs/59530/%EB%B0%B1%EC%97%94%EB%93%9C-%EA%B0%9C%EB%B0%9C%EC%9E%90Back-end-Engineer-%EB%AA%A8%EC%A7%91-%EA%B2%BD%EB%A0%A5%EC%A7%81","title":"백엔드 개발자(Back-end Engineer) 모집 [경력직]","origin":"팀윙크","start_date":"02/27 ","newbie":"경력","content":["\n        주요 업무\n                    팀윙크는 어려운 금융을 쉽게 알려주는 자산관리 앱 '알다'를 제공하고 있습니다.유저들이 금융을 쉽게 사용할 수 있도록 Data를 관리하고 DB 구조를 함께 고도화해 갈 백엔드 개발자를 구합니다.- 50만이 선택한 알다 웹/앱 서비스의 신규 기능 개발 및 운영합니다.- API서버 및 시스템 아키텍쳐를 개선해 나갑니다.- 초기 개발 버전의 시스템 아키텍…\n            더 보기\n            팀윙크는 어려운 금융을 쉽게 알려주는 자산관리 앱 '알다'를 제공하고 있습니다.유저들이 금융을 쉽게 사용할 수 있도록 Data를 관리하고 DB 구조를 함께 고도화해 갈 백엔드 개발자를 구합니다.- 50만이 선택한 알다 웹/앱 서비스의 신규 기능 개발 및 운영합니다.- API서버 및 시스템 아키텍쳐를 개선해 나갑니다.- 초기 개발 버전의 시스템 아키텍쳐를 지속 개선해 나갑니다.\n\n      ","\n        업무 관련 기술 / 활동 분야\n        \n          Back-end\n          MySQL\n          Node.js\n          Amazon AWS\n          서버관리\n          Java\n          JavaScript\n          jQuery\n          Python\n          MongoDB\n          GitHub\n        \n      ","\n        채용 상세\n                    담당업무- '알다' 서비스 신규 기능 개발 및 운영- API 서버 개발- Legacy 시스템 아키텍처 개선자격요건- Spring 프레임워크- 백엔드 서비스(특히, 웹 기술 및 RESTful API Server) 개발/운영에 대한 이해가 있으신 분- 새로운 언어 습득에 부담을 느끼지 않는 분- 새로운 문제를 정의하고 해결해 나가는데서 즐거움을 찾는 분…\n            더 보기\n            담당업무- '알다' 서비스 신규 기능 개발 및 운영- API 서버 개발- Legacy 시스템 아키텍처 개선자격요건- Spring 프레임워크- 백엔드 서비스(특히, 웹 기술 및 RESTful API Server) 개발/운영에 대한 이해가 있으신 분- 새로운 언어 습득에 부담을 느끼지 않는 분- 새로운 문제를 정의하고 해결해 나가는데서 즐거움을 찾는 분 우대사항  - 모놀리식 아키텍처로 구축된 개발 시스템을 마이크로서비스 아키텍처로 개선할 수 있는 방법에 대한 이해와 경험이 있으신 분  - 금융 서비스 인프라 운영 경험(특히, AWS 기반)이 있으신 분  - 영문으로된 개발자 문서를 거부감 없이 보시는 분  - Computer Science에 대한 이해력이 준수하신 분  - CI \u0026 CD 실무 경험이 있으신 분\n\n            \n              \n                  \n                \n            \n          \n            \n              \n                  \n                \n            \n          \n            \n              \n                  \n                \n            \n          "]}