{"url":"https://programmers.co.kr/job_positions/1389","title":"웹 개발자","origin":"리시드","start_date":"","newbie":false,"content":["기술 스택\nVue.js ReactJS CSS HTML JavaScript PHP Java","업무 소개\n리시드의 웹 개발자는\n\n리시드의 신규 웹서비스를 개발하고, 현재 운영 중인 웹 서비스를 유지 및 보수하는 역할을 담당합니다.","자격 조건\nBack-End 개발자\n\n- 관련분야 경력 3년 이상이신 분\n- JAVA, PHP 등 개발언어 활용 능력이 있으신 분\n- 웹서버 관리 및 운영이 가능하신 분\n- Full-Stack 개발자 혹은 관련 업무 경험이 있으신 분\n\nFront-End 개발자\n\n- 관련분야 경력 2년 이상이신 분\n- ReactJS, VUE.JS 등 프레임 워크 경험이 있으신 분\n- HTML5, CSS3, JavaScript에 대한 기본 지식이 있으신 분","우대 사항\n리시드 개발자 채용에서 무엇보다도 가장 중점사항은\n\n기획, 디자인 등 다양한 직군과 함께 문제를 정의하고 해결책을 찾아나갈 수 있도록\n협업 및 커뮤니케이션이 가능하신 분을 찾는 것입니다."]}