{"url":"https://www.rocketpunch.com//jobs/68516/Android-%EA%B0%9C%EB%B0%9C%EC%9E%90","title":"Android 개발자","origin":"번개장터 주식회사","start_date":"02/14 ","newbie":"경력","content":["\n        주요 업무\n                    번개장터 주식회사는 모바일 중고거래 No.1 플랫폼 번개장터와 중고 컨시어지 No.1 서비스 셀잇을 서비스하고 있습니다. 번개장터는 1,400만명 이상이 다운로드했고, 매월 450만명 이상의 이용자가 이용하고 있습니다.“누구나 숨 쉬듯 거래하는 세상을 만든다.”번개장터가 하려는 일입니다. 누구나 쉽게, 안심하고 거래하는 공간을 만들고 싶습니다. 마치…\n            더 보기\n            번개장터 주식회사는 모바일 중고거래 No.1 플랫폼 번개장터와 중고 컨시어지 No.1 서비스 셀잇을 서비스하고 있습니다. 번개장터는 1,400만명 이상이 다운로드했고, 매월 450만명 이상의 이용자가 이용하고 있습니다.“누구나 숨 쉬듯 거래하는 세상을 만든다.”번개장터가 하려는 일입니다. 누구나 쉽게, 안심하고 거래하는 공간을 만들고 싶습니다. 마치 숨을 쉴 때 의식하지 않는 것처럼, 번개장터에서 어떤 불편도 느끼지 않도록 하는 게 목표입니다.번개장터는 중고거래를 하면서 느끼는 불편함을 사용자와 함께 하나씩 해결하고 있습니다. 그 과정에서 ‘생활의 모든 것에는 가치가 있다’라는 믿음이 생겼습니다.누구나 쉽고 빠르고 안전하게 거래할 수 있다면, 모든 것의 가치가 커지는 세상이 된다고 믿습니다.번개장터 자세히 알아보기: http://bit.ly/BUNJANG번개장터의 안드로이드 개발자는 프론트엔드팀에 소속되어, 번개장터와 셀잇의 Android앱의 기능 구현 및 유지 보수 등 Android 앱 서비스에 관련된 모든 업무를 담당합니다. 모바일 환경에 맞는 최적화를 고려하면서 UI/UX 개발을 진행하고 있습니다.\n\n      ","\n        업무 관련 기술 / 활동 분야\n        \n          Android\n          Kotlin\n          안드로이드 앱개발\n          Android앱개발\n          안드로이드개발\n          어플리케이션 개발\n          코틀린\n          안드로이드 개발\n          안드로이드개발자\n          안드로이드\n          모바일앱개발\n          RxAndroid\n          RXKotlin\n        \n      ","\n        채용 상세\n                    담당업무- 번개장터/셀잇 Android 앱의 기능 구현, 유지 보수 등 Android앱 서비스에 관련된 모든 업무 - 차후 추가될 서비스, 기능에 대한 신규 개발- 기존의 코드베이스에 새로운 기술을 적용해 코드최적화 및 개선- 기존 legacy 코드 리팩토링 작업자격요건- Android 앱 개발 경력 2년 이상 4년 이하- Java 또는 Kotlin…\n            더 보기\n            담당업무- 번개장터/셀잇 Android 앱의 기능 구현, 유지 보수 등 Android앱 서비스에 관련된 모든 업무 - 차후 추가될 서비스, 기능에 대한 신규 개발- 기존의 코드베이스에 새로운 기술을 적용해 코드최적화 및 개선- 기존 legacy 코드 리팩토링 작업자격요건- Android 앱 개발 경력 2년 이상 4년 이하- Java 또는 Kotlin을 사용하여 안드로이드 앱 개발 경험이 있으신분, (신규 개발은 kotlin 활용)- Android 플랫폼에 대한 높은 이해도를 가지신 분- Rest Api의 동작방식을 이해하고 서버와의 연동이 가능하신 분- Git 활용 프로젝트 수행 경험이 있으신분 - 코드 리뷰에 적극적이신 분우대사항- ReactiveX 등의 기술 경험이 있거나 코루틴등 비동기 프로그래밍에 익숙하신 분- 앱스토어에 출시해본 경험이 있으신 분- Kotlin 으로 개발이 가능하신 분 - mvp, mvvm, svc 패턴등 디자인 패턴에 대한 이해와 개발을 해본 경험이 있으신 분- legacy 코드에 대해서 코드 리팩토링 경험이 있으신 분- Crashytics 등 난해한 이슈에 대해서도 문제해결이 가능하신 분\n"]}