{"url":"https://www.rocketpunch.com//jobs/65345/%ED%99%94%EC%9E%A5%ED%92%88-%EB%B8%8C%EB%9E%9C%EB%93%9C-%EB%94%94%EC%9E%90%EC%9D%B4%EB%84%88-%EC%B1%84%EC%9A%A9%EC%B0%BD%EC%97%85-%EC%B4%88%EA%B8%B0%EB%A9%A4%EB%B2%84","title":"화장품 브랜드, 디자이너 채용(창업 초기멤버)","origin":"글리코스","start_date":"11/07 ","newbie":"경력","content":["\n        주요 업무\n                    - 입욕제 3d 디자인(3d 프린팅, 금형 용)- 브랜드 디자인- 상품 및 패키지 디자인- 기타 온라인, 오프라인 디자인 등- 디렉팅\n\n      ","\n        업무 관련 기술 / 활동 분야\n        \n          제품디자인\n          프로덕트디자인\n          3D디자인\n          브랜드디자인\n          크리에이티브디자인\n        \n      ","\n        채용 상세\n                    담당업무- 브랜딩- 상품디자인- 상품 기획 및 디렉팅- 기타 디자인 총괄우대사항- 해외 경험 우대- 화장품 회사 경력 우대\n"]}