{"url":"https://www.rocketpunch.com//jobs/59225/Global-Business-Development-%EC%9D%B8%ED%84%B4%EC%8B%A0%EC%9E%85%EA%B2%BD%EB%A0%A5","title":"Global Business Development 인턴/신입/경력","origin":"모인","start_date":"12/02 ","newbie":"인턴신입경력","content":["\n        주요 업무\n                    - 국내외 시장/산업 리서치- 해외 파트너사 발굴 및 관리- 해외 파트너사 컨택 및 지속적인 커뮤니케이션- 신규사업 분석/기획- 서비스 지표/피드백 기반 서비스 개선(안) 도출- 회사/서비스 성장 전략 수립- 국내 제휴 업체 확대 및 관리- 그 외 회사의 사업역량 증진에 기대되는 업무(국내외 박람회, 각종 지원 사업 참여 등등)\n            더 보기\n            - 국내외 시장/산업 리서치- 해외 파트너사 발굴 및 관리- 해외 파트너사 컨택 및 지속적인 커뮤니케이션- 신규사업 분석/기획- 서비스 지표/피드백 기반 서비스 개선(안) 도출- 회사/서비스 성장 전략 수립- 국내 제휴 업체 확대 및 관리- 그 외 회사의 사업역량 증진에 기대되는 업무(국내외 박람회, 각종 지원 사업 참여 등등)\n\n      ","\n        업무 관련 기술 / 활동 분야\n        \n          사업기획\n          신사업기획\n          사업전략\n          전략기획\n          마케팅기획\n          사업개발\n          비즈니스분석\n          비즈니스매니저\n          비즈니스 전략\n          해외비즈니스\n          글로벌비즈니스\n          비즈니스모델 구축\n          Business Strategy\n          business development\n          New Business Development\n          Business Analysis\n          International Business Development\n          Global Business Development\n          신사업개발\n        \n      ","\n        채용 상세\n                    \u003c자격 요건\u003e- 영문 리서치 및 각종 영문 자료 작성에 능숙한 분- 긍정적이고 도전을 두려워하지 않는 분! 열정적인 분!- 다른 생각, 다양한 관점을 이해할 수 있으며, 효율적인 팀 내 커뮤니케이션이 가능하신 분- 업무에 대한 자발성과 책임감이 높으신 분- 새로운 기술, 서비스를 익히고 경험하는 것을 좋아하며, 배움에 대한 의지가 강한 분…\n            더 보기\n            \u003c자격 요건\u003e- 영문 리서치 및 각종 영문 자료 작성에 능숙한 분- 긍정적이고 도전을 두려워하지 않는 분! 열정적인 분!- 다른 생각, 다양한 관점을 이해할 수 있으며, 효율적인 팀 내 커뮤니케이션이 가능하신 분- 업무에 대한 자발성과 책임감이 높으신 분- 새로운 기술, 서비스를 익히고 경험하는 것을 좋아하며, 배움에 대한 의지가 강한 분- 핀테크 및 블록체인에 관심과 열정이 있으신 분\u003c우대사항\u003e- 리서치 및 산업 분석 경험이 있으신 분- 학회, 동아리, 대외활동 등 프로젝트에서 좋은 성과를 내신 분- 밝고 적극적인 성격을 가진 분 - 해외 국가 거주 경험 보유 또는 외국어 능력자- 논리적 사고를 바탕으로 뛰어난 문제 해결력을 지니신 분\u003c지원 방법 및 채용 절차\u003e- 자유 양식 이력서 및 경력 기술서 (이력서, 자기소개서, 포트폴리오 등 자신을 표현할 수 있는 어떤 자료도 무방함)- 수행 프로젝트 위주 기술, 본인이 직접 담당했던 부분에 대해 명시- 1차 서류 심사, 2차 화상 또는 대면 인터뷰, 3차 최종 인터뷰\n"]}