{"url":"https://www.rocketpunch.com//jobs/66394/%EB%A6%AC%EC%95%A1%ED%8A%B8React-%ED%94%84%EB%A1%A0%ED%8A%B8%EC%97%94%EB%93%9C-%EC%A3%BC%EB%8B%88%EC%96%B4-%EA%B0%9C%EB%B0%9C%EC%9E%90-%EC%B1%84%EC%9A%A9","title":"리액트(React) 프론트엔드 주니어 개발자 채용","origin":"씨에이치스퀘어","start_date":"12/03 ","newbie":"경력","content":["\n        주요 업무\n        Floev Dev Team 은 Naver 10년 차 개발자를 중심으로 하여 3년차 full stack 개발자, 다양한 서비스를 배포한 경험이 있는 퍼블리셔가 조직되어 서비스를 개발하고 있습니다.Floev Dev Team 의 현재 개발 목표는 “React를 기반으로한 웹서비스 Front-end 구축” 입니다.이 프로젝트를 함께 도와줄 리액트 front-end 개발자를 찾고 있습니다.\n      ","\n        업무 관련 기술 / 활동 분야\n        \n          Front-end\n          React\n          Node.js\n        \n      ","\n        채용 상세\n        자격요건- Nodejs ES6 이상 버전에 대한 이해- 최소한 하나 이상의 React 서비스를 완성한 뒤 배포 혹은 서비스해본 경험- React Hook 을 사용해본 경험이 있거나, react hook을 배워서 프로젝트에 빠르게 적용할 수 있는 영문자료 습득 능력/개발에 대한 이해우대사항- 관련 전공자- 스타트업 경험자- 소셜벤처\n            \n              \n                  \n                \n            \n          \n            \n              \n                  \n                \n            \n          "]}