{"url":"https://www.rocketpunch.com//jobs/67844/Web%EA%B0%9C%EB%B0%9C%EC%9E%90-%EC%B1%84%EC%9A%A9PythonDjango","title":"Web개발자 채용(Python/Django)","origin":"코인원","start_date":"02/19 ","newbie":"경력","content":["\n        주요 업무\n                    •코인원 웹 서비스 백엔드 API 개발 및 운영•코인원 서비스 신규 기능 개발 및 운영•아키텍쳐 구성 및 컨테이너 기반 배포 환경 구축•테스트 코드 작성 (TDD)\n\n      ","\n        업무 관련 기술 / 활동 분야\n        \n          API\n          Python\n          Django\n          restful\n          Bootstrap\n          JIRA\n          compliance\n          Git\n        \n      ","\n        채용 상세\n                    [업무내용]•코인원 웹 서비스 백엔드 API 개발 및 운영•코인원 서비스 신규 기능 개발 및 운영•아키텍쳐 구성 및 컨테이너 기반 배포 환경 구축•테스트 코드 작성 (TDD)[지원자격]• 개발 경력 3년 이상 또는 그에 상응하는 개발 능력•Python/Django 를 이용한 웹 어플리케이션 개발 및 운영 경험•주도적으로 개발 업무를 진행할 수 있는 …\n            더 보기\n            [업무내용]•코인원 웹 서비스 백엔드 API 개발 및 운영•코인원 서비스 신규 기능 개발 및 운영•아키텍쳐 구성 및 컨테이너 기반 배포 환경 구축•테스트 코드 작성 (TDD)[지원자격]• 개발 경력 3년 이상 또는 그에 상응하는 개발 능력•Python/Django 를 이용한 웹 어플리케이션 개발 및 운영 경험•주도적으로 개발 업무를 진행할 수 있는 분•커뮤니케이션과 협업이 원활하신 분[우대사항]•TDD 환경에서의 개발 경험•분산 버전 관리 시스템(Git) 이용에 능숙하신 분•거래소 서비스에 대한 관심[기타]• 코인원은 산업기능요원 병역지정업체로 현역 전직/보충역 지원 가능합니다.[채용과정]1. 실무자 인터뷰2. 대표 및 임원 인터뷰3. 피플팀과 연봉 및 처우 협의[회사 소개]코인원은 블록체인을 기반으로 금융의 새로운 영역을 만들어가고 있는 전문 기업입니다. 국내 최대규모 암호화폐 거래소인 코인원을 중심으로 해외 송금, 서버 엔진, 노드 운영 등의 블록체인 관련 금융 서비스 영역에서 사업을 영위하고 있습니다. 블록체인이라는 새로운 연결을 세상에 스며들게 한다는 미션 아래, 코인원은 암호화폐와 블록체인 업계를 선도하는 블록체인 기반 종합 금융사로 발돋움하기 위한 여정을 계속해 나가고 있습니다.[복리후생]• Life- 영양 간식창고 상시 운영- 점심 및 저녁 식대 지원• Health- 년1회 임직원 프리미엄 종합건강검진- 인근 헬스장 비용 일부 지원• Education- 도서비 및 사내 서재 지원- 외부 교육비 일부 지원- 수요 세미나 운영 - 무엇보다, 최고의 동료와 함께 성장할 수 있는 기회[코인원에 대해 더 알고 싶으시다면]- 코인원 홈페이지 https://coinonecorp.com/ - 코인원 기술블로그 https://medium.com/coinone-official/ - 코인원 블로그 https://blog.naver.com/coinone_official - 코인원 페이스북 https://www.facebook.com/coinone/\n"]}