{"url":"https://www.rocketpunch.com//jobs/69909/%EC%86%8C%ED%94%84%ED%8A%B8%EC%9B%A8%EC%96%B4-%EC%97%94%EC%A7%80%EB%8B%88%EC%96%B4-%EC%9C%A0%EB%8B%88%ED%8B%B0","title":"소프트웨어 엔지니어 - 유니티","origin":"하이퍼센스","start_date":"02/25 ","newbie":"경력","content":["\n        주요 업무\n                    하이퍼센스에서 유니티 엔지니어를 채용합니다. 하이퍼센스가 개발한 얼굴 표정 추적 및 신체 추적 시스템을 유니티 개발자가 다양한 어플리케이션에 쉽게 적용할 수 있는 플러그인을 개발 및 운영하는 업무를 담당하시게 됩니다.\n\n      ","\n        업무 관련 기술 / 활동 분야\n        \n          unity\n          Unity 3D\n          shader\n          mesh\n          texture\n        \n      ","\n        채용 상세\n                    담당업무- 하이퍼센스 유니티 플러그인의 새로운 기능 개발- 하이퍼센스 유니티 플러그인 개발자 지원- 얼굴 및 신체 추적 시스템을 이용한 다양한 예제 프로젝트 개발자격요건- 2년 이상의 풀타임 소프트웨어 개발 경력- 유니티 그래픽 시스템에 대한 깊은 이해 (메쉬, 텍스쳐, 쉐이더, 프레임버퍼, 스크립트 라이프사이클)- 깔끔하고 가독성있는 C# 코드 작…\n            더 보기\n            담당업무- 하이퍼센스 유니티 플러그인의 새로운 기능 개발- 하이퍼센스 유니티 플러그인 개발자 지원- 얼굴 및 신체 추적 시스템을 이용한 다양한 예제 프로젝트 개발자격요건- 2년 이상의 풀타임 소프트웨어 개발 경력- 유니티 그래픽 시스템에 대한 깊은 이해 (메쉬, 텍스쳐, 쉐이더, 프레임버퍼, 스크립트 라이프사이클)- 깔끔하고 가독성있는 C# 코드 작성 능력우대사항- 게임 클라이언트 개발 경력\n"]}