{"url":"https://www.rocketpunch.com//jobs/68615/%EA%B0%80%EC%83%81%ED%98%84%EC%8B%A4-%ED%94%84%EB%A1%9C%EC%A0%9D%ED%8A%B8-%EB%94%94%EC%9E%90%EC%9D%B4%EB%84%88-%EA%B5%AC%EC%9D%B8","title":"가상현실 프로젝트 디자이너 구인","origin":"엠더블유엔테크","start_date":"01/24 ","newbie":"인턴신입경력","content":["\n        주요 업무\n                    1. 담당 업무3D 및 2D 디자인 업무 (UI 및 텍스쳐 맵 작업 포함)  2~3년차정도 경력자 (초급이나 고경력자도 지원 가능은 함)  맥스, 마야, 블랜더 중 1개 이상 사용 가능자  포토샵 기본 사용  Substance, Unity, Unreal 경험자 우대2. 자격 요건원활한 소통능력, 기본 업무능력 (구글독, 오피스, 한글등)발전, 타인 …\n            더 보기\n            1. 담당 업무3D 및 2D 디자인 업무 (UI 및 텍스쳐 맵 작업 포함)  2~3년차정도 경력자 (초급이나 고경력자도 지원 가능은 함)  맥스, 마야, 블랜더 중 1개 이상 사용 가능자  포토샵 기본 사용  Substance, Unity, Unreal 경험자 우대2. 자격 요건원활한 소통능력, 기본 업무능력 (구글독, 오피스, 한글등)발전, 타인 존중, 자율과 책임 추구- 우대 사항영어 및 외국어 능력 우수자구글독, 오피스, 동영상 편집등 IT능력 우수자- 근무지역경기 안양시 동안구 안양창조경제 융합센터 (4호선 평촌역 근처)- 근무 조건- 4대 보험- 기여도에 따른 성과급 지급, 차후 지분 및 스톡옵션등 협상 가능- 간식 및 라바짜 커피 머신 제공- 기타- 1차 이력서, 포트폴리오 - 2차 면접\n\n      ","\n        업무 관련 기술 / 활동 분야\n        \n          서비스운영\n          운영\n          서비스 기획\n          데이터분석\n          데이터수집\n          데이터관리\n        \n      ","\n        채용 상세\n                    엠더블유앤테크 (MWN Tech) 기술을 통해 더 멋진 세상을 만드는 회사 새로운 교육의 패러다임을 만들 인재를 구합니다. 저희는 3D 그래픽스, 증강현실, 새로운 입력 장치 및 웨어러블 디바이스등을 응용한 기술에 많은 관심을 가지고 있으며 모바일을 활용하여 쉽고 효율적인 교육용 어플리케이션 제작에 중점을 두고 있습니다. 내부적으로 이미지 인식, 강…\n            더 보기\n            엠더블유앤테크 (MWN Tech) 기술을 통해 더 멋진 세상을 만드는 회사 새로운 교육의 패러다임을 만들 인재를 구합니다. 저희는 3D 그래픽스, 증강현실, 새로운 입력 장치 및 웨어러블 디바이스등을 응용한 기술에 많은 관심을 가지고 있으며 모바일을 활용하여 쉽고 효율적인 교육용 어플리케이션 제작에 중점을 두고 있습니다. 내부적으로 이미지 인식, 강화학습등 AI 관련 서브 프로젝트들도 진행하고 있습니다. 현재 10년차 이상의 카이스트, 홍대 석사 출신등 우수 인력으로 주요 개발진이 구성되어 있습니다. 홈페이지 http://mwntech.com/ https://www.facebook.com/MWNTech/\n"]}