{"url":"https://www.rocketpunch.com//jobs/70220/%EA%B0%80%EC%83%81%EC%9E%90%EC%82%B0%EC%95%94%ED%98%B8%ED%99%94%ED%8F%90-%EA%B1%B0%EB%9E%98%EC%86%8C-%EA%B3%A0%ED%8C%8D%EC%8A%A4GOPAX-%EC%84%9C%EB%B9%84%EC%8A%A4-%EA%B8%B0%ED%9A%8D%EC%9E%90-%EB%AA%A8%EC%A7%91","title":"가상자산(암호화폐) 거래소 고팍스(GOPAX) 서비스 기획자 모집","origin":"스트리미","start_date":"02/04 ","newbie":"경력","content":["\n        주요 업무\n        ∨ 스트리미는 이런 회사 입니다!스트리미는 사회적 책임을 갖고 블록체인 생태계를 이끌고 있습니다.스트리미의 대표 서비스로는 가상자산(암호화폐) 거래소인 'GOPAX'가 있으며, 가상자산(암호화폐) 예치 서비스 'DASK'를 출시하였습니다.'GOPAX'는 보안과 투명성을 중시하며 국내 거래소 중 최초로 국제 보안인증 ISO/IEC 27001과 국내 보안인증 ISMS를 취득하였습니다.또한 적법한 거래소 운영을 위해 사내 법률 자문팀을 운영하고 있으며, 대관업무에도 노력을 기하고 있습니다.스트리미와 함께 블록체인의 가치를 발견하고 성장해가실 분을 찾습니다.자세한 회사정보 및 사내문화는 블로그를 통해 확인 부탁드립니다.▶스트리미 블로그: https://blog.naver.com/streami_hr\n      ","\n        업무 관련 기술 / 활동 분야\n        \n          서비스기획\n          서비스기획자\n          UI/UX기획\n          웹/앱기획\n        \n      ","\n        채용 상세\n        ∨ 고팍스(GOPAX) 서비스 기획자는 이러한 임무를 하게 됩니다.- 고팍스(GOPAX) 웹서비스 개선 기획 및 신규 기능 기획 - UI/UX 분석을 통한 서비스 방향성 기획- 글로벌 서비스 case study를 통한 GOPAX.com 글로벌 서비스 기획∨ 이런 역할을 합니다! - 가상자산 거래소 서비스 상세기획안 작성 - 데이터 분석 및 지표 관리 - 프로젝트 리딩을 통한 유관부서들과 협업 진행∨ 이런 생각(경험)을 갖고 계신 분과 함께 하고 싶어요!- 서비스 기획 5년 이상- 요구사항에 대해 명확하게 정의, 정리하고 커뮤니케이션할 수 있는 능력- 웹, 모바일웹 UI/UX 에 대한 이해도 필요∨ 이런 생각(경험)을 갖고 계신 분이면 더 좋아요!- 가상자산 거래에 대한 풍부한 경험\n            \n              \n                  \n                \n            \n          \n            \n              \n                  \n                \n            \n          \n            \n              \n                  \n                \n            \n          "]}