{"url":"https://www.rocketpunch.com//jobs/69797/IT-%EB%B0%B1%EC%97%94%EB%93%9C%EA%B0%9C%EB%B0%9C-%ED%8C%80%EC%9B%90","title":"IT 백엔드개발 팀원","origin":"델레오 코리아","start_date":"02/19 ","newbie":"경력","content":["\n        주요 업무\n        - 이커머스 or 물류 플랫폼 기반의 신규 서비스 백엔드 개발 - 3rd-Party 연동 RESTful API 개발- 배송플랫폼 담당시스템1. 관제시스템 : 배송현황 종합 모니터링, 관제업무기획, 배송서비스의 웹 서비스와 백오피스 개발 및 운영 2. 배차시스템 : 최적화된 배송콜 배차 및 동선 제안, 배송 프로세스 개발, 관련 서비스 개발3. 정산시스템 : 배송 운임 정산시스템 개발- 배송원에게 최적화된 배송콜과 동선을 제안하여, 효율적이고 안전한 배달을 처리하기 위한 배송앱을 개발/운영 업무 진행- 배송원과 고객경험 가치 모두를 만족하고 균형잡힌 서비스를 제공하기 위한 개발에 중점을 두고 업무 진행- 특정 언어에 얽매이지 않고 가치있는 서비스를 만드는 것에 집중*Tech Stack: https://stackshare.io/deleo/deleokorea\n      ","\n        업무 관련 기술 / 활동 분야\n        \n          Git\n          aws\n          Back-end\n          RESTful-api\n          DB SQL\n          RDB/SQL\n          NoSQL\n          Spring\n          spring-boot\n        \n      ","\n        채용 상세\n        담당업무- 이커머스 or 물류 플랫폼 기반의 신규 서비스 백엔드 개발 - 3rd-Party 연동 RESTful API 개발- 배송플랫폼 담당시스템1. 관제시스템 : 배송현황 종합 모니터링, 관제업무기획, 배송서비스의 웹 서비스와 백오피스 개발 및 운영 2. 배차시스템 : 최적화된 배송콜 배차 및 동선 제안, 배송 프로세스 개발, 관련 서비스 개발3. 정산시스템 : 배송 운임 정산시스템 개발- 배송원에게 최적화된 배송콜과 동선을 제안하여, 효율적이고 안전한 배달을 처리하기 위한 배송앱을 개발/운영 업무 진행- 배송원과 고객경험 가치 모두를 만족하고 균형잡힌 서비스를 제공하기 위한 개발에 중점을 두고 업무 진행- 특정 언어에 얽매이지 않고 가치있는 서비스를 만드는 것에 집중*Tech Stack: https://stackshare.io/deleo/deleokorea자격요건- 학력: 초대졸이상 - 경력: 경력 3년 이상(또는 그에 준하는 역량 보유자)- Spring 또는 Spring Boot 기반에서 개발 경력 3년 이상- RESTful API 개발을 경험하신 분- Git 이용한 협업이 가능하신 분- DB SQL 작성 능숙하신 분 우대사항- 대용량 트래픽 서비스의 개발을 경험하신 분- 이커머스 및 물류 관련 시스템 개발 경험이 있으신 분- Redis, RabbitMQ 등을 활용한 개발 경험이 있으신 분- RDB, NoSQL를 활용한 개발 경험이 있으신 분- AWS, Google Cloud 등 클라우스환경에서 개발 경험하신 분(EC2, S3, RDS, cloudwatch, Route 53, ELB, Lambda, API gateway 등)- 서비스 전반(앱, 운영시스템 등)에 대해 A to Z까지 경험이 있으신 분"]}