{"url":"https://www.rocketpunch.com//jobs/67746/%EC%9B%B9%EA%B0%9C%EB%B0%9C%EC%9E%90","title":"웹개발자","origin":"디파인드","start_date":"01/06 ","newbie":"경력","content":["\n        주요 업무\n                    1. 디파인드 서비스( http://designfind.co.kr )의 프론트,백엔드 개발 및 유지 업무를 할 멤버를 모집합니다.2. 리액트와, 몽고디비로 구성되어 있습니다.\n\n      ","\n        업무 관련 기술 / 활동 분야\n        \n          React\n          Front-end\n          Back-end\n          MongoDB\n        \n      ","\n        채용 상세\n                    담당업무- 서비스 개발 업무- 서비스 유지보수 업무자격요건- 관련기술 경험자우대사항- 관련기술 레퍼런스 제시\n"]}