{"url":"https://www.rocketpunch.com//jobs/70189/QA-Tester","title":"QA Tester","origin":"파운트","start_date":"02/27 ","newbie":"신입경력","content":["\n        주요 업무\n                    * App, Mobile Web 등 자체 서비스의 전반적인 품질 모니터링* 결함 보고, 추적 및 분석에 따른 이슈 관리* 지속적인 서비스 점검 및 개선 활동* QA Process 수립 및 개선 활동* 스펙 분석 및 테스트 케이스 설계\n\n      ","\n        업무 관련 기술 / 활동 분야\n        \n          qa\n          QA/QC\n          QA 테스터\n        \n      ","\n        채용 상세\n                    1. Job title: QA Tester2. 회사 소개- 회사명: 파운트- 파운트는 로보어드바이저 업계 no. 1 FINTech 기업입니다. - 회사 주소: 서울시 서대문구 충정로 50, 6층 ## 주요 업무* App, Mobile Web 등 자체 서비스의 전반적인 품질 모니터링* 결함 보고, 추적 및 분석에 따른 이슈 관리* 지속적인 서비스 점검…\n            더 보기\n            1. Job title: QA Tester2. 회사 소개- 회사명: 파운트- 파운트는 로보어드바이저 업계 no. 1 FINTech 기업입니다. - 회사 주소: 서울시 서대문구 충정로 50, 6층 ## 주요 업무* App, Mobile Web 등 자체 서비스의 전반적인 품질 모니터링* 결함 보고, 추적 및 분석에 따른 이슈 관리* 지속적인 서비스 점검 및 개선 활동* QA Process 수립 및 개선 활동* 스펙 분석 및 테스트 케이스 설계 ## 지원자격- 테스트 케이스 작성 및 실행 경험- 능동적이고 빠른 실행력 보유- 긍정적인 마인드와 유연한 커뮤니케이션 능력 보유 ## 우대사항- 소프트웨어 테스팅관련 경험이 있으신분- 개발사 소속 QA 경험 우대 고용형태 : 계약직(1년, 정규직 전환가능)연봉 : 3천만원 / 협의가능\n"]}