{"url":"https://www.rocketpunch.com//jobs/69543/Creative-Director","title":"Creative Director","origin":"한품","start_date":"02/13 ","newbie":"신입경력","content":["\n        주요 업무\n                    한품 Creative Director는 고객에게 보여지는한품의 모습부터, 비쥬얼을 통한 커뮤니케이션까지한품의 작은 모습부터 브랜드 아이덴티티까지디자인하여 고객에게 한품을 전달하는 역할을 합니다.\n\n      ","\n        업무 관련 기술 / 활동 분야\n        \n          디자인\n          콘텐츠디자인\n          웹디자인\n          브랜드디자인\n        \n      ","\n        채용 상세\n                    이런 분과 함께 하고 싶습니다 ✔ 한품 서비스의 가치에 대해 공감하는 분 ✔ SNS 콘텐츠, 랜딩페이지 디자인 능력이 있으신 분 ✔ 효율적인 커뮤니케이션의 힘을 믿으시는 분 ✔ 디자인만큼은 본인의 주관을 가지고 팀원들을 이끌어갈 수 있으신 분한품 디자이너는 이런 일을 합니다 ✔ 한품 웹사이트 랜딩페이지 디자인 ✔ SNS 광고 컨텐츠 제작 ✔ 다양한 …\n            더 보기\n            이런 분과 함께 하고 싶습니다 ✔ 한품 서비스의 가치에 대해 공감하는 분 ✔ SNS 콘텐츠, 랜딩페이지 디자인 능력이 있으신 분 ✔ 효율적인 커뮤니케이션의 힘을 믿으시는 분 ✔ 디자인만큼은 본인의 주관을 가지고 팀원들을 이끌어갈 수 있으신 분한품 디자이너는 이런 일을 합니다 ✔ 한품 웹사이트 랜딩페이지 디자인 ✔ SNS 광고 컨텐츠 제작 ✔ 다양한 프로모션 이벤트 공동기획 및 디자인 ✔ 웹사이트 내 브랜딩/디자인 alignment 관리나한테 이런 면들이 있으시다면 바로 지원해주세요!  ✔ 나는 스타트업에서 일하는 것의 가치를 이해하고 있다 ✔ 나는 자율성이 주어졌을 때 더 신이 난다 ✔ 나는 각자 잘하는 분야에 대해 존중하며, 도움이 필요할 때 바로 요청한다 ✔ 나는 나의 서비스를 키워나가는 것에 대해 보람을 느낄 것같다한품의 디자이너로 합류하길 원하신다면 - 자유형식의 소개를 간단하게 제출해주세요 * 꼭 이력서가 아니어도 되며, 간단한 본인 소개를 포함한 이메일도 좋습니다  - 본인이 직접 기획하고 디자인한 포트폴리오를 제출해주세요\n"]}