{"url":"https://www.rocketpunch.com//jobs/70236/%ED%9E%88%EC%96%B4%EB%8B%B7%EC%BB%B4-%ED%8C%8C%ED%8A%B8%EB%84%88%EA%B1%B0%EB%9E%98%EC%B2%98-%EA%B4%80%EB%A6%AC-%EB%A7%A4%EB%8B%88%EC%A0%80-%EC%B1%84%EC%9A%A9","title":"[히어닷컴] 파트너(거래처) 관리 매니저 채용","origin":"히어닷컴","start_date":"02/28 ","newbie":"경력","content":["\n        주요 업무\n        현대 보청기를 위한 유럽의 선도 플랫폼, 히어닷컴입니다.그 어떤 팀보다 많은 것을 성취하고 빠르게 변화하는 히어닷컴 코리아의 일원이 되고 싶은 헌신적이고 호감가는 새로운 동료를 찾고 있습니다!\u003c주요 업무\u003eㆍ 히어닷컴 파트너 지점과 대/내외 커뮤니케이션 채널 역할ㆍ 파트너 네트워크 관리 및 신규 파트너 온보딩 (현재 약 130개 파트너 지점 보유)ㆍ 각 파트너별 퍼포먼스 향상을 위한 전략 개발 및 우수 사례 적용ㆍ 신규 파트너 및 기존 파트너 지점 관계 유지 및 퀄리티 감독\n      ","\n        업무 관련 기술 / 활동 분야\n        \n          partner management\n          로컬영업\n          B2B/B2C영업\n          업무제휴\n          communication\n          B2B/B2C 영업마케팅\n          Business Partnership\n          strategic partnership\n        \n      ","\n        채용 상세\n        히어닷컴은 베를린과 샌프란시스코, 마이애미, 토론토, 쿠알라룸푸르, 베른, 서울 등에 오피스를 두고 1000명 이상의 직원을 고용하는 역동적이고 빠르게 성장하는 회사입니다. 높은 에너지, 창의력과 수평적인 벤처 기업에 발전에 이끌려 저희는 모두 끊임없이 일상 생활 속에서 회사와 함께 자기 개발을 해 나가고 있습니다. 이미 많은 것을 성취하고 있지만, 여전히 많은 잠재력을 보고 있으며, 탁월한 팀의 일원이 되고 싶은 헌신적이고 호감가는 새로운 동료를 찾고 있습니다• 히어닷컴코리아는 독일 본사와 협력을 통해 업무를 진행합니다.• 독일, 미국, 프랑스 더 나아가 아시아 시장의 Best practice를 공유받고 토론합니다.• 수평적인 회사로 우리 모두는 \"님\"으로 서로를 존중합니다.• Work hard, Play hard를 지향하며 모든 구성원이 회사와 함께 빠르게 성장합니다. \u003c주요 업무\u003eㆍ 히어닷컴 파트너 지점과 대/내외 커뮤니케이션 채널 역할ㆍ 파트너 네트워크 관리 및 신규 파트너 온보딩 (현재 약 130개 파트너 지점 보유)ㆍ 각 파트너별 퍼포먼스 향상을 위한 전략 개발 및 우수 사례 적용ㆍ 신규 파트너 및 기존 파트너 지점 관계 유지 및 퀄리티 감독\u003c자격요건\u003eㆍ 목표를 달성하고자 하는 적극적인 자세 및 협상력, 커뮤니케이션 능력ㆍ 세일즈 업무 경험자ㆍ 논리 정연한 성격ㆍ 독립적이며 스스로 목표를 달성하고자 하는 추진력ㆍ 보청기 업계에 대한 사전 지식 보유자 우대ㆍ 유사경험 1년 이상 보유자\u003c특징 및 혜택\u003e • 기업내 Potential이 높은 포지션으로 무궁무진한 역량 개발 기회• 6개월마다 글로벌 팀과 global practice를 공유하는 Asia workshop 진행 • 개인 역량에 따른 분기별 incentive 지급• 반려동물과 함께 출근 가능\n            \n              \n                  \n                \n            \n          \n            \n              \n                  \n                \n            \n          \n            \n              \n                  \n+4                \n            \n          \n            \n              \n                  \n                \n            \n          \n            \n              \n                  \n                \n            \n          \n            \n              \n                  \n                \n            \n          \n            \n              \n                  \n                \n            \n          "]}