{"url":"https://www.rocketpunch.com//jobs/67427/TYSON-%ED%8D%BC%ED%8F%AC%EB%A8%BC%EC%8A%A4-%EB%A7%88%EC%BC%80%ED%84%B0-%EB%AF%B8%EB%94%94%EC%96%B4-%ED%94%8C%EB%9E%98%EB%8B%9D-%EB%94%94%EC%A7%80%ED%84%B8-%EB%A7%88%EC%BC%80%ED%8C%85-%ED%95%B4%EC%99%B8%EB%A7%88%EC%BC%80%ED%8C%85","title":"[TYSON] 퍼포먼스 마케터 (미디어 플래닝 / 디지털 마케팅 / 해외마케팅)","origin":"타이슨","start_date":"12/31 ","newbie":"경력","content":["\n        주요 업무\n                    국내 최초 모바일 게임 전문 퍼포먼스 에이전시 TYSON Inc.에서 전 세계에 핵펀치를 날릴 퍼포먼스 마케터를 모집합니다. 빠르게 변화하는 시장 속에서 Data driven marketing을 통해 보다 명확한 의사결정을 지원할 수 있는 Professional들의 많은 지원 부탁드립니다.\n\n      ","\n        업무 관련 기술 / 활동 분야\n        \n          디지털마케팅\n          그로스해킹\n          글로벌마케팅\n          모바일광고\n          앱마케팅\n          온라인마케팅\n          Google Analytics\n        \n      ","\n        채용 상세\n                    담당업무- 모바일 게임 마케팅 - 퍼포먼스 마케팅 / 미디어 플래닝 / 디지털 마케팅- 글로벌 마케팅자격요건- 경력 : 동종 / 유사 경력 2년 이상우대사항- 영어/중국어 가능자 우대- 통계 분석 능숙자 / 컴퓨터 활용능력 우수자- 데이터 분석 가능자\n\n            \n              \n                  \n                \n            \n          "]}