{"url":"https://www.rocketpunch.com//jobs/65251/%EC%A0%95%EA%B7%9C%EC%A7%81-%EC%9B%B9-%EA%B0%9C%EB%B0%9C%EC%9E%90%EB%A5%BC-%EB%AA%A8%EC%A7%91-%ED%95%A9%EB%8B%88%EB%8B%A4-Java-spring","title":"[정규직] 웹 개발자를 모집 합니다. (Java spring)","origin":"어뮤즈랩","start_date":"01/23 ","newbie":"신입경력","content":["\n        주요 업무\n                    (주)어뮤즈랩에서 웹 개발자를 모집합니다.어뮤즈랩은 영상 미디어를 활용해 만들 수 있는 다양한 솔루션을 제공하는 회사 입니다.설립 이후로 멀티뷰 서비스 개발을 시작으로 VR, 썸네일 추출 시스템, 트랜스 코딩 시스템 등 다양한 영상 분야에 걸쳐 지속적인 성장을 이루었습니다. 또한 현재는 딥러닝을 이용한 영상 분석 시스템으로 분야를 확장하여 연구 개발…\n            더 보기\n            (주)어뮤즈랩에서 웹 개발자를 모집합니다.어뮤즈랩은 영상 미디어를 활용해 만들 수 있는 다양한 솔루션을 제공하는 회사 입니다.설립 이후로 멀티뷰 서비스 개발을 시작으로 VR, 썸네일 추출 시스템, 트랜스 코딩 시스템 등 다양한 영상 분야에 걸쳐 지속적인 성장을 이루었습니다. 또한 현재는 딥러닝을 이용한 영상 분석 시스템으로 분야를 확장하여 연구 개발 중이며, 순차적으로 솔루션을 공급 진행 중입니다.현재,  영상분석과 관련한 서비스를 개발 및 공급하고 있으며, 이에 참여할 개발자를 모집 합니다.\n\n      ","\n        업무 관련 기술 / 활동 분야\n        \n          Java\n          Spring\n          MySQL\n          Vue.js\n          Git\n        \n      ","\n        채용 상세\n                    담당업무- 신규 서비스 개발 및 기존 서비스 유지보수자격요건 - 해당 업무 경력 : 경력 무관 (신입 가능) -  Back-end / Front-end 개발 경험이 있으신 분- Java, Spring 개발 경험이 있으신 분- MySQL, Oracle 사용 경험이 있으신 분- 스스로 배우고 노력하시는 분, 협업이 가능하신 분우대조건- 관련 학과 전공자…\n            더 보기\n            담당업무- 신규 서비스 개발 및 기존 서비스 유지보수자격요건 - 해당 업무 경력 : 경력 무관 (신입 가능) -  Back-end / Front-end 개발 경험이 있으신 분- Java, Spring 개발 경험이 있으신 분- MySQL, Oracle 사용 경험이 있으신 분- 스스로 배우고 노력하시는 분, 협업이 가능하신 분우대조건- 관련 학과 전공자, 관련 자격증 보유자- Vue.js 사용 경험이 있으신 분- git을 이용한 협업 경험이 있으신 분근무조건 및 근무 환경 - 근무 형태 : 정규직 (수습 3개월) / 수습기간에도 급여의 100% 지급 - 근무 부서 : 서비스 개발팀 - 근무 요일 / 시간 : 탄력 근무제를 시행중에 있습니다. 일주엘에 40시간을 기준으로 자유롭게 출 퇴근 가능합니다. - 근태 관리 : 입사 첫달부터 연차를 제공하고, 연차 신청은 업무에 지장이 없는 한 구글 캘린더로 작성 후 , 별도의                             승인절차 없이 사용 가능 합니다. - 업무 환경 : 개발이나 업무에 필요한 일체의 장비 및 프로그램을 지원하고 있습니다. - 식대 : 점심 식대는 제공해드리고 있고, 저녁도 원하시는 경우 드시고 갈 수 있습니다.                  탕비실에는 필요한 간식, 음료가 상시 구비되어 있습니다. - 인센티브 : 설립 후 4년동안 연속 흑자 발생으로, 매 해 인센티브가 매출액에 비례해서 지급되고 있습니다. - 기타 복지 : 매 해 대형 벙원에서 전 직원 건강검진을 지원하고 있습니다.                             1년에 한번 이상의 워크샵을 진행하고 있습니다. EX ) 놀이동산, 스키장 등                             업무에 필요한 도서 및 강의를 지원하고 있습니다.\n"]}