{"url":"https://www.rocketpunch.com//jobs/65043/Front-End-%EA%B0%9C%EB%B0%9C%EC%9E%90","title":"Front End 개발자","origin":"(주) 알엔알","start_date":"02/18 ","newbie":"경력","content":["\n        주요 업무\n                    - 신규 소프트웨어 개발 프로젝트 참여- 기존 소프트웨어 시스템/서비스 고도화 개발 및 유지보수- 소프트웨어 서비스 인프라 설계, 구축, 운영\n\n      ","\n        업무 관련 기술 / 활동 분야\n        \n          jQuery\n          JavaScript\n          Java\n          CSS3\n          HTML5\n          AngularJS\n          CSS\n          React\n          Front-end\n          React.js\n          Vue.js\n          HTML\n          Git\n        \n      ","\n        채용 상세\n                    담당업무- 신규 소프트웨어 개발 프로젝트 참여- 기존 소프트웨어 시스템/서비스 고도화 개발 및 유지보수- 소프트웨어 서비스 인프라 설계, 구축, 운영공통 자격 요건- Refactoring, Design pattern에 대한 이해가 있으신 분- Source control, issue tracking system, wiki 사용 경험 및 기여에 적극적이…\n            더 보기\n            담당업무- 신규 소프트웨어 개발 프로젝트 참여- 기존 소프트웨어 시스템/서비스 고도화 개발 및 유지보수- 소프트웨어 서비스 인프라 설계, 구축, 운영공통 자격 요건- Refactoring, Design pattern에 대한 이해가 있으신 분- Source control, issue tracking system, wiki 사용 경험 및 기여에 적극적이신 분- 서비스 및 제품에 대한 애정을 가지신 분- 밝고 능동적이며 커뮤니케이션이 원할한 팀플레이어공통 우대 사항- Open source project committer- Agile / Sprint 에 대한 이해가 있으신 분- CI / CD에 대한 이해가 있으신 분- 스스로 계획을 세우고 자기만의 주관을 가지고 업무 추진하는 리더십을 가지신 분- 유연한 사고방식을 가지신 분Frontend 자격요건- React / Angular / Vue 등 한가지 이상 front framework에 대한 깊은 이해가 있으신 분- web pack / gulp 등 build 에 대한 이해가 있으신 분- Web 표준에 대한 깊은 이해가 있으신 분Frontend 우대사항- CSS 및 publishing 및 design 가능 하신 분\n\n            \n              \n                  \n                \n            \n          \n            \n              \n                  \n                \n            \n          \n            \n              \n                  \n+4                \n            \n          \n            \n              \n                  \n                \n            \n          \n            \n              \n                  \n                \n            \n          \n            \n              \n                  \n                \n            \n          \n            \n              \n                  \n                \n            \n          "]}