{"url":"https://www.rocketpunch.com//jobs/62964/UIUX-Designer","title":"UI/UX Designer","origin":"소셜클럽","start_date":"02/12 ","newbie":"경력","content":["\n        주요 업무\n                    차세대 커머스 플랫폼 소셜클럽과 함께 성장해나갈 \"UI/UX Designer\"를 찾고 있습니다!소셜클럽은 한국 뷰티 커머스 시장의 리더이자 인플루언서 커머스에서 가장 빠르게 성장하는 회사 중 하나입니다. 우리는 트렌디한 뷰티 브랜드와 스타 인플루언서들을 소셜클럽이라는 플랫폼에 담았습니다. 이를 통해, 한국에서 출발한 차세대 글로벌 이커머스를 만들어나…\n            더 보기\n            차세대 커머스 플랫폼 소셜클럽과 함께 성장해나갈 \"UI/UX Designer\"를 찾고 있습니다!소셜클럽은 한국 뷰티 커머스 시장의 리더이자 인플루언서 커머스에서 가장 빠르게 성장하는 회사 중 하나입니다. 우리는 트렌디한 뷰티 브랜드와 스타 인플루언서들을 소셜클럽이라는 플랫폼에 담았습니다. 이를 통해, 한국에서 출발한 차세대 글로벌 이커머스를 만들어나가고 있습니다. 인스타나 유투브를 활용한 인플루언서 커머스는 폭발적으로 성장하며 하나의 트렌드로 굳어지고 있는 반면, 누구도 이를 대형 사업의 단위로 확장한 적은 없었습니다. 우리는 인플루언서 커머스가 현재의 쿠팡, 티몬과 같은 2세대 소셜 커머스의 종착점이자 밀레니얼 고객들의 새로운 목적지가 될 것이라 믿고 있습니다.이 새로운 이야기의 시작으로, 우리는 인플루언서 공동구매를 플랫폼화했습니다. 소셜 미디어에서 가장 신뢰 받는 인플루언서들이 선별한 뷰티 제품들을 고객들에게 시장 내 최고의 딜로 소개해왔습니다. 이러한 시도로 서비스 런칭 6개월만에 월 매출 3.5억원을 달성하며 소셜클럽은 인플루언서 커머스의 선두주자가 되어왔습니다. 더불어, 이러한 성과를 바탕으로 우리는 뷰티 커머스 시장과 깊은 관계를 맺고 있는 중동의 투자자로부터 200만 달러를 투자 받았습니다.소셜클럽은 한국의 뷰티를 시작으로 내년부터 상품 카테고리를 넓혀나가며 국내뿐만 아니라 세계로, 진출을 시도할 계획입니다. 여태까지 product market fit을 찾는데 노력해왔다면, 함께 달리며 소셜클럽을 스케일업 해 나갈 인재들을 찾습니다.Outstanding 기사: 인플루언서와 브랜드의 콜라보 플랫폼, 소셜클럽!https://drive.google.com/file/d/1-Iobaj1zXx3Xpla1HURJ7aPMNkDI2J5k/edit[소셜클럽은 이런 분을 찾습니다]“뜻이 있는 곳에 길이 있다.”우리는 불가능한 것을 현실로 만들기 위해 끊임없이 노력하는, 통찰력 있고 주도적인 인재를 찾고 있습니다. 세상에는, 수백 가지의 이유를 들어 왜 할 수 없는지에 대해 이야기하는 반대론자들이 가득합니다. 우리는 이 사이에서 가능성을 찾고, 우리와 함께 변화를 이끌어낼 사람을 찾습니다. 우리의 고객들은 최고를 받을 자격이 있고, 이를 실현하는 것이 우리의 일입니다.[함께 일하게 될 사람들]소셜클럽의 공동 창업자는 와튼 스쿨에서 만났으며, 성공적인 경력과 뛰어난 리더십을 이곳에 바치고 있습니다.· Lawrence Sohn : 비즈니스와 개발 양쪽을 깊이 이해하는 손꼽히는 리더로, Deutsche Bank 투자은행, Fortress InvestmentGroup 헤지펀드에서 커리어를 쌓았습니다. 이후 다양한 앱들을 직접 개발하며 창업가로서의 내공 또한 쌓았습니다.· Dan Shin : 국내 탑 이커머스 중 하나인 티몬 창립자이자 Fast Track Asia 컴퍼니빌더의 사외이사입니다.[대한민국에서 가장 빠르게 성장하고 있는 소셜클럽, 이런 분들과 함께 만들어가고 있습니다]· Brand Team: 미미박스, 현대닷컴 등 국내 탑 뷰티 이커머스에서 경력을 쌓아온 MD 들로 구성된 팀입니다.· Influencer Team: 마이크로소프트, 티블 등에서 새로운 직무의 선두주자로 경력을 쌓아온 분들로 구성된 팀입니다.· Product Team: 미미박스 등 국내 이커머스 시장에서 탄탄한 개발 경력을 쌓아온 개발자들로 구성된 팀입니다.· CampaignTeam: 알테아 등 국내, 국외의 저명한 회사들에서 다방면으로 경력을 쌓아온 인재들을 선별하여 구성된 팀입니다.\n\n      ","\n        업무 관련 기술 / 활동 분야\n        \n          UI/UX디자인\n          웹디자인\n          UX디자인\n          UI디자인\n          콘텐츠디자인\n          브랜드디자인\n          마케팅디자인\n          크리에이티브디자인\n        \n      ","\n        채용 상세\n                    [주요 업무] ·   제품과 비즈니스 문제 해결에 초점을 두어 유저의 행동 패턴을 이해하고 UX 관점에서의 프로덕트 디자인      방향성 제안 및 구축·   SNS 채널에 활용할 브랜드의 마케팅, 프로모션 콘텐츠 디자인·   소셜클럽 홈페이지, 상세페이지, 촬영 시안 등 디자인[자격 요건]·   디자인 분야 경력 1년 이상 보유·   팀 작업 및 …\n            더 보기\n            [주요 업무] ·   제품과 비즈니스 문제 해결에 초점을 두어 유저의 행동 패턴을 이해하고 UX 관점에서의 프로덕트 디자인      방향성 제안 및 구축·   SNS 채널에 활용할 브랜드의 마케팅, 프로모션 콘텐츠 디자인·   소셜클럽 홈페이지, 상세페이지, 촬영 시안 등 디자인[자격 요건]·   디자인 분야 경력 1년 이상 보유·   팀 작업 및 타 직군과 원활한 커뮤니케이션이 가능하신 분 (*문제 해결 중심의 협업)·   사용자 관점에서 시각화를 통한 문제 해결 능력이 강하신 분·   모바일 환경 및 웹 환경에 대한 이해가 높으신 분[혜택 및 복지]·   고용 형태 : 정규직 (3-month probation period) ·   근무 장소 : 패스트파이브 논현점·   급여 : 면접 후 결정·   혜택 : 수제맥주/커피/우유/시리얼 무제한 제공·   중소기업 소득세 감면 혜택 신청 (90% 감면)[전형 절차] 서류전형 \u003e 면접전형 \u003e 과제전형 \u003e 최종합격[접수 기간]  ~ 채용시 마감[이력서 양식] 자유양식의 이력서 및 포트폴리오 (보안상 PDF 파일 또는 링크로 제출)[접수 방법] 소셜클럽 채용사이트 온라인 지원 https://social-club.breezy.hr/[기타 유의사항] 입사지원 서류에 허위사실이 발견될 경우, 채용확정 이후라도 채용이 취소될 수 있습니다.\n\n            \n              \n                  \n                \n            \n          \n            \n              \n                  \n                \n            \n          \n            \n              \n                  \n                \n            \n          "]}