{"url":"https://www.rocketpunch.com//jobs/70012/%EC%84%9C%EB%B9%84%EC%8A%A4-%ED%92%80%EC%8A%A4%ED%85%8D-%EA%B0%9C%EB%B0%9C%EC%9E%90-%EB%AA%A8%EC%A7%91","title":"서비스 풀스텍 개발자 모집","origin":"에너닷","start_date":"03/03 ","newbie":"경력","content":["\n        주요 업무\n                    에너닷은 분산전원의 확대로 빠르게 변화하는 에너지산업에서 데이터를 통해 신재생에너지원을 통합 운영, 관리, 및 활용할 수 있는 에너지 데이터 플랫폼을 제공하고 있습니다. 신재생에너지 데이터와 4차산업 기술을 결합한 에너닷만의 기술로 시장 참여자들 간 정보교류를 활성화하고 다양한 편익을 제공할 있는 서비스들을 단계적으로 에너지 시장에 도입하고 있습니다…\n            더 보기\n            에너닷은 분산전원의 확대로 빠르게 변화하는 에너지산업에서 데이터를 통해 신재생에너지원을 통합 운영, 관리, 및 활용할 수 있는 에너지 데이터 플랫폼을 제공하고 있습니다. 신재생에너지 데이터와 4차산업 기술을 결합한 에너닷만의 기술로 시장 참여자들 간 정보교류를 활성화하고 다양한 편익을 제공할 있는 서비스들을 단계적으로 에너지 시장에 도입하고 있습니다. 국내 몇 안되는 에너지 IT기업이며, 신재생에너지 분야에서 유일한 블록체인 기술 연구기업으로써 에너닷만의 독창적인 기술과 비전으로 에너지 신산업을 함께 이끌어갈 팀원은 모집합니다.\n\n      ","\n        업무 관련 기술 / 활동 분야\n        \n          JavaScript\n          HTML5\n          CSS\n          Node.js\n          MySQL\n          React\n        \n      ","\n        채용 상세\n                    [담당업무]- 신규 플랫폼서비스 개발 구현 - 서비스 및 인프라의 안정성, 확장성, 효율성 개선[자격요건]- Full-stack 개발 가능하신 분 (HTML5/CSS/Javascript/react/node.js/mysql 등 활용)- 만 3년 이상의 개발 경험 혹은 그에 준하는 실력 [우대사항]- Cloud platform (AWS 사용 및 관리) …\n            더 보기\n            [담당업무]- 신규 플랫폼서비스 개발 구현 - 서비스 및 인프라의 안정성, 확장성, 효율성 개선[자격요건]- Full-stack 개발 가능하신 분 (HTML5/CSS/Javascript/react/node.js/mysql 등 활용)- 만 3년 이상의 개발 경험 혹은 그에 준하는 실력 [우대사항]- Cloud platform (AWS 사용 및 관리) 경험자- 대규모 트래픽 처리 경험 우대- 지속적인 코드 개선과 서비스 성능 향상 및 최적화에 익숙하신 분- 타 직군과 함께 협업하여 문제를 정의하고 개선책을 제시하실 수 있는 분[근무 조건]- 근무 형태: 정규직 (수습기간 3개월)- 근무요일: 주 5일 - 오전 8시반 ~ 10시 사이 유연적 출근 - 근무지: 서울시 서초구 (교대역 도보 5분 거리)- 급여: 회사 내규에 따름 (면접 후 결정)\n\n            \n              \n                  \n                \n            \n          \n            \n              \n                  \n                \n            \n          \n            \n              \n                  \n+1                \n            \n          \n            \n              \n                  \n                \n            \n          "]}