{"url":"https://www.rocketpunch.com//jobs/69483/%EC%82%B0%EC%97%85%EA%B8%B0%EB%8A%A5%EC%9A%94%EC%9B%90-%EB%B3%91%EC%97%AD%ED%8A%B9%EB%A1%80-%EA%B0%9C%EB%B0%9C%EC%9E%90%EB%B3%B4%EC%B6%A9%EC%97%AD%EC%A0%84%EC%A7%81-%EB%AA%A8%EC%A7%91","title":"산업기능요원 병역특례 개발자(보충역/전직) 모집","origin":"포티투마루","start_date":"02/12 ","newbie":"신입경력","content":["\n        주요 업무\n        *하기 참조바랍니다.\n      ","\n        업무 관련 기술 / 활동 분야\n        \n          Git\n          GitHub\n          인공지능\n          AI(인공지능)\n          머신러닝\n          artificial-intelligence\n          NLP\n          deep-learning\n          Big Data\n          Machine Learning \n          Data Science\n          PyTorch\n          TensorFlow\n          딥러닝\n          기계학습\n        \n      ","\n        채용 상세\n        %자격요건- 산업기능요원 보충역자격으로 편입 가능자 or 현역 전직가능자- Python, Java, C, C++, javascript 등 1개 이상의 프로그래밍 언어에 능숙하신 분- 프로그램 설계, 디버깅, 자료 구조 및 알고리즘의 기본적인 이해가 있으신 분- 머신러닝/딥러닝에 대한 개념적인 이해가 있으신 분%담당업무주도적으로 인공지능 기술 R\u0026D 개발 진행(분야)- 머신러닝/딥러닝 엔지니어링- 검색/데이터 엔지니어링- SaaS 플랫폼 및 소프트웨어 엔지니어링​* 상기 직무에 대한 연구 업무가 부여되며, 개발부서 채용공고는 사업이해를 위해 참고부탁드립니다. http://www.saramin.co.kr/zf_user/jobs/relay/view?rec_idx=37608743\u0026view_type=search%지원문의Joinus@42maru.ai"]}