{"url":"https://www.rocketpunch.com//jobs/67517/react%ED%94%84%EB%A1%A0%ED%8A%B8%EC%95%A4%EA%B0%9C%EB%B0%9C%EC%9E%90-%ED%92%80%EC%8A%A4%ED%83%9D%EA%B0%9C%EB%B0%9C%EC%9E%90%EB%AA%A8%EC%A7%91","title":"react,프론트앤개발자, 풀스택개발자모집","origin":"(주)공사박사","start_date":"01/01 ","newbie":"경력","content":["\n        주요 업무\n                    개발환경 - Meteor, React, MongoDB 기반- JS ES6 기반- Apache Cordova 기반의 Android 앱 서비스- AWS Ubuntu Linux 서버- Node.js, NGINX 웹 앱 서버 환경에서 운영담당업무- 개발 운영 전반 업무담당\n\n      ","\n        업무 관련 기술 / 활동 분야\n        \n          JavaScript\n          Node.js\n          React\n          풀스택개발\n          Front-end\n          Amazon AWS\n        \n      ","\n        채용 상세\n                    (주)공사박사- 장비박사(www.gongdoc.co.kr)서비스- 건설장비 O2O 1위 스타트업- 유명투자사 투자 스타트업- 월40% 이상 지속 성장- 추가 투자 없이도 이미 자생하고 있는    스타트업- 스톡옵션, 인센티브등 많은 기회가 있는 스타트업- 격주 주4일 근무 시행모집요강- 관련업무 경력 2년 이상 - 정규직\n            더 보기\n            (주)공사박사- 장비박사(www.gongdoc.co.kr)서비스- 건설장비 O2O 1위 스타트업- 유명투자사 투자 스타트업- 월40% 이상 지속 성장- 추가 투자 없이도 이미 자생하고 있는    스타트업- 스톡옵션, 인센티브등 많은 기회가 있는 스타트업- 격주 주4일 근무 시행모집요강- 관련업무 경력 2년 이상 - 정규직\n"]}