{"url":"https://www.rocketpunch.com//jobs/67313/%EB%AA%A8%EB%B0%94%EC%9D%BC-%EC%95%B1-EngineeriOSReact-NativeReact","title":"모바일 앱 Engineer(iOS/React Native/React)","origin":"미식의시대","start_date":"03/02 ","newbie":"경력","content":["\n        주요 업무\n                    React Native 를 활용한 모바일 어플리케이션 개발 및 유지보수\n\n      ","\n        업무 관련 기술 / 활동 분야\n        \n          Swift\n          Objective-C\n          Java\n          ui\n          TOD\n        \n      ","\n        채용 상세\n                    미식의시대는 2019년 10월 코스콤의 사내벤처로 분사한 스타트업입니다영화의 예상평점을 통한 개인화 큐레이션을 제공하는 왓차의 서비스를음식에 적용시킨 사업을 추진중에 있으며코스콤에서 주가예측 모델링 기술개발과 모바일 증권거래솔루션 개발을 진행했던핵심멤버들 위주로 구성되어 있는 빅데이터와 핀테크 전문기업입니다코스콤의 지원을 받으면서 기존의 배달서비스앱…\n            더 보기\n            미식의시대는 2019년 10월 코스콤의 사내벤처로 분사한 스타트업입니다영화의 예상평점을 통한 개인화 큐레이션을 제공하는 왓차의 서비스를음식에 적용시킨 사업을 추진중에 있으며코스콤에서 주가예측 모델링 기술개발과 모바일 증권거래솔루션 개발을 진행했던핵심멤버들 위주로 구성되어 있는 빅데이터와 핀테크 전문기업입니다코스콤의 지원을 받으면서 기존의 배달서비스앱, 맛집메뉴추천서비스앱, 모바일원스톱 오더 서비스 기업과의 무한경쟁에 함께 도전하고 싶은 분을 모시고 싶습니다▣ 특이 이력\u2028- 신용보증기금 Start-up NEST  6기 선정 - 2019 동국대 d.프리미어 창업 경진대회 일반부 우승- 2019 고용노동부 주관 숭실대 하이테크 유망기업 선정주요업무- React Native 를 활용한 모바일 어플리케이션 개발 및 유지보수자격요건- 3년 이상의 React Native / React.js 실무 개발경험이 있는 분- 성능 최적화에 대해 지속적으로 고민하고 노력하시는 분- Restful API에 대한 이해와 실무 경험이 있는 분- 코드 리뷰 하기를 좋아하며 협업을 잘 하실 수 있는 분우대사항- 모바일 네이티브 언어(Swift, Objective C, JAVA) 개발 경험이 있는 분- 상용 모바일 앱 개발 및 출시 경험이 있는 분- 속도 향상을 위한 최적화에 대한 고민과 지속적으로 서비스에 적용해본 경험이 있는 분- WebSocket을 통한 데이터 통신 및 UI 적용 경험이 있는 분- TDD 경험이 있는 분혜택 및 복지•선택 출근제 (오전 8시~10시 사이 출근, 오후 5시~7시 사이 퇴근, 회사의 사정으로 일시 정상근무 할수 있음-9시출근 6시 퇴근)• 자율복장• 쿼터 휴가 제도(2시간 단위 휴가제 / 반반차)• 주도적인 업무 환경 및 성장 기회 제공• 눈치 보지 않는 퇴근 문화• 맥북(개발팀)• 업무역량 향상 도모를 위한 도서구입비 지원\n"]}