{"url":"https://www.rocketpunch.com//jobs/62387/%EC%8B%9C%EC%86%8Cseeso-%EC%84%9C%EB%B9%84%EC%8A%A4-%EB%B0%B1%EC%97%94%EB%93%9C-%EA%B0%9C%EB%B0%9C","title":"시소(seeso) 서비스 백엔드 개발","origin":"시소","start_date":"12/21 ","newbie":"소경력","content":["\n        주요 업무\n                    시소는 일의 방식을 오늘보다 조금 더 낫게하기 위한 워크플랫폼을 개발합니다. 일상의 가장 접점인 일을 어떻게 운영하고, 매니징 및 운영을 할 수 있을지 고민하면서 서비스를 만들고 있습니다.  또, 알유프리 멤버(다양한 스타트업에 종사하는 실무자들, 기획자, 디자이너, 개발자등) 과 협업하기 위한 프로세스를 만들고, 이 프로세스를 서비스에 응용하여 서…\n            더 보기\n            시소는 일의 방식을 오늘보다 조금 더 낫게하기 위한 워크플랫폼을 개발합니다. 일상의 가장 접점인 일을 어떻게 운영하고, 매니징 및 운영을 할 수 있을지 고민하면서 서비스를 만들고 있습니다.  또, 알유프리 멤버(다양한 스타트업에 종사하는 실무자들, 기획자, 디자이너, 개발자등) 과 협업하기 위한 프로세스를 만들고, 이 프로세스를 서비스에 응용하여 서비스를 만드는 일을 합니다.시소에서는 국내의 정말 다양한 스타트업/대기업에 있는 사람들과 협업 및 질문등의 커뮤니케이션을 할 수 있고, 좋은 코드에 대해 여쭈어볼 수 있습니다.\n\n      ","\n        업무 관련 기술 / 활동 분야\n        \n          Django\n          python3\n          Django REST framework\n          MySQL\n          Amazon AWS\n          Back-end\n          Python\n        \n      ","\n        채용 상세\n                    [구체적으로 하게 되는 일]- 시소 CPMS(Collaborative Project Management Services) 협업솔루션 백엔드 개발- 시소 내의 프로젝트 수행을 통한 TASK업무 데이터 분석 - 여러 써드파티 서비스(슬랙, 트렐로)등과 협업솔루션 연계 [자격요건]- 다양한 개발자와 디자이너, 기획자들과 협업하여 프로덕트를 런칭 및 운영한…\n            더 보기\n            [구체적으로 하게 되는 일]- 시소 CPMS(Collaborative Project Management Services) 협업솔루션 백엔드 개발- 시소 내의 프로젝트 수행을 통한 TASK업무 데이터 분석 - 여러 써드파티 서비스(슬랙, 트렐로)등과 협업솔루션 연계 [자격요건]- 다양한 개발자와 디자이너, 기획자들과 협업하여 프로덕트를 런칭 및 운영한 경험- django 프레임워크의 능숙한 경험과 python3 을 사용가능하신 분 - REST api 설계 경험이 있으신 분 - 불확실한 상황에서 방향을 설정하고, 업무를 진척시키며 목표한 바에 대한 성과를 만들어본 경험- 머신러닝(딥러닝)에 대한 관심이 있으신 분 - 최소 2년이상의 협업 경험 [우대 요건]- 스타트업 및 대기업 신사업 팀의 실제 기획자 출신으로 소규모 개발팀과 협업을 해본 경험이 있으신 분- 복잡한 DB설계를 이해하실 수 있는 분 - 하나의 서비스를 A-Z 까지 만들어보신 분 - IT 서비스에 대한 기본적인 이해도가 있고, 좋아하시는 분 - 공학적인 사고가 유연하신 분 [채용 절차] partner@seeso.kr로 아래의 항목을 보내주시면 영업일 기준 1~2일 이내에 개별 연락을 드리고 인터뷰를 진행합니다.[공통 질문]- 스타트업에서 일하고 싶은 이유- IT 프로젝트 관련 가장 기억에 남는 프로젝트와 그 이유에 대해서 적어주세요. - 리모트워크, 외주나 아웃소싱 프로젝트에 대한 평소 생각을 알려주세요. - 알유프리 서비스(rufree.kr) 를 보고 든 아이디어나 의견을 주세요. - 기본적인 신상 정보 ( 이름/ 이메일/ 경력 등)[추가 질문 (최소 2개이상의 질문을 선택해서 간략하게 적어주세요)]- 깃헙 주소 - 작업하신 프로젝트 중 주요프로젝트를 선정하여 1-2개 정도 하신 일과 업무에 대해 서술해주세요. - 이상적인 개발 팀문화에 대해서 알려주세요. - 관심이 있는 소프트웨어 개발 방법론에 대해 알려주세요. - 좋아하는 프로그래밍 언어를 하나 정하고, 해당 언어를 공학적인 관점에서의 좋아하는 이유를 적어주세요. 이렇게 일하게 됩니다.- 근무지 : 팀에 따른 리모트워크 가능- 서울 오피스 : 성수동 카우앤독- 제주 오피스 : 제주 벤처마루 / 애월 알유하우스[혜택]- 제주도 알유하우스에서 근무 가능 (바다를 보며 근무할 수 있음) - 월 1회 제주 왕복항복권 제공 - 도서구입비 제공\n"]}