{"url":"https://www.rocketpunch.com//jobs/68874/Account-ExecutiveB2B-Marketing-Manager","title":"Account Executive/B2B Marketing Manager","origin":"CSSCK Korea","start_date":"02/02 ","newbie":"경력","content":["\n        주요 업무\n                    미국 캘리포니아 주 로스엔젤레스(LA) 소재 스타트업인 CSS는 전 우버 CEO인 트래비스 캘러닉이 창업하였으며 현재 전세계적으로 가장 주목받는 테크 스타트업 중 하나입니다. 특히 한국에서도 전 직군에 걸쳐 최고 수준의 인재를 채용 중에 있습니다. 매력적인 비즈니스에 대해 더 알고 싶으시다면, 회신 부탁드립니다.https://www.reuters.c…\n            더 보기\n            미국 캘리포니아 주 로스엔젤레스(LA) 소재 스타트업인 CSS는 전 우버 CEO인 트래비스 캘러닉이 창업하였으며 현재 전세계적으로 가장 주목받는 테크 스타트업 중 하나입니다. 특히 한국에서도 전 직군에 걸쳐 최고 수준의 인재를 채용 중에 있습니다. 매력적인 비즈니스에 대해 더 알고 싶으시다면, 회신 부탁드립니다.https://www.reuters.com/article/southkorea-deliveries-food/rpt-feature-appetising-prospects-uber-founder-takes-aim-at-s-koreas-shared-kitchen-market-idUSL4N24B13R\n\n      ","\n        업무 관련 기술 / 활동 분야\n        \n          영업\n          Sales\n          세일즈\n          B2B/B2C Sales\n          B2B영업\n          업무제휴\n          세일즈마케팅\n          퍼포먼스마케팅\n          디지털마케팅\n          사업개발\n        \n      ","\n        채용 상세\n                    담당업무- 공유주방 입점을 희망하는 고객들의 Needs 파악을 바탕으로 클라우드키친의 사업개발 전략 수립- 다양한 신규 프로젝트 수행과 다른 팀과의 협업을 통한 서비스 개선 및 사업 확장에 기여우대사항- 3년 이상 영업 경력/B2B 마케팅 경력- 비즈니스 영어 실력자\n"]}