{"url":"https://programmers.co.kr/job_positions/1307","title":"클라이언트 프로그래머","origin":"네시삼십삼분","start_date":"","newbie":false,"content":["기술 스택\nC# C++","업무 소개\n\n- 프로젝트 개발\n- 신규 컨텐츠 R\u0026D 및 개발\n- 시스템 설계 및 코드 품질 관리\n- 물리(PhysX), 애니메이션, 랜더링, 이펙트, 최적화 등 게임엔진개발","자격 조건\n\n- 개발 경험을 바탕으로, 자신만의 역량을 최대한 발휘하며 성취감을 느끼고 싶으신 분\n- C/C++ 프로그래밍 능력을 갖추신 분\n- 게임 프로그래밍 기반 지식(수학, 알고리즘, 자료구조, 그래픽스 등)이 풍부하신 분\n- 면밀한 요구사항 분석 능력\n- 유연하고 확장 가능한 설계 능력\n- 지속적인 본인 코드 관리","우대 사항\n\n- 온라인/모바일 게임 상용화 및 라이브 경험자\n- 머신러닝, AI, 트리거 개발 경험이 있으신 분\n- 구조 설계에 관심이 많으신 분"]}