{"url":"https://www.rocketpunch.com//jobs/70003/Flutter-%ED%94%8C%EB%9F%AC%ED%84%B0-%EA%B0%9C%EB%B0%9C%EC%9E%90-%EB%AA%A8%EC%A7%91-%EB%AA%A8%EB%B0%94%EC%9D%BC-%ED%94%8C%EB%9E%AB%ED%8F%BC-%ED%94%84%EB%A1%A0%ED%8A%B8%EC%97%94%EB%93%9C-%EA%B0%9C%EB%B0%9C%EC%9E%90-%EB%AA%A8%EC%A7%91","title":"[Flutter / 플러터 개발자 모집] 모바일 플랫폼 프론트엔드 개발자 모집","origin":"빌리버","start_date":"12/26 ","newbie":"인턴신입경력","content":["\n        주요 업무\n        F\u0026B 라이프 스타일 플랫폼 CLAUS[클로스]의 클라이언트 개발을 담당하는 역할입니다.Flutter(플러터)로 모바일 앱 개발이 가능한분을 모시고자 합니다. 오프라인의 카페(커피전문점)을 온라인으로 연결하는 O2O서비스이며,빅데이터 기반의 맞춤형 큐레이션과 콘텐츠로 부터 이어지는 커머스 기반의 플랫폼입니다.새로운 스타트업의 비전을 보고 같이 성장하고자 하는 열정있는분을 기다리고 있습니다.\n      ","\n        업무 관련 기술 / 활동 분야\n        \n          Flutter\n          Flutter \u0026 Dart\n          frontend-developer\n          풀스택개발자\n          Dart\n          모바일앱개발\n          mobile app developer\n          Full-stack Developer\n          Mobile Applications\n          안드로이드개발\n          안드로이드 앱개발\n          Full-stack Engineer\n          안드로이드\n          ios 앱개발\n          Swift 개발 경험자\n          Kotlin\n          native app 개발\n          Android앱개발\n          코틀린\n        \n      ","\n        채용 상세\n        *담당업무- 모바일 App iOS 프론트엔드 개발- 모바일 App Android 프론트엔드 개발*업무용 프로그램 / 언어 / 툴[Flutter Developer]- Dart, Flutter*지원자격[Flutter Developer]- Flutter(플러터) 어플리케이션 설계 및 개발 경험- 포트폴리오(선택)[공통]- 지나치다 싶을 정도의 책임감과 열정이 있는 분- 최신 트렌드를 이용한 개발 경험 보유- 코드 개선 및 코드 리뷰에 적극 참여하시는 분[기술 공통] - Github, Zeplin우대사항- 기술 개발 블로그 운영및 운영경험\n            \n              \n                  \n                  \n                \n            \n          \n            \n              \n                  \n                \n            \n          \n            \n              \n                  \n+1                \n            \n          \n            \n              \n                  \n                \n            \n          "]}