{"url":"https://www.rocketpunch.com//jobs/69698/IP-%EC%A0%9C%ED%92%88-%EB%94%94%EC%9E%90%EC%9D%B4%EB%84%88-Product-Designer","title":"IP 제품 디자이너 (Product Designer)","origin":"크리에이티브스테이츠","start_date":"02/17 ","newbie":"인턴신입경력","content":["\n        주요 업무\n                    \"크리에이터가 지속가능한 소득을 얻을 수 있도록 만들자\"라는크리에이티브스테이츠의 VISION을 빠르게 실현하기 위해 다양한 분야에 뛰어난 동료들을 찾고 있습니다.이런 일을 하게 됩니다.- IP 상품개발 제안서 제작- 크리에이터의 니즈 및 주요 타겟층을 반영한 IP 상품 기획- 기획안 및 시장 트렌드 조사를 반영한 상품 컨셉 구체화- 패키징 디자인, …\n            더 보기\n            \"크리에이터가 지속가능한 소득을 얻을 수 있도록 만들자\"라는크리에이티브스테이츠의 VISION을 빠르게 실현하기 위해 다양한 분야에 뛰어난 동료들을 찾고 있습니다.이런 일을 하게 됩니다.- IP 상품개발 제안서 제작- 크리에이터의 니즈 및 주요 타겟층을 반영한 IP 상품 기획- 기획안 및 시장 트렌드 조사를 반영한 상품 컨셉 구체화- 패키징 디자인, 3D 캐릭터 디자인 등 상품 개발- 이후 2차 판매를 위한 가이드 제작\n\n      ","\n        업무 관련 기술 / 활동 분야\n        \n          프로덕트디자인\n          제품디자인\n          브랜드디자인\n          크리에이티브디자인\n          그래픽디자인\n        \n      ","\n        채용 상세\n                    자격요건- 다수의 크리에이터, 제작 업체와의 교류에 있어 적극성을 가질 수 있는 분- 크리에이터 특성에 어울리는 굿즈를 제작하는 데에 흥미가 있으신 분- 글과 말로 설득력있게 커뮤니케이션 할 수 있는 능력이 뛰어난 분- 긍정적인 마인드를 가지고 새로운 일에 도전하기 좋아하는 분우대사항- 유튜브 크리에이터, 광고 사업 분야에 대한 이해도가 있는 분- …\n            더 보기\n            자격요건- 다수의 크리에이터, 제작 업체와의 교류에 있어 적극성을 가질 수 있는 분- 크리에이터 특성에 어울리는 굿즈를 제작하는 데에 흥미가 있으신 분- 글과 말로 설득력있게 커뮤니케이션 할 수 있는 능력이 뛰어난 분- 긍정적인 마인드를 가지고 새로운 일에 도전하기 좋아하는 분우대사항- 유튜브 크리에이터, 광고 사업 분야에 대한 이해도가 있는 분- 유튜브 크리에이터, 광고 사업 분야에 대해 관심 있는 분- 진취적인 커리어, 혹은 자기계발 경험이 있는 분- 팝업스토어 및 공간 디자인의 경험이 있는 분- 웹 페이지 디자인의 경험이 있는 분\n\n            \n              \n                  \n                \n            \n          \n            \n              \n                  \n                \n            \n          \n            \n              \n                  \n+3                \n            \n          \n            \n              \n                  \n                  \n                \n            \n          \n            \n              \n                  \n                  \n                \n            \n          \n            \n              \n                  \n                \n            \n          "]}