{"url":"https://www.rocketpunch.com//jobs/70243/Front-End-%EA%B0%9C%EB%B0%9C%EC%9E%90","title":"Front-End 개발자","origin":"마켓보로","start_date":"02/28 ","newbie":"경력","content":["\n        주요 업무\n        - 자사 플랫폼 Front-end 개발\n      ","\n        업무 관련 기술 / 활동 분야\n        \n          JavaScript\n          CSS\n          HTML\n          Front-end\n        \n      ","\n        채용 상세\n        자격요건- Front-End 개발 경력 3년 이상- JavaScript에 대한 개발 역량과 HTML/CSS에 대한 이해가 높으신 분- RESTful API 에 대한 이해우대사항- 웹 그리드 기반의 개발 경험이 있으신 분(RealGrid 등)- 쇼핑몰 관리자 화면의 업무 프로스세에 대한 이해 및 경험이 있으신 분- ERP 개발 경험이 있으신 분\n            \n              \n                  \n                \n            \n          \n            \n              \n                  \n                \n            \n          \n            \n              \n                  \n+5                \n            \n          \n            \n              \n                  \n                \n            \n          \n            \n              \n                  \n                \n            \n          \n            \n              \n                  \n                \n            \n          \n            \n              \n                  \n                \n            \n          \n            \n              \n                  \n                  \n                \n            \n          "]}