{"url":"https://www.rocketpunch.com//jobs/69495/%EB%8D%B0%EC%9D%B4%ED%84%B0%EB%B6%84%EC%84%9D-%EA%B7%B8%EB%A1%9C%EC%8A%A4%ED%95%B4%ED%82%B9-PM","title":"데이터분석, 그로스해킹, PM","origin":"윙블링","start_date":"02/13 ","newbie":"경력","content":["\n        주요 업무\n        윙블링 소개 \u0003윙블링은 '아름다움에 날개를달다'라는 미션과 함께 빠르게 성장하고 있는 패션쥬얼리 미디어커머스 브랜드입니다.  단순한 쇼핑몰이 아니라, SNS  및 데이터 인사이트를 이용해 제품을 만들고, 퍼포먼스 마케팅을 통해 스케일업하는 국내 유일의 패션쥬얼리 미디어커머스 스타트업입니다.윙블링은 법인설립 이후, 1년 만에 온라인 패션쥬얼리 업계 1위까지 성장하였으며, 국내 최초로 올리브영에 대규모 입점하는 등. 온라인뿐 아니라 오프라인까지 옴니채널을 아우르는 다양한 혁신을 시도하고 있습니다. 그동안 쌓아온 브랜드 인지도와 노하우를 바탕으로 데이터 기반의 마케팅 운영, UI/UX 기획, 상품 및 콘텐츠 그리고 옴니채널까지 성장하여 온,오프라인 모두를 아우르는 한국의 대표적인 패션브랜드로 성장하고자 하며, 이 과정을 함께 할 수 있는 좋은 분을 찾고 있습니다.\n      ","\n        업무 관련 기술 / 활동 분야\n        \n          데이터분석\n          data-analysis\n          데이터사이언스\n          data analyst\n          Data Science\n          퍼포먼스마케팅\n          UI/UX \n        \n      ","\n        채용 상세\n        주요업무 • 데이터분석 및 시각화 (자사몰, Paid Marketing 채널, SCM 등)• 자사몰 UX/UI 등 데이터분석 기반 우선순위 설정 및 프로젝트 PM• 전사 데이터 기반 문화 확산자격요건 • 커머스 분야 퍼포먼스 마케팅, 자사몰 데이터 분석, UX/UI 기획 경험• 데이터 시각화 및 운영 경험• Attribution에 대한 개념 이해 및 광고 채널별 특성을 이해하고, 미디어믹스 전략 경험• 팀간 원활한 커뮤니케이션이 가능하신 분 (필수)우대사항 • 기술적으로 부족한 카페24 기능을 바탕으로 데이터를 고도화하여 분석해보신 분• 데이터 기반으로 생각하더라도, 걱정하는 습관보다 긍정적인 기회에 더욱 집중하시는 분• 데이터를 분석하고 가설검증 후 빠르게 볼륨을 키우는 업무를 즐기는 분• Startup Industry에 대해 이해가 높으신 분복지• 즐거운 조직 문화 (최소한의 의사결정 조직구조 및 수평적 커뮤니케이션 체계)• 4대보험• 방배역 1분거리• 간식 제공 • 임직원 도서 구입비 지원• 임직원 구매 할인• 교육 참가 지원• 자유로운 연월차 사용• 회식지원• 네스프레소 커피머신"]}