{"url":"https://www.rocketpunch.com//jobs/64071/%EB%B9%84%EB%94%94%EC%98%A4-%EC%BD%98%ED%85%90%EC%B8%A0-%ED%81%AC%EB%A6%AC%EC%97%90%EC%9D%B4%ED%84%B0","title":"비디오 콘텐츠 크리에이터","origin":"비알스톰","start_date":"02/07 ","newbie":"신입경력","content":["\n        주요 업무\n                    비디오 컨텐츠 크리에이터SNS 채널에 필요한 비디오 컨텐츠 제작- 영상 기획- 영상 촬영- 영상 편집\n\n      ","\n        업무 관련 기술 / 활동 분야\n        \n          브랜드마케팅\n          maketing\n          콘텐츠 마케팅\n          브랜드전략\n          마케터\n          소셜마케팅\n          콘텐츠 제작/기획\n          플랫폼서비스마케팅\n          유튜브 콘텐츠 개발\n          유튜브채널기획\n          바이럴마케팅\n          인스타그램\n          페이스북\n          콘텐츠기획\n        \n      ","\n        채용 상세\n                    자격요건 - 인스타 마케팅 / SNS 마케팅/ 비디오 콘텐츠 마케팅에 관심이 많은 분 - 동영상 촬영 및 편집이 가능하신 분 - 능동적으로 일할 수 있는 분 - 시간을 효율적으로 잘 매니지 하시는 분 - 의사표현을 적극적으로 할 수 있는 분 - 소신과 방향성을 고려할 수 있는 분우대사항- 해당직무 근무경험\n            더 보기\n            자격요건 - 인스타 마케팅 / SNS 마케팅/ 비디오 콘텐츠 마케팅에 관심이 많은 분 - 동영상 촬영 및 편집이 가능하신 분 - 능동적으로 일할 수 있는 분 - 시간을 효율적으로 잘 매니지 하시는 분 - 의사표현을 적극적으로 할 수 있는 분 - 소신과 방향성을 고려할 수 있는 분우대사항- 해당직무 근무경험\n"]}