{"url":"https://www.rocketpunch.com//jobs/65554/%EC%95%88%EB%93%9C%EB%A1%9C%EC%9D%B4%EB%93%9C-%EC%95%B1-%EA%B0%9C%EB%B0%9C%EC%9E%90","title":"안드로이드 앱 개발자","origin":"오피지지","start_date":"02/04 ","newbie":"경력","content":["\n        주요 업무\n                    ☻ Kotlin 으로 개발되는 OP.GG 안드로이드 네이티브 앱 개발 및 유지보수☻ 신규 프로젝트에 대한 안드로이드 네이티브 설계 및 구조 확립☻ 트랜드를 선도하는 UI 를 구현하기 위해 사내 디자이너와의 적극적인 협업☻ 자사 모바일 어플리케이션 성능 개선\n            더 보기\n            ☻ Kotlin 으로 개발되는 OP.GG 안드로이드 네이티브 앱 개발 및 유지보수☻ 신규 프로젝트에 대한 안드로이드 네이티브 설계 및 구조 확립☻ 트랜드를 선도하는 UI 를 구현하기 위해 사내 디자이너와의 적극적인 협업☻ 자사 모바일 어플리케이션 성능 개선\n\n      ","\n        업무 관련 기술 / 활동 분야\n        \n          Android\n          Java\n          Kotlin\n          RxJava\n          RxAndroid\n          lambda\n          Realm\n        \n      ","\n        채용 상세\n                    자격요건   - 안드로이드 개발 경력 3년 이상  - 탁월한 문제해결 (디버깅) 능력과 빠른 지식 습득 능력을 보유하신 분  - 테스트와 리팩토링을 통한 점진적 개선에 관심 있으신 분  - 1개 이상의 서비스를 처음부터 개발하고 운영을 통한 개선 경험이 있는 분우대사항  - RxJava, RxAndroid, Lambda , Realm 사용 경험 있으…\n            더 보기\n            자격요건   - 안드로이드 개발 경력 3년 이상  - 탁월한 문제해결 (디버깅) 능력과 빠른 지식 습득 능력을 보유하신 분  - 테스트와 리팩토링을 통한 점진적 개선에 관심 있으신 분  - 1개 이상의 서비스를 처음부터 개발하고 운영을 통한 개선 경험이 있는 분우대사항  - RxJava, RxAndroid, Lambda , Realm 사용 경험 있으신 분  - Java, Kotlin 자체에 깊은 이해를 가지고 계신 분  - 라이브러리 사용에  능숙하신 분  - 글로벌 서비스 경험 있으신 분  - 모바일 UI의 스크롤 속도, 애니메이션 0.05초에 민감하신 분  - 타 플랫폼 (iOS 등) 개발 경험이 있으신 분  - 프로파일링 툴을 활용한 각종 성능 최적화가 가능하신 분  - 개인 어플리케케이션을 개발하고 배포해보신 분지원방법☻ [필수] 자유형식의 이력서와 자기소개서 1부  - 이력서: 희망연봉 기재  - 자기소개서: 지원 동기 기술☻ [필수] 경력기술서 or 포트폴리오 1부  - 본인 역량을 보여줄 수 있는 산출물 포함채용프로세스- 1차 서류검토 후 개별 연락- 2차 사전과제 제출 (서류통과 자에 한하여 과제내용 공개)- 3차 약 2~3시간의 실무자가 참석한 인터뷰에서 사전과제 pt 이후 인사팀 인터뷰까지 진행- 4차 입사 절차 및 처우협상* 제출된 사전 과제의 소스코드는 면접 용도로만 사용된 후 폐기됩니다.문화와 복지우리는 책임과 자율이 존재하는 수평문화를 지향합니다. 서로 존중하는 문화를 바탕으로 자유로운 커뮤니케이션을 통해 서로의 의사가 솔직하고 정확하게 전달되기를 바라며, 본인 행동에 책임을 질줄 아는 조직문화를 함께 만들어 나가고 있습니다. ☻ 자율출근제 운영- 오후1시까지 출근시간을 마음대로 조정가능, 팀원간의 업무효율에 방해가 되는 않는 선에서 공유와 책임을 본인스스로 통제하는 시스템. ☻ 근무시간 내 게임 플레이(PC방비 지원)- 우리에게 게임은 곧 업무, 언제든, 어디서든, PC방비 지원제도 ☻ 강요 회식 없음 (100% 본인 의사로 참여)☻ 최신형 맥북프로 or 아이맥27인치, 듀얼모니터, 1600사이즈의 책상제공☻ 업무 관련 서적 구매비 무제한 지원☻ 업무 관련 소프트웨어 무제한 지원☻ 게임 구매비용 지원☻ 회사 근처 헬스장 지원☻ 기타, 안마의자, 저렴한 자판기, 사내 게임리그, 콘솔게임장\n"]}