{"url":"https://www.rocketpunch.com//jobs/60132/Frontend-Developer-dApp-%EA%B0%9C%EB%B0%9C%ED%8C%80","title":"Frontend Developer - dApp 개발팀","origin":"RocketBC","start_date":"11/20 ","newbie":"인턴신입경력","content":["\n        주요 업무\n                    As a Frontend Developer, you will support multiple decentralized applications. (신입/인턴, 파트타임 가능)- Publishing Web Pages- Improving existing RocketBC projects (e.g. bloks.io)- Supporting Frontend dev…\n            더 보기\n            As a Frontend Developer, you will support multiple decentralized applications. (신입/인턴, 파트타임 가능)- Publishing Web Pages- Improving existing RocketBC projects (e.g. bloks.io)- Supporting Frontend development of new dApps (decentralized Applications)- Collaborate closely with other developers, engineers, designers, and incubatees\n\n      ","\n        업무 관련 기술 / 활동 분야\n        \n          jQuery\n          Front-end\n          JavaScript\n          HTML5\n          CSS3\n          vue.js\n        \n      ","\n        채용 상세\n                    담당업무- Front End Web development of dApps- Communication and collaboration with other team members- Adding new features/pages for existing services 자격요건- Familiar with JavaScript, HTML/CSS, Vue.js-…\n            더 보기\n            담당업무- Front End Web development of dApps- Communication and collaboration with other team members- Adding new features/pages for existing services 자격요건- Familiar with JavaScript, HTML/CSS, Vue.js- Experience with agile prototyping- Conversational English우대사항- Experience with dApps, blockchain projects- Blockchain Evangelist- Fluent English Speaker\n"]}