{"url":"https://www.rocketpunch.com//jobs/69383/%EC%98%A8%EB%9D%BC%EC%9D%B8%ED%8E%B8%EC%9D%98%EC%A0%90-%EC%A3%BC%EB%82%98%EC%9A%B0%ED%94%BD-%EC%83%81%ED%92%88%EC%82%AC%EC%9E%85-%EB%B0%8F-%EC%9D%B4%EA%B4%80-%EB%AC%BC%EB%A5%98%EC%A7%81%EC%9B%90-%EB%AA%A8%EC%A7%91","title":"[ 온라인편의점 (주)나우픽 ] 상품사입 및 이관 물류직원 모집","origin":"나우픽","start_date":"02/11 ","newbie":"신입경력","content":["\n        주요 업무\n        상품사입 및 이관- 오프라이 상품 구매- 매장별 상품 이관\n      ","\n        업무 관련 기술 / 활동 분야\n        \n          물류관리\n          유통관리\n          구매\n          상품관리\n          재고\n        \n      ","\n        채용 상세\n        [근무조건]- 근무요일: 주5일- 근무시간: 10시 00분 ~ 20시 00분- 급여 : 협의(면접 후 결정)- 근무형태 : 정규직(수습:3개월)※ 수습기간에도 급여는 정상지급됩니다.[자격요건]- 학력: 학력무관- 경력: 경력무관[우대조건]- 야간근무 가능자- 군필자- 자격증 : 1종보통운전면허 [근무지]- 서울 강남구 역삼동 608-12 B1호- 송파구 송파동 29번지 B2호\n            \n              \n                  \n                \n            \n          \n            \n              \n                  \n                \n            \n          "]}