{"url":"https://www.rocketpunch.com//jobs/60133/%EC%BB%A8%ED%85%90%EC%B8%A0%EC%BD%98%ED%85%90%EC%B8%A0-%EB%A7%88%EC%BC%80%ED%8C%85-%EC%B0%BD%EC%9D%98%EB%A0%A5-%EB%BF%9C%EB%BF%9C-%EA%B0%9C%EB%93%9C%EB%A6%BD-%EA%B0%80%EB%8A%A5","title":"컨텐츠?콘텐츠? 마케팅! 창의력 뿜!뿜! 개드립 가능","origin":"위밋플레이스","start_date":"03/02 ","newbie":"경력","content":["\n        주요 업무\n                    구글 검색 :  친구 셋이 약속 유머사이트, 페북, 인스타 등 SNS를 뜨겁게 달구었던 친구 셋이 약속잡는법잘나가는 모임 플랫폼 스타트업 위밋 플레이스의 작품 입니다.온라인 인싸 환영갬성을 발산 하실분 손개드립 가능. 약속.\n\n      ","\n        업무 관련 기술 / 활동 분야\n        \n          소셜마케팅\n          콘텐츠마케팅\n          페이스북\n          인스타그램\n          바이럴마케팅\n        \n      ","\n        채용 상세\n                    주요업무• 콘텐츠 기획 및 제작• 채널(Instagram, Facebook, Blog 등) 운영• 마케팅 이벤트 및 프로모션 기획 및 운영자격요건• 콘텐츠 제작에 필요한 툴 사용이 가능하신 분• 콘텐츠 마케팅 관련 경력이 있으신 분• 콘텐트 마케팅 관련 포트폴리오 제출이 가능하신 분우대사항• 평소 SNS를 활발하게 이용하는 분• 사진 촬영 시장에 관…\n            더 보기\n            주요업무• 콘텐츠 기획 및 제작• 채널(Instagram, Facebook, Blog 등) 운영• 마케팅 이벤트 및 프로모션 기획 및 운영자격요건• 콘텐츠 제작에 필요한 툴 사용이 가능하신 분• 콘텐츠 마케팅 관련 경력이 있으신 분• 콘텐트 마케팅 관련 포트폴리오 제출이 가능하신 분우대사항• 평소 SNS를 활발하게 이용하는 분• 사진 촬영 시장에 관심이 있는 분• 글쓰기를 즐겨 하시는 분• 데이터 분석에 관심이 있는 분\n"]}