{"url":"https://www.rocketpunch.com//jobs/66950/%EB%94%94%EC%9E%90%EC%9D%B8-%EC%A0%9C%EB%B0%98-%EC%97%85%EB%AC%B4","title":"디자인 제반 업무","origin":"로보트리","start_date":"01/06 ","newbie":"소인턴신입경력","content":["\n        주요 업무\n                    3D 디자인포토샵 및 일러스트레이터(필수), 3D프로그램(라이노 권장 하지만 다른 프로그램 다룰 줄 아셔도 됩니다), 파워포인트, 렌더링 프로그램제품 디자인, 상세페이지 디자인, 브로셔나 배너 등 그래픽 디자인#우대사항 : 인디자인, 영상툴, 산업 디자이너 관련학과 졸업, 3D 렌더링 가능자\n\n      ","\n        업무 관련 기술 / 활동 분야\n        \n          그래픽디자인\n          Adobe Illustrator\n          Adobe Photoshop\n          콘텐츠디자인\n          크리에이티브디자인\n          산업디자인\n          3D디자인\n        \n      ","\n        채용 상세\n                    #조건 : 디자인 감각, 포토샵 및 일러스트레이터(필수), 3D프로그램(라이노 권장 하지만 다른 프로그램 다룰 줄 아셔도 됩니다), 파워포인트, 렌더링 프로그램#우대사항 : 인디자인, 영상툴, 디자이너 관련학과 졸업, 3D 렌더링 가능자#직무 : 제품 디자인, 상세페이지 디자인, 브로셔나 배너 등 그래픽 디자인[근무 조건]급여 : 연봉 2,400 이…\n            더 보기\n            #조건 : 디자인 감각, 포토샵 및 일러스트레이터(필수), 3D프로그램(라이노 권장 하지만 다른 프로그램 다룰 줄 아셔도 됩니다), 파워포인트, 렌더링 프로그램#우대사항 : 인디자인, 영상툴, 디자이너 관련학과 졸업, 3D 렌더링 가능자#직무 : 제품 디자인, 상세페이지 디자인, 브로셔나 배너 등 그래픽 디자인[근무 조건]급여 : 연봉 2,400 이상 (협의) *지분, 스톡옵션 등의 보상 가능*추가 투자유치, 회사 재량에 따라 변동[복지] 1) 4대보험2) 근무시간 조정 가능 (기본 주 40시간, 주 5일 근무, 10시 출근)3) 커피 무료, 물 무료, 냉장고 무료, 맥주 (무료 조율중)4) 사무실은 넓고 쾌적한 역삼동 (갱냄!)5) 복장자유6) 편안하고 좋은 비싼 의자, 잠시 쉴 수 있는 공간, 근처 맛집 많음 희망 근무 일수 : 3개월 우선 인턴 근무 (연봉 90%지급), 정규직 / 계약직 근무사무실 위치 : 구역삼세무서사거리, 역삼역 10분거리모집기간 : 상시모집현재 팀 구성 : 투자유치, 영업 잘하고 비보이도 잘하는 대표이사아이언맨 만들 수 있는 CTO금융계의 보이지 않는 손 CFO펌웨어 밖에 모르는 개발 팀장 (연차내고 자동차 만들러감) 포함 8명2018년 코딩 교육 의무화에 따라 초등학교/중학교에서 수업이 진행되고 있습니다. 하지만 아이들이 실용적이고 재미있게 교육을 받고있다고 생각이 들지는 않습니다. 코딩/로봇 교육에 대한 문제점을 인지하고 직접 제품을 개발하고 가치를 키워나갈 팀원을 구합니다초반 스타트업이라 많은 페이를 드리지는 못합니다. 하지만 스톡옵션이나 지분 등 일하시는 만큼 상응하는 대가를 드리고 싶습니다또한 해당 직무가 아니여도 로보트리에 관심을 가지고 계신다면 꼭 연락 주십시오. 혹은 저희 회사가 궁금하시거나 더 설명을 듣고 싶으셔도 연락주셔도 좋습니다. 기다리고 있겠습니다.www.robotry.co.kr010-3558-4351 대표이사 안상욱\n\n            \n              \n                  \n                \n            \n          \n            \n              \n                  \n                \n            \n          \n            \n              \n                  \n+4                \n            \n          \n            \n              \n                  \n                \n            \n          \n            \n              \n                  \n                \n            \n          \n            \n              \n                  \n                \n            \n          \n            \n              \n                  \n                \n            \n          "]}