{"url":"https://www.rocketpunch.com//jobs/53418/Front-end-Developer-Junior-Intermediate-Senior-%ED%94%84%EB%A1%A0%ED%8A%B8%EC%97%94%EB%93%9C-%EC%9D%91%EC%9A%A9-%ED%94%84%EB%A1%9C%EA%B7%B8%EB%9E%A8-%EB%B0%8F-%ED%94%84%EB%A0%88%EC%9E%84%EC%9B%8C%ED%81%AC-%EA%B0%9C%EB%B0%9C","title":"Front-end Developer (Junior, Intermediate, Senior-프론트엔드 응용 프로그램 및 프레임워크 개발)","origin":"유진로봇","start_date":"01/14 ","newbie":"경력","content":["\n        주요 업무\n                    • 사용자가 로봇 서비스를 쉽게 설치하고, 운영 및 이용할 수 있는 Web UI 개발• 멀티 로봇 서비스를 위한 환경 설정/모니터링/운영 결과 보고를 위한 UI 개발• 로봇 서비스를 활용하기 위한 사용자 웹어플리케이션 개발• 개별 로봇 운영을 위한 웹 어플리케이션 개발 * 관련링크 : https://yujinrobot.github.io/careers/\n            더 보기\n            • 사용자가 로봇 서비스를 쉽게 설치하고, 운영 및 이용할 수 있는 Web UI 개발• 멀티 로봇 서비스를 위한 환경 설정/모니터링/운영 결과 보고를 위한 UI 개발• 로봇 서비스를 활용하기 위한 사용자 웹어플리케이션 개발• 개별 로봇 운영을 위한 웹 어플리케이션 개발 * 관련링크 : https://yujinrobot.github.io/careers/\n\n      ","\n        업무 관련 기술 / 활동 분야\n        \n          HTML\n          javacript\n          CSS\n          web-frameworks\n        \n      ","\n        채용 상세\n                    * Front-End 사용기술 및 도구  - 현재 사용하는 기술이며 지원자의 경험과 일치할 필요는 없음  • UI Framework: Angular     ◦ material2 : @angular/material    ◦ flexLayout : @angular/flex-layout    ◦ D3.js  • Linting : TSLint  • Test…\n            더 보기\n            * Front-End 사용기술 및 도구  - 현재 사용하는 기술이며 지원자의 경험과 일치할 필요는 없음  • UI Framework: Angular     ◦ material2 : @angular/material    ◦ flexLayout : @angular/flex-layout    ◦ D3.js  • Linting : TSLint  • Testing : karma* 요구사항  • 웹 프론트엔드 개발이 가능한 사람 (html, javascript, css)  • Angular, Vue, React 등의 Web Framework 를 사용해본 경험이 있는 사람* 우대사항   - 아래는 직무에 도움이 되는 관련기술들이며, 필수 요구사항이 아닌 참고사항임  • Full-Stack Web Developer  • Angular 사용에 능숙한 사람  • JavaScript 개발 환경 및 웹 소프트웨어 생애 주기에 대한 깊은 이해가 있는사람  • CI / CD 경험자  • 오픈소스 프로젝트 기여 경험* 관련링크 : https://yujinrobot.github.io/careers/\n"]}