{"url":"https://www.rocketpunch.com//jobs/64492/AOSiOS-%EC%95%B1-%EA%B0%9C%EB%B0%9C-%EA%B2%BD%EB%A0%A5","title":"AOS/iOS 앱 개발 (경력)","origin":"키클롭스","start_date":"03/02 ","newbie":"경력","content":["\n        주요 업무\n                    *담당업무- 미디어를 활용한 신규 앱 서비스 (Android / iOS) 개발*자격요건- 최신 기술 적용(Kotlin, Swift 5.x 등)을 좋아하시는 분- MVP, MVVM, VIPER, RIBs 등 아키텍쳐에 대한 이해가 있으신 분- 비동기 작업과 메모리 관리에 이해가 있으신 분- Reactive Programming에 이해가 있으신 분- 테…\n            더 보기\n            *담당업무- 미디어를 활용한 신규 앱 서비스 (Android / iOS) 개발*자격요건- 최신 기술 적용(Kotlin, Swift 5.x 등)을 좋아하시는 분- MVP, MVVM, VIPER, RIBs 등 아키텍쳐에 대한 이해가 있으신 분- 비동기 작업과 메모리 관리에 이해가 있으신 분- Reactive Programming에 이해가 있으신 분- 테스트 케이스 작성을 좋아하시는 분- 컨벤션은 lint에 맡기고, 의미있는 코드리뷰를 하고싶으신 분- 코드로 UI를 작성하는 것에 거부감이 없는 분\n\n      ","\n        업무 관련 기술 / 활동 분야\n        \n          Android\n          Java\n          Kotlin\n          RxJava\n          RxAndroid\n        \n      ","\n        채용 상세\n                    전세계 170개국, 70만명이 사용하는 Sming 앱 서비스의 개발자를 찾고 있습니다.Sming 앱 서비스는 전세계에 흩어져있는 K-pop 팬들을 위한 커뮤니티 \u0026 라이브 스트리밍 서비스입니다.정보를 접하기 어려운 해외의 K-pop 팬들에게, 한국어를 이해하는 다양한 국가의 스트리머들이 Sming을 통해 K-Pop과 K-Culture를 알리고…\n            더 보기\n            전세계 170개국, 70만명이 사용하는 Sming 앱 서비스의 개발자를 찾고 있습니다.Sming 앱 서비스는 전세계에 흩어져있는 K-pop 팬들을 위한 커뮤니티 \u0026 라이브 스트리밍 서비스입니다.정보를 접하기 어려운 해외의 K-pop 팬들에게, 한국어를 이해하는 다양한 국가의 스트리머들이 Sming을 통해 K-Pop과 K-Culture를 알리고 있습니다. 사내 스튜디오에서는 영어, 프랑스어, 스페인어, 포르투갈어를 모국어로 하는 사용자들에게 매일 30분간 공식방송을 앱을 통해 송출하고 있으며, 월 2회 IDOL 팬미팅 및 콘서트, 자체 제작 예능프로그램을 생중계 하는 등 Kpop Global media로서의 역할을 하고 있습니다.현재 연관사업을 위한 신규 서비스를 준비중에 있으며, 이에 참여하실 개발자를 모십니다.*자격요건- 최신 기술 적용(Kotlin, Swift 5.x 등)을 좋아하시는 분- MVP, MVVM, VIPER, RIBs 등 아키텍쳐에 대한 이해가 있으신 분- 비동기 작업과 메모리 관리에 이해가 있으신 분- Reactive Programming에 이해가 있으신 분- 테스트 케이스 작성을 좋아하시는 분- 컨벤션은 lint에 맡기고, 의미있는 코드리뷰를 하고싶으신 분- 코드로 UI를 작성하는 것에 거부감이 없는 분*우대사항 - 상용 모바일 서비스 개발 및 운영 경험 있으신 분- 기능 개발에 집중하고, 공유와 피드백에도 적극적인신 분- 새로운 기술 습득을 좋아하시는 분- 사용자 중심 사고의 마인드 가지고 계신 분- 타 팀과의 유기적인 커뮤니케이션을 좋아하시는 분- 본인의 지식전달에 즐거움을 느끼시는 분- 구글 취직이 아니라 구글을 만들고 싶으신 분*복지혜택- 10 to 7, 업무 시간에 집중해서 일하고 불필요한 야근, 주말근무는 지양- 자유로운 칼퇴 휴가 문화- 1층 카페 스밍스튜디오와 옥상정원에서 업무 진행 가능- No Coffee, No Work (탕비실 에스프레스 머신 자유이용, 1층 카페 음료메뉴 반액 할인)- 직무관련 역량 강화를 위한 세미나/컨퍼런스 참여 지원- 월 1회 원격 근무 지원- 생일자 조기퇴근 - 간식 지원*화상 인터뷰 가능합니다.*참고- 유튜브 채널 : http://bit.ly/SmingPlay- iOS : http://bit.ly/SmingLive- AOS : http://bit.ly/smingLive\n\n            \n              \n                  \n                \n            \n          \n            \n              \n                  \n                \n            \n          \n            \n              \n                  \n                \n            \n          "]}