{"url":"https://www.rocketpunch.com//jobs/70084/%E2%9C%A8%EB%B0%B1%EC%97%94%EB%93%9C-%EC%97%94%EC%A7%80%EB%8B%88%EC%96%B4%EB%A5%BC-%EC%B0%BE%EC%8A%B5%EB%8B%88%EB%8B%A4","title":"✨백엔드 엔지니어를 찾습니다","origin":"콜버스랩","start_date":"02/25 ","newbie":"경력","content":["\n        주요 업무\n                    \u003e 콜버스의 개발 문화https://www.notion.so/callbus/e4aa5477ef734c2794722c5883ccabf6\u003e 콜버스는 이런 분위기 속에서 일해요!https://www.notion.so/callbus/a06f862cc6874e84813f18a3716ba0f8\u003e 콜버스의 복지, 대우 살펴보기https://www…\n            더 보기\n            \u003e 콜버스의 개발 문화https://www.notion.so/callbus/e4aa5477ef734c2794722c5883ccabf6\u003e 콜버스는 이런 분위기 속에서 일해요!https://www.notion.so/callbus/a06f862cc6874e84813f18a3716ba0f8\u003e 콜버스의 복지, 대우 살펴보기https://www.notion.so/callbus/534ee0f98e39495bbaf8e5a1b0aadb3a사용자의 편의를 위한 합당한 주장이라면 누구라도 기획/디자인에 관한 의견을 낼 수 있습니다. 제품코드 뿐만이 아니라 우리의 일에 도움이 되는 코드를 작성해서 도구를 만드는 것도 환영합니다.셔틀나우는 사용자와 공급자를 연결하는 모빌리티 플랫폼 서비스입니다.이 서비스가 지속 성장해 나갈 수 있도록 다양한 방법을 찾고 실험하고 운영하며 회사와 내가 동시에 성장해 나갈 수 있게 하는 것이 주요 업무입니다.\n\n      ","\n        업무 관련 기술 / 활동 분야\n        \n          Git\n          Java\n          Spring\n          Redis\n          rdbms\n          NoSQL\n          Elasticsearch\n          server\n          Amazon AWS\n          Back-end\n          서버관리\n        \n      ","\n        채용 상세\n                    [자격요건]- 2년 이상의 경력자 및 컴퓨터 과학 또는 관련 분야의 학사 또는 석사, 박사- RDB, NoSQL, Redis 유경험자- JAVA, Linux 숙련자- 자료구조/알고리즘에 대한 활용경험 존재- 협업과 커뮤니케이션이 원할하고 성실하신 분[우대사항]- 비즈니스, 도메인에 대한 이해와 관심이 높으신 분- AWS 운영경험이 있으신 분- 빌드 …\n            더 보기\n            [자격요건]- 2년 이상의 경력자 및 컴퓨터 과학 또는 관련 분야의 학사 또는 석사, 박사- RDB, NoSQL, Redis 유경험자- JAVA, Linux 숙련자- 자료구조/알고리즘에 대한 활용경험 존재- 협업과 커뮤니케이션이 원할하고 성실하신 분[우대사항]- 비즈니스, 도메인에 대한 이해와 관심이 높으신 분- AWS 운영경험이 있으신 분- 빌드 및 배포 자동화 경험이 있으신 분- 다양한 라이브러리, 프레임워크 활용 경험이 있으신 분- 동일 서비스 1년 이상의 운영 경험이 있으신 분- TDD 개발 경험이 있으신 분[저희는 이런 분이 좋아요!]- 코딩을 좋아하시는 분- 팀원들과 협업 경험이 있으신 분- 스타트업 근무 경험이 있거나, 관심이 있는 분- 새로운 기술에 대한 관심이 많고, 학습을 스스로 하시는 분- UI/UX에 대한 이해 또는 관심이 있는 분- 개발 뿐만이 아니라 서비스 자체를 내 경험으로 녹이고 싶은 분[근무시간]- 오전 9시 ~ 오후 1시 사이 자율출근 후 8시간 근무* 당연하지만 주 40시간 근무하며 야근은 없음.[사내복지]- 차(TEA) / 맥주 / 커피 무제한 제공- 점심, 저녁은 배가 터질 때까지 무제한 제공- 다트, 농구 미니 게임 언제든 즐길 수 있음- 사내 미니도서관 운영 (필요한 책 있으면 주문 고고)- 자기개발을 위한 강연비 지원- MacBook Pro 15inch 제공[콜버스의 기업문화]- 상호호칭으로 영어 이름을 사용하며 직급은 사용하지 않음.- 자기 의견을 언제든 말할 수 있는 자유로운 분위기- 업무시간 중 컨디션 조절을 위한 자유로운 휴식 가능- 매주 금요일 '오픈렉쳐 데이' 운영 (1주에 1명씩 각자 관심주제 발표)- 매월 둘째주 금요일 '비어데이' 운영 (술안먹어도 됨)- 인생의 1/3은 일을 하며 지내기 때문에 기업문화를 매우 중요시 하고 있고 언제나 팀원의 의견을 수렴하여 개선하고 있습니다.- 맛집탐방 매우 좋아함[콜버스의 개발문화는 이렇습니다] ** 꼭 읽어보세요- 개발자의 의견은 항상 존중받습니다.- 협업은 Git Branch 와 Wiki, JIRA 를 통하여 체계적/효율적으로 합니다.- 소프트웨어 요구 사항에 대해 자유롭게 의견을 말할 수 있습니다.- 테스트는 모든 팀원이 같이 하며, 테스트 프로세스가 확립되어 있어 편합니다.- 기본적인 개발환경이 조성되어 있고, 원하는 도구를 추가하여 자유롭게 개발 할 수 있습니다.- 근무시간 중 주요 업무 뿐만이 아니라 기술에 대한 연구, 학습이 가능합니다.* 작성자의 경우에는 챗봇에 관심이 있어서 챗봇을 공부하다가 구현하여 우리 팀 모두에게 도움이 되고 있습니다. 뿌듯.- 자기주도적으로 업무를 진행할 수 있습니다. (스스로 스케줄 관리 가능)- 언제나 자유롭게 주변 개발자들과 지식과 경험을 교류할 수 있습니다.- 업무시 필요한 커뮤니케이션 이외에는 절대로 업무에 방해받지 않습니다. (음악 들으면서 둠칫둠칫)- 자신의 코드에 대한 책임감을 가져야 합니다. 코드와 함께 개발자 자신도 성장하는 분위기입니다.[접수방법]* 이력서 안내사항- 사진첨부X, 주민등록번호 뒷자리는 적지 않아도 괜찮아요!- 어린시절의 이야기같은 소개 말고 당신이 어떤 사람인지, 무엇을 하고싶은지, 할 수 있는지 알려주세요 :)* 포트폴리오 안내사항- 형식은 자유롭게- github 계정도 가능- 없어도 무관* 이력서와 포트폴리오를 job@callbus.com 으로 보내주시거나, 로켓펀치에 지원해주세요.\n"]}