{"url":"https://www.rocketpunch.com//jobs/69213/%ED%83%84%ED%83%84%ED%95%9C-%EC%8A%A4%ED%83%80%ED%8A%B8%EC%97%85%EC%97%90%EC%84%9C-java-%EA%B0%9C%EB%B0%9C%EC%9E%90-%EA%B5%AC%EC%9D%B8","title":"탄탄한 스타트업에서 java 개발자 구인","origin":"(주)헤렌","start_date":"02/07 ","newbie":"소경력","content":["\n        주요 업무\n                    ▶ java(spring-boot framework) 서버 유지보수 및 개발자격요건- java 경력 3년 이상- spring boot framework 사용경험- AWS 사용 경험우대사항- CI/CD 활용- 여러 DBMS 사용경험- 자료구조, 알고리즘에 대한 이해- 타 프로그램 언어에 대해 가파른 러닝커브- Mockito등을 사용한 테스트코드 작성 …\n            더 보기\n            ▶ java(spring-boot framework) 서버 유지보수 및 개발자격요건- java 경력 3년 이상- spring boot framework 사용경험- AWS 사용 경험우대사항- CI/CD 활용- 여러 DBMS 사용경험- 자료구조, 알고리즘에 대한 이해- 타 프로그램 언어에 대해 가파른 러닝커브- Mockito등을 사용한 테스트코드 작성 가능- 서버리스에 대한 이해 및 경험- Jenkins 사용경험\n\n      ","\n        업무 관련 기술 / 활동 분야\n        \n          Java\n          Amazon AWS\n          DBMS 지식보유\n          spring-boot\n        \n      ","\n        채용 상세\n                    겉만 화려한 스타트업이 아닌, 실제 돈을 벌고 있는 스타트업.2016년 9월에 설립된 '헤렌'은 마케팅, 화장품 제조판매 및 유통 사업을 하는 회사입니다.마케팅 분야로는 인플루언서 마케팅 플랫폼, 파인앳플네일샵 고객관리 솔루션 공대남의네일샵인스타그램 계정 관리 솔루션인 인스타겟, 인스타터을 운영하고 있습니다. 화장품 분야는 네일 제품을 주로 생산 유…\n            더 보기\n            겉만 화려한 스타트업이 아닌, 실제 돈을 벌고 있는 스타트업.2016년 9월에 설립된 '헤렌'은 마케팅, 화장품 제조판매 및 유통 사업을 하는 회사입니다.마케팅 분야로는 인플루언서 마케팅 플랫폼, 파인앳플네일샵 고객관리 솔루션 공대남의네일샵인스타그램 계정 관리 솔루션인 인스타겟, 인스타터을 운영하고 있습니다. 화장품 분야는 네일 제품을 주로 생산 유통하고 있으며, ‘단미’라는 브랜드가있습니다. 투자를 받지 않고도 꾸준히 수익을 내고 있고, 매출 또한 급성장하고 있습니다.안정적인 수입과 해당 사업분야 노하우를 기반으로 IT 와 결합하여 시너지 효과를 내고있습니다.저희 회사 개발팀에서 함께 일하실 역량있는 인재를 찾고 있습니다.▶ 사업관련 진행 상황* 상시 직원은 25명, 개발팀에선 9명과 함께 일 중입니다. 함께 빠르게 성장할 인재를 찾고 있습니다. 부담 없이 연락주세요.이메일 : jinwoong@herren.co.kr\n"]}