{"url":"https://www.rocketpunch.com//jobs/69977/%EC%96%B4%EB%AE%A4%EC%A6%88%ED%8A%B8%EB%9E%98%EB%B8%94-RD-%EA%B8%B0%ED%9A%8D-%EB%B0%8F-%EC%82%AC%EC%97%85%EA%B4%80%EB%A6%AC","title":"[어뮤즈트래블] R\u0026D 기획 및 사업관리","origin":"어뮤즈트래블","start_date":"02/23 ","newbie":"인턴신입경력","content":["\n        주요 업무\n                    - R\u0026D 기획(Smart City, BigData) 관리- R\u0026D 수행, 보고서 작성 및 성과 관리\n\n      ","\n        업무 관련 기술 / 활동 분야\n        \n          연구기획\n          기획.제안서작성\n        \n      ","\n        채용 상세\n                    [모집 분야]  - R\u0026D 기획(Smart City, BigData) 관리- R\u0026D 수행, 보고서 작성 및 성과 관리[담당 업무]  - 국책 R\u0026D 과제 제안 및 연구 기획 (수요조사, 개념계획서, 사업계획서 작성)- 국책 R\u0026D 과제 수행 및 관리 (연구수행 및 보고서 작성)- 지식재산권 관리 (논문/특허/인증)[자격 …\n            더 보기\n            [모집 분야]  - R\u0026D 기획(Smart City, BigData) 관리- R\u0026D 수행, 보고서 작성 및 성과 관리[담당 업무]  - 국책 R\u0026D 과제 제안 및 연구 기획 (수요조사, 개념계획서, 사업계획서 작성)- 국책 R\u0026D 과제 수행 및 관리 (연구수행 및 보고서 작성)- 지식재산권 관리 (논문/특허/인증)[자격 요건] - 정부출연 R\u0026D 사업 사업계획서 작성 및 수행 유경험자- 국내외 정책, 기술, 특허, 사업화에 대해 조사 및 분석 가능자- 4차산업기술(Smart City, BigData, Machine Learning)에 대한 지식 보유- 시장/사업화 조사, 기술/특허 로드맵 작성 유경험자- PPT 작성 및 Presentation에 자신 있는 자[우대 사항] - 4년제 정규 대학 이상 기졸업자 및 졸업예정자 (근무에 지장이 없는 경우) - 모집 부문 해당 학과 또는 관련 학과 전공자 - 남자의 경우, 병역필 또는 면제로 해외 여행에 결격 사유가 없는 자 - 여성의 경우, 병역 및 출산자 채용 시 우대 - 취업보호대상자(장애/보훈)는 채용 시 우대 - 수화 또는 외국어 가능자 우대 - 소셜 임팩트 비즈니스에 관심이 많고 여행을 좋아하시는 분 우대 - 벤처기업 또는 스타트업 근무 경험자 우대 - 소셜 커머스 사이트에 대한 지식이 있으신 분 우대 - 사람에 대한 애정과 따뜻함이 있으신 분 극우대\n\n            \n              \n                  \n                  \n                \n            \n          \n            \n              \n                  \n                \n            \n          "]}