{"url":"https://www.rocketpunch.com//jobs/47553/%ED%95%B5%EC%8B%AC%EA%B0%9C%EB%B0%9C%EC%9E%90-Full-Stack-%EA%B0%9C%EB%B0%9C%EC%9E%90-Android-iOS-Web-%EC%A4%91-2%EA%B0%9C-%EC%9D%B4%EC%83%81%EC%82%B0%EC%97%85%EA%B8%B0%EB%8A%A5%EC%9A%94%EC%9B%90-%EA%B0%80%EB%8A%A5","title":"[핵심개발자] Full-Stack 개발자 (Android, iOS, Web 중 2개 이상)[산업기능요원 가능]","origin":"(주)엑스바엑스","start_date":"02/12 ","newbie":"경력","content":["\n        주요 업무\n                    \"엑스바엑스를 식품시장의 가장 선도적인 기술회사로 만들어갈 핵심개발자(Lead Software Engineer)를 찾습니다\"핵심 개발자에게는 계속적인 혜택과 스톡옵션을 지원합니다.---------------------------------------------------------\u003c주요 업무\u003e* 오더플러스는 식당(구매자)과 식재료 유통업체…\n            더 보기\n            \"엑스바엑스를 식품시장의 가장 선도적인 기술회사로 만들어갈 핵심개발자(Lead Software Engineer)를 찾습니다\"핵심 개발자에게는 계속적인 혜택과 스톡옵션을 지원합니다.---------------------------------------------------------\u003c주요 업무\u003e* 오더플러스는 식당(구매자)과 식재료 유통업체(공급자)를 중개하는 커머스 플랫폼입니다. (1) 오더플러스 모바일 앱은 이미 상용화가 되어 많은 식당에서 이용하고 있습니다. 앱을 ver2로 리뉴얼해 새로운 디자인과 획기적인 기능을 도입하는 업무를 합니다.- 오더플러스 ver 2.0 iOS(Swift) Native 앱 개발- 오더플러스 Android Native 앱 개발 (Java)(2) 보다 풍부한 기능을 가지고 있는 Web 서비스를 신규로 개발합니다. - 오더플러스 Web 서비스 Front-end (희망하는 자바스크립트 기반 프레임워크 선택 가능)\u003cMust-have\u003e- Android 또는 iOS 서비스 개발 및 상용화 경험- 소프트웨어 공학에 대한 이해도- 새로운 기술에 대한 학습능력과 적응력- 직접 개발하는 제품에 대한 애정\u003cGood-to-have\u003e- Python을 활용한 Back-end 개발 경험- 서비스 상용화 및 성능 최적화 경험- 컴퓨터공학, 소프트웨어공학 전공자- DevOps, Microservice 아키텍처에 대한 경험- ElasticSearch, Machine Learning 에 대한 경험\u003c기술 구성\u003e- Client Service : Android(Java), iOS(Swift)- Back-end : Python, Django Framework, REST API, Linux, Nginx, MS Azure, Maria DB\n\n      ","\n        업무 관련 기술 / 활동 분야\n        \n          iOS\n          Swift\n          Mobile Service\n          Mobile Applications\n          eCommerce\n          e-commerce\n          Python\n          Django\n          Android\n          Web Service\n          React.js\n          Vue.js\n          JavaScript\n          Electron.js\n          Java\n          Front-end\n        \n      ","\n        채용 상세\n                    \"식당 하시는 분들이 돈과 인맥이 없어도 맛있고 좋은 식재료를 제값에 구할 수 있는 생태계를 만들려고 합니다.\"오더플러스는 식당에서 믿고 편리하게 식재료를 주문할 수 있는 플랫폼으로,정보비대칭을 해소하고 투명하고 공정한 식자재 거래를 가능하게 하고 있습니다.2016년 9월 오픈베타 서비스를 시작하여 현재는 매월 200여개 이상의 식당에서 가입하는업계…\n            더 보기\n            \"식당 하시는 분들이 돈과 인맥이 없어도 맛있고 좋은 식재료를 제값에 구할 수 있는 생태계를 만들려고 합니다.\"오더플러스는 식당에서 믿고 편리하게 식재료를 주문할 수 있는 플랫폼으로,정보비대칭을 해소하고 투명하고 공정한 식자재 거래를 가능하게 하고 있습니다.2016년 9월 오픈베타 서비스를 시작하여 현재는 매월 200여개 이상의 식당에서 가입하는업계 최초, 최대의 식자재 유통 플랫폼으로서 20-40대 식당 사장님들의 트렌드를 만들고 있습니다.설립 4년차 20명 규모의 X_X 는 빠른 성장과 주도적인 개발, 워라밸이 모두 가능한 스타트업에서 가장 즐거운 단계에 있습니다.--------------------------------------------------------\u003c근무 환경 및 회사소개\u003e- 자율 출퇴근 : 오전 10시 ~ 오후 2시 사이에 자율적으로 출근해 7시간 근무- 재택근무 : 주간 1~2회 재택근무 가능 (스탠드업미팅 참여 필수)- 쉬는시간 : 오후 3시에 20분 간 전사적 쉬는시간 - 운동, 대화, 산책- 임직원 21명 - 주소 : 서울시 송파구 송이로 150, 재경빌딩 2층 (가락시장역 인근)- 자세한 회사 문화는 블로그를 참조해주세요 : http://xbarx.tistory.com/8\u003c외식업 식자재 주문 앱, 오더플러스\u003e 관련기사 농축수산물 시세, '오더플러스' 앱으로 한번에 확인하자http://theleader.mt.co.kr/articleView.html?no=2018031410557828805머니투데이 9월의 모바일 앱http://news.mt.co.kr/mtview.php?no=2017092610301813727\u0026outlink=1\u0026ref=https%3A%2F%2Fsearch.naver.com성과- 2016년 10월 출시 이후 매월 100개 이상의 식당에서 가입하는 가장 선두적인 플랫폼으로, 본엔젤스, 디캠프 등으로부터 투자를 유치하고 매월 빠르게 성장하고 있습니다. \u003cx_x와 문화\u003e- 회사소개 : x_x 는 조건부집합 { x l x 는... } 에서 미지수항 x 가 앞으로 나아가면서 조건 l (bar) 를 허물고 나아가는 것을 형상화해서 만들어졌습니다. 엑스바엑스(x_x)는 각자 다른 환경에서 모였더라도 구성원(x)이 한 방향으로 나아가면서 조건( l )을 허물고 혁신을 만드는 것을 가장 중요하게 생각합니다.- 개발 중심 문화 : 팀의 모든 구성원이 개발자의 리소스를 항상 최우선으로 생각합니다. 기획, 디자인에서 최고의 작업물이 나오고 검증이 된 후에 개발에 착수해, 개발 이후에 방향을 바꾸는 일을 최소화합니다. - Open Discussion : 서비스부문 개발자는 기획자, 디자이너와 함께 플랫폼팀으로 활동합니다. 플랫폼팀은 서로 다른 전문분야를 갖고 있지만 Masterpiece를 만든다는 목표를 공유하며 수평적으로 열띤 토론을 합니다.- Scrum \u0026 Agile : 2주 단위로 스프린트를 하며, 계획회의 때에 기획자, 디자이너, 개발자가 함께 일정을 정하고, 회고회의 때에 데모(Demo)를 통해 릴리즈된 내용을 전사적으로 공유하고 의견을 수렴합니다.\n\n            \n              \n                  \n                  \n                \n            \n          \n            \n              \n                  \n                \n            \n          "]}