{"url":"https://www.rocketpunch.com//jobs/67402/Android-or-IOS-%EA%B0%9C%EB%B0%9C%EC%9E%90","title":"Android or IOS 개발자","origin":"(주)웹웨어","start_date":"12/28 ","newbie":"경력","content":["\n        주요 업무\n        - 모바일 앱 개발\n      ","\n        업무 관련 기술 / 활동 분야\n        \n          ios 앱개발\n          iPhone\n          모바일앱개발\n          Android앱개발\n          어플리케이션 개발\n        \n      ","\n        채용 상세\n        담당업무- 모바일 앱 개발자격요건- 열정과 실력은 기본- 소통 능력과 인간적인 매력이 있는 분 우대사항- 긍정적인 분- 웃음이 많은 분- 남을 즐겁게 해주시는 분"]}