{"url":"https://www.rocketpunch.com//jobs/69384/%EC%9B%B9-%ED%94%84%EB%A1%A0%ED%8A%B8%EC%97%94%EB%93%9CFront-End-%EA%B0%9C%EB%B0%9C%EC%9E%90%EB%A5%BC-%EC%B0%BE%EC%8A%B5%EB%8B%88%EB%8B%A4","title":"웹 프론트엔드(Front-End) 개발자를 찾습니다!","origin":"우노솔루션","start_date":"02/20 ","newbie":"소경력","content":["\n        주요 업무\n                    \"짬짬이\" 서비스 앱 유지보수\"바디프랜드 공유안마의자\" 서비스 앱 유지보수\"바디프랜드 멤버쉽\" 서비스 앱 신규개발\n\n      ","\n        업무 관련 기술 / 활동 분야\n        \n          jQuery\n          JavaScript\n          HTML5\n          CSS3\n          Ajax\n          React\n          Front-end\n          Git\n          웹서비스\n          Web Front-end\n          Vue.js\n          웹 프론트엔드 개발(HTML5/CSS3/JavaScript/Vue.js)\n        \n      ","\n        채용 상세\n                    담당업무- '짬짬이' 서비스 앱 유지보수- '바디프랜드 공유안마의자' 서비스 앱 유지보수- '바디프랜드 멤버쉽' 서비스 앱 신규개발자격요건- 최소 3년 이상 프론트엔드 개발 경험- html, css, jquery, javascript 사용에 능숙한자- 반응형 웹 사이트 개발 경험자- Git 사용 경험 혹은 버전 관리 시스템 사용 경험우대사항- vue…\n            더 보기\n            담당업무- '짬짬이' 서비스 앱 유지보수- '바디프랜드 공유안마의자' 서비스 앱 유지보수- '바디프랜드 멤버쉽' 서비스 앱 신규개발자격요건- 최소 3년 이상 프론트엔드 개발 경험- html, css, jquery, javascript 사용에 능숙한자- 반응형 웹 사이트 개발 경험자- Git 사용 경험 혹은 버전 관리 시스템 사용 경험우대사항- vue, react, angular 등의 프레임워크 프로젝트 경험자- 여러 언어에 관심이 많고 상황에 따라 사용 가능한자- node.js, npm 경험자- Restful API 개발 경험이 있으신 분- 본인의 책임하에 주도적인 업무 처리가 가능한자- 타 부서와의 소통에 유연한자- 긍정적인 마인드와 어떤 문제라도 유연하게 대처 가능한자- 스타트업에 대한 관심과 이해- 실제 시장에 런칭한 서비스 개발 경험- 준수하고 명확한 커뮤니케이션 스킬- 개발/코딩 관련 대회 수상 경험- 오픈소스 기여 경험- 자동화에 관심이 많으신분채용절차 및 지원방법- 서류전형 ⇒ 실무 면접 ⇒ 최종 합격 ⇒ 출근- 지원 기간 : 수시 채용 (채용시 마감)- 지원 서류    - 필수사항 : 이력서(PDF 파일 또는 URL)    - 선택사항 : 포트폴리오, 자기소개서, 코드를 확인할 수 있는 URL* 참고: https://www.notion.so/c7dd2ebcba9d4c4c97ca3a004c266b8d\n\n            \n              \n                  \n                \n            \n          "]}