{"url":"https://www.rocketpunch.com//jobs/68111/%EC%B9%B4%ED%8F%AC%EB%9D%BC-%EC%BB%A8%ED%85%90%EC%B8%A0-%EB%A7%88%EC%BC%80%ED%84%B0","title":"[카포라] 컨텐츠 마케터","origin":"넥스리치홀딩스","start_date":"01/14 ","newbie":"경력","content":["\n        주요 업무\n                    컨텐츠 마케 팅 및 sns 계정 관리\n\n      ","\n        업무 관련 기술 / 활동 분야\n        \n          온라인마케팅\n          블로그\n          Google Analytics\n          디지털마케팅\n          브랜드마케팅\n          인스타그램\n          바이럴마케팅\n          콘텐츠마케팅\n          모바일광고\n          동영상제작\n          카피라이팅\n          페이스북\n          네이버포스트\n        \n      ","\n        채용 상세\n                    담당업무-SNS(페북, 유튜브) 채널 기획 및 운영-브랜디드 컨텐츠 기획 및 제작 (페이스북 and 네이버 포스트 등)-웹진 기획 및 제작 : 연 2회 ~ 4회자격요건-학력 : 무관-경력 : 3년 ~ 5년 이상-성별 : 무관-필수 제출 서류 : 포트폴리오우대사항-자동차 관련 컨텐츠 포스팅 경험\n            더 보기\n            담당업무-SNS(페북, 유튜브) 채널 기획 및 운영-브랜디드 컨텐츠 기획 및 제작 (페이스북 and 네이버 포스트 등)-웹진 기획 및 제작 : 연 2회 ~ 4회자격요건-학력 : 무관-경력 : 3년 ~ 5년 이상-성별 : 무관-필수 제출 서류 : 포트폴리오우대사항-자동차 관련 컨텐츠 포스팅 경험\n\n            \n              \n                  \n                \n            \n          "]}