{"url":"https://www.rocketpunch.com//jobs/66045/%EC%B2%AB%EB%B2%88%EC%A7%B8-%EB%B9%84%EA%B0%9C%EB%B0%9C%EC%A7%81-%EC%9D%B8%EC%9E%AC%EA%B8%B0%ED%9A%8D%EC%98%81%EC%97%85%EB%A7%88%EC%BC%80%ED%8C%85%EB%A5%BC-%EB%AA%A8%EC%8B%AD%EB%8B%88%EB%8B%A4","title":"첫번째 비개발직 인재(기획,영업,마케팅)를 모십니다.","origin":"로민","start_date":"03/03 ","newbie":"소경력","content":["\n        주요 업무\n                    로민은 설립 2년차 컴퓨터비전 기술 스타트업으로서, 현재는 인공지능 기반 문자인식 기술 및 관련 솔루션 상품화 를 진행 중에 있습니다. 로민은 과기정통부 주최 인공지능 경진대회에서 2년 연속 장관상을 수상으로 입증된 기술력으로 비전 분야 인공지능 기술의 국내 및 해외 시장 보급에 힘쓰고 있습니다. 모집하는 신규 인력은 로민의 첫번째 비개발직 전문인력…\n            더 보기\n            로민은 설립 2년차 컴퓨터비전 기술 스타트업으로서, 현재는 인공지능 기반 문자인식 기술 및 관련 솔루션 상품화 를 진행 중에 있습니다. 로민은 과기정통부 주최 인공지능 경진대회에서 2년 연속 장관상을 수상으로 입증된 기술력으로 비전 분야 인공지능 기술의 국내 및 해외 시장 보급에 힘쓰고 있습니다. 모집하는 신규 인력은 로민의 첫번째 비개발직 전문인력으로서, 영업/마케팅/전략기획 업무 총괄을 맡아 주실 분을 모시고자 합니다. 업무의 범위가 넓고 막중한 만큼, 그에 합당한 대우(연봉,스톡옵션,직위)를 해드릴 것을 약속 드립니다. 빠른 속도로 성장하고 있는 저희 로민에 더 큰 추진력을 가져다 주실 인재의 지원을 기다립니다.\n\n      ","\n        업무 관련 기술 / 활동 분야\n        \n          사업기획\n          비즈니스분석\n          사업전략\n          마케팅기획\n          사업개발\n          프로젝트관리\n          커뮤니케이션\n        \n      ","\n        채용 상세\n                    담당업무- 시장 조사 및 분석- 상품기획 및 전략 수립- 프로젝트 관리(PM)- 홍보 및 대내외 커뮤니케이션- 제안서(기획서) 작성 및 PT- Presales/sales pipeline- 마케팅 (홈페이지, 제품 랜딩페이지 기획, brand identity, 콘텐츠 제작, 소셜미디어, Google analytics 등)자격요건- 마케팅 or 영업 o…\n            더 보기\n            담당업무- 시장 조사 및 분석- 상품기획 및 전략 수립- 프로젝트 관리(PM)- 홍보 및 대내외 커뮤니케이션- 제안서(기획서) 작성 및 PT- Presales/sales pipeline- 마케팅 (홈페이지, 제품 랜딩페이지 기획, brand identity, 콘텐츠 제작, 소셜미디어, Google analytics 등)자격요건- 마케팅 or 영업 or 전략기획 유관 경력 5년이상- 프로젝트 진행 및 리딩 경험 보유- 제안서 작성 및 PT경험 보유- 원활한 영문 문서 작성 및 영어 대화 가능우대사항- SW 기업 근무 경험자- 시장 조사 및 분석에 따른 전략도출 가능- 인공지능 분야에 대한 이해도가 높으신 분\n\n            \n              \n                  \n                  \n                \n            \n          "]}