{"url":"https://www.rocketpunch.com//jobs/61707/%EB%B0%A9%EA%B5%BF-%EB%B6%80%EB%8F%99%EC%82%B0-%EA%B4%80%EB%A0%A8-B2BC-%EC%84%9C%EB%B9%84%EC%8A%A4-UIUX-%EB%94%94%EC%9E%90%EC%9D%B4%EB%84%88-%EC%B1%84%EC%9A%A9","title":"방굿 (부동산 관련 B2BC 서비스)  UI/UX 디자이너 채용","origin":"굿네트워크","start_date":"02/25 ","newbie":"경력","content":["\n        주요 업무\n                    1.App 서비스 UI/UX 컨셉 구성 및 작업2.브랜딩 작업3.Web 서비스 UI/UX  작업4.스토리 보드 작업현재 외주를 통해 만들어 놓은 App / Web UI/UX  를 개편하고 각 채널의 UI/UX 컨셉을일관되게 구성하고 이끌어가 저희 서비스에 정체성을 다져줄 디자이너를 채용 중에 있습니다.스토리 보드 부터 시작하여 UI/UX 전반을 책임…\n            더 보기\n            1.App 서비스 UI/UX 컨셉 구성 및 작업2.브랜딩 작업3.Web 서비스 UI/UX  작업4.스토리 보드 작업현재 외주를 통해 만들어 놓은 App / Web UI/UX  를 개편하고 각 채널의 UI/UX 컨셉을일관되게 구성하고 이끌어가 저희 서비스에 정체성을 다져줄 디자이너를 채용 중에 있습니다.스토리 보드 부터 시작하여 UI/UX 전반을 책임지게 되십니다.\n\n      ","\n        업무 관련 기술 / 활동 분야\n        \n          UI/UX디자인\n          Sketch\n          zeplin\n          Adobe Photoshop\n          서비스디자인\n          UX디자인\n          UI디자인\n        \n      ","\n        채용 상세\n                    담당업무- 각 채널(App/Web) UI/UX 기획 및 작업 진행- 서비스의 전체 컨셉안 구성- 브랜딩과 연결 진행자격요건- 3년차 이상우대사항- 1개 이상 서비스를 오픈해 보신분- 퍼블리셔도 모두 가능하신분\n"]}