{"url":"https://www.rocketpunch.com//jobs/63434/%ED%8D%BC%ED%8F%AC%EB%A8%BC%EC%8A%A4-%EB%A7%88%EC%BC%80%ED%84%B0%EC%BD%98%ED%85%90%EC%B8%A0-%EA%B8%B0%EB%B0%98%EC%9D%98-%EB%AF%B8%EB%94%94%EC%96%B4-%EC%BB%A4%EB%A8%B8%EC%8A%A4","title":"퍼포먼스 마케터_콘텐츠 기반의 미디어 커머스","origin":"위플로우","start_date":"02/03 ","newbie":"인턴신입경력","content":["\n        주요 업무\n                    WeFlow 는 kt, WPP, Brand Consultant, YouTube MCN 등 모바일, 콘텐츠, 브랜드 전문가들이 모여 만든콘텐츠 기반의 미디어 커머스 회사입니다.위플로우는 세상에 없던 혁신적인 브랜드들과 진정성 있는 제품들을 만들어가고 있습니다. 우리가 돕는 제품과 브랜드가 만들어내는 가치의 힘을 믿습니다.위플로우는 브랜드의 가치를 중심…\n            더 보기\n            WeFlow 는 kt, WPP, Brand Consultant, YouTube MCN 등 모바일, 콘텐츠, 브랜드 전문가들이 모여 만든콘텐츠 기반의 미디어 커머스 회사입니다.위플로우는 세상에 없던 혁신적인 브랜드들과 진정성 있는 제품들을 만들어가고 있습니다. 우리가 돕는 제품과 브랜드가 만들어내는 가치의 힘을 믿습니다.위플로우는 브랜드의 가치를 중심으로 고객의 마음을 움직이는 솔직하고 진정성 있는 콘텐츠 마케팅을 지향합니다. 브랜드와 프로덕트에 대해 함께 고민하고 콘텐츠를 만드는데 기여하고, 데이터 기반의 광고 캠페인을 수행하는 역할을 진행합니다. 글로벌 모바일 앱 시장에서 1500만 다운로드와 Growth hacking 노하우를 보유하고 있는 리더와 함께 다양한 실험과 교육 및 광고 실행을 하게 됩니다.\u2028\u2028• Brand Identity에 입각한 다양한 디지털 마케팅 광고 소재 기획 \u2028• 데이터 분석 기반 광고 소재 최적화 및 효율 개선 • 브랜드 USP 및 메시지 정립• ROAS 기반 퍼포먼스 광고 매체 운영 및 관리(페이스북/인스타그램/구글/네이버/카카오 등)​\u2028• 효율적인 매체 운영과 신규 채널 확보를 통한 매출 증대 노력​\u2028(페이스북/GDN 등)• 퍼포먼스 광고 매체의 효율 관리 자동화를 위한 데이터 분석 및 시스템 기획​• 트래킹 툴을 활용한 디지털 광고 캠페인 최적화(GA/Branch)\n\n      ","\n        업무 관련 기술 / 활동 분야\n        \n          디지털마케팅\n          Google Analytics\n          소셜마케팅\n          온라인마케팅\n          인스타그램\n          그로스해킹\n          바이럴마케팅\n          콘텐츠마케팅\n          앱마케팅\n          모바일광고\n          facebook pixel\n          인스타그램광고\n          웹마케팅\n          키워드광고\n        \n      ","\n        채용 상세\n                    담당업무- 위플로우 브랜드 관리/운영 및 상품 광고 집행- 페이스북, 구글 광고 캠페인 운영 총괄- ROAS 기반 퍼포먼스 광고 매체 운영 및 관리(페이스북/인스타그램/구글/네이버/카카오 등)​\u2028자격요건- 관련 경험 2년 이상- 페이스북/인스타그램/구글/네이버/카카오 등 퍼포먼스 광고 매체 직접 운영 경험 보유- 매출, ROAS 기반 퍼포먼스 마케팅…\n            더 보기\n            담당업무- 위플로우 브랜드 관리/운영 및 상품 광고 집행- 페이스북, 구글 광고 캠페인 운영 총괄- ROAS 기반 퍼포먼스 광고 매체 운영 및 관리(페이스북/인스타그램/구글/네이버/카카오 등)​\u2028자격요건- 관련 경험 2년 이상- 페이스북/인스타그램/구글/네이버/카카오 등 퍼포먼스 광고 매체 직접 운영 경험 보유- 매출, ROAS 기반 퍼포먼스 마케팅 경험 있으신 분- 능동적으로 사고하고 스타트업 서비스에 대한 경험 혹은 이해도가 높으신 분우대사항- Google Analytics, Amplitude/Mixpanel 등 분석툴 사용하신 분- 매출, ROAS 기반 퍼포먼스 마케팅 경험 있으신 분- Google Analytics, Amplitude/Mixpanel 등 분석툴 사용하신 분\n\n            \n              \n                  \n                \n            \n          \n            \n              \n                  \n                \n            \n          \n            \n              \n                  \n+1                \n            \n          \n            \n              \n                  \n                \n            \n          "]}