{"url":"https://www.rocketpunch.com//jobs/65132/%ED%94%84%EB%A1%A0%ED%8A%B8%EC%97%94%EB%93%9C-%EA%B0%9C%EB%B0%9C%EC%9E%90-%EA%B2%BD%EB%A0%A5","title":"프론트엔드 개발자 (경력)","origin":"주식회사 쏘마","start_date":"11/04 ","newbie":"경력","content":["\n        주요 업무\n                    자사의 제품 ARES(APT attack simulator)와 Monster(Threat Hunting Platform)의 사용자 UI/UX 개발을 담당합니다.\n\n      ","\n        업무 관련 기술 / 활동 분야\n        \n          Python\n          Django\n          nginx\n          Node.js\n          Back-end\n          jQuery\n          Front-end\n          JavaScript\n          Elastic stack\n        \n      ","\n        채용 상세\n                    [자격 요건]- 나이/성별/학력/전공 무관- 2년 이상의 개발 경험- 상용 제품/서비스 개발 경험- HTML5, CSS3를 사용한 웹표준 마크업에 대한 높은 이해- Javascript 웹앱 개발 및 운영 경험 (Angular, React, Vue 등)- 웹 표준과 크로스브라우징에 대한 이해[우대 사항]- HighCharts, D3.js 등을 활용한 …\n            더 보기\n            [자격 요건]- 나이/성별/학력/전공 무관- 2년 이상의 개발 경험- 상용 제품/서비스 개발 경험- HTML5, CSS3를 사용한 웹표준 마크업에 대한 높은 이해- Javascript 웹앱 개발 및 운영 경험 (Angular, React, Vue 등)- 웹 표준과 크로스브라우징에 대한 이해[우대 사항]- HighCharts, D3.js 등을 활용한 데이터 시각화 개발 경험- 프론트엔드 Performance 최적화 경험- 빌드/테스트/배포 자동화 경험- Django, NodeJS, Flask 등을 활용한 제품/서비스 개발 경험- ELK stack 을 활용한 제품/서비스 개발 경험\n"]}