{"url":"https://www.rocketpunch.com//jobs/69945/Software-Engineer-Intern-C-Application","title":"Software Engineer Intern - C++, Application","origin":"Seoul Robotics","start_date":"02/24 ","newbie":"인턴","content":["\n        주요 업무\n                    [English Resume is required! 영문 이력서로 보내주세요!]Design and implement highly performant, high-availability 3D computer vision software for autonomous vehicle, robots and smart city\n\n      ","\n        업무 관련 기술 / 활동 분야\n        \n          C++\n          OOP\n        \n      ","\n        채용 상세\n                    [Responsibilites]- Design and implement highly performant, high-availability 3D computer vision software for autonomous vehicle, robots and smart city- Design and implement robust application fram…\n            더 보기\n            [Responsibilites]- Design and implement highly performant, high-availability 3D computer vision software for autonomous vehicle, robots and smart city- Design and implement robust application framework for AI software in C++[Qualification]- Able to commit to a minimum of a 12-week internship- Understanding of fundamental software engineering concepts such as data structure and OOP- Fluency in C++- Curious, self-motivated, and excited about solving challenging problems- Great communication skills, both oral and written[Preferences]- Experience in embedded software development- Experience in distributed system development- Experience in robotic software development\n\n            \n              \n                  \n                  \n                \n            \n          "]}