{"url":"https://www.rocketpunch.com//jobs/67281/Mobile-Software-EngineerAndroid-iOS-%EB%AC%B4%EA%B4%80","title":"Mobile Software Engineer(Android, iOS 무관)","origin":"룩인바디","start_date":"12/24 ","newbie":"신입경력","content":["\n        주요 업무\n                    Mobile Software Engineer를 모십니다. (Android iOS 무관)- 인바디 App 개발- 건강 관리 플랫폼 App 개발- 인바디 App 기반 B2B 커스터마이징 솔루션 개발- 전문연구요원 가능\n\n      ","\n        업무 관련 기술 / 활동 분야\n        \n          Mobile Service\n          Mobile Applications\n          Android앱개발\n          ios 앱개발\n          native app 개발\n        \n      ","\n        채용 상세\n                    (주)인바디에서 2018년 분사한 (주)룩인바디는, 인바디데이터를 관리하는 인바디 App을 기반으로 건강 관리 플랫폼/서비스을 만들고 있습니다. 인바디 App은 전세계에서 사용되고 있는 글로벌 App으로써, 현재 데이터 관리용 목적의 사용자 160만 이상을 보유하고 있습니다.(주)룩인바디는 2019년 4월 인바디 App에서 런바디챌린지라고 하는 온라…\n            더 보기\n            (주)인바디에서 2018년 분사한 (주)룩인바디는, 인바디데이터를 관리하는 인바디 App을 기반으로 건강 관리 플랫폼/서비스을 만들고 있습니다. 인바디 App은 전세계에서 사용되고 있는 글로벌 App으로써, 현재 데이터 관리용 목적의 사용자 160만 이상을 보유하고 있습니다.(주)룩인바디는 2019년 4월 인바디 App에서 런바디챌린지라고 하는 온라인 다이어트 학습지(월 3만원) 서비스를 시작하였으며, 매월 500명 이상의 사용자가 결제하고 50% 이상이 재구매하는 효과를 보이고 있습니다.(주)룩인바디는 분사 후 1년차 대비 2년차인 2019년 매출 220% 성장을 이루며 손익분기를 달성하여, 먹고 살 수 있는 실력을 가진 기업입니다. 2020년은 다이어트 시장에 바람을 일으키기 위해 달리고 있습니다.[담당업무]- 인바디 App 개발- 건강 관리 플랫폼 App 개발- 인바디 App 기반 B2B 커스터마이징 솔루션 개발[자격 요건]- 1년 이상의 Android App 혹은 iOS App 개발 및 서비스 경험[우대 사항]- 아키텍쳐 설계 경험자[룩인바디 기업문화]- 1인 1프로젝트 담당의 개인과제 PM 제도- 개인과제 기반 성과급 연 2회 지급- 오전 9시 ~ 오후 6시 근무 시간- 오전 7시 30분 ~ 오전 11시 30분 탄력근무제- 연차 무제한- 월 2회 재택근무- 생일자 조기 퇴근- 월 5만원 체력단력비- 월 5만원 어학실습비- 매월 챌린지몰 다이어트 제품 10% 할인 쿠폰- 런바디챌린지(다이어트 서비스) 사용 후 성과 달성 시 5만원 포상- 교육 및 컨퍼런스 무제한 참가- 도서 무제한 지원\n"]}