{"url":"https://www.rocketpunch.com//jobs/70170/%EC%95%84%EC%9D%B4%ED%8F%B0-%EC%95%B1-%EA%B0%9C%EB%B0%9C%EC%9E%90","title":"[아이폰 앱 개발자]","origin":"볼트마이크로","start_date":"02/27 ","newbie":"인턴신입경력","content":["\n        주요 업무\n                    모바일 방송 앱 '카메라파이 라이브'의 기술 연구 및 개발을 담당합니다.카메라파이 라이브는 쉽고 강력한 페이스북, 유튜브 라이브 방송이 가능한 안드로이드 앱입니다.누적 다운로드 600만, 최근 기준 하루 2만여건 방송 등 3rd party Live Streaming App 시장을 선도하고 있습니다.\n\n      ","\n        업무 관련 기술 / 활동 분야\n        \n          iOS\n          Objective-C\n          Swift\n          Android\n          Swift 개발 경험자\n          RxSwift\n          ios 앱개발\n          모바일앱개발\n          Android앱개발\n          안드로이드개발자\n          안드로이드 앱개발\n          안드로이드개발\n          아이폰개발자\n          Java/Kotlin 혹은 Swift\n          native app 개발\n          어플리케이션 개발\n          Swift3.0\n          iPhone\n        \n      ","\n        채용 상세\n                    담당업무: 카메라파이 라이브 아이폰 앱 기술 연구 및 개발: 라이브 스트리밍 기능에 필요한 인코딩, 영상합성, 스트리밍 개발: 유튜브, 페이스북, 트위치 등 다양한 플랫폼 연동자격요건: iOS 미디어 프레임워크에 대한 경험이 있으신 분: 네트워크 환경에서 작동하는 모바일 앱/서비스 개발 경험이 풍부하신 분(우대): 유튜브, 페이스북 라이브 스트리밍 …\n            더 보기\n            담당업무: 카메라파이 라이브 아이폰 앱 기술 연구 및 개발: 라이브 스트리밍 기능에 필요한 인코딩, 영상합성, 스트리밍 개발: 유튜브, 페이스북, 트위치 등 다양한 플랫폼 연동자격요건: iOS 미디어 프레임워크에 대한 경험이 있으신 분: 네트워크 환경에서 작동하는 모바일 앱/서비스 개발 경험이 풍부하신 분(우대): 유튜브, 페이스북 라이브 스트리밍 앱 #1 카메라파이 라이브 개발 업무-\t긍정적이고 생산적인 토론을 즐기시는 분이면 우대\n"]}