{"url":"https://www.rocketpunch.com//jobs/69908/%EC%86%8C%ED%94%84%ED%8A%B8%EC%9B%A8%EC%96%B4-%EC%97%94%EC%A7%80%EB%8B%88%EC%96%B4-%EC%9B%B9-%ED%92%80%EC%8A%A4%ED%83%9D-%ED%83%80%EC%9E%85%EC%8A%A4%ED%81%AC%EB%A6%BD%ED%8A%B8","title":"소프트웨어 엔지니어 - 웹, 풀스택, 타입스크립트","origin":"하이퍼센스","start_date":"02/25 ","newbie":"경력","content":["\n        주요 업무\n                    하이퍼센스에서 풀스택 타입스크립트 엔지니어를 채용합니다. 고객 라이선스 매니지먼트 시스템과 내부 비지니스 로직을 가시화하는 데이터 대시보드 프로젝트를 담당하시게 됩니다. 근무지는 미국 산마테오 또는 서울입니다.\n\n      ","\n        업무 관련 기술 / 활동 분야\n        \n          TypeScript\n          React\n          Node.js\n          graphql\n          Amazon AWS\n        \n      ","\n        채용 상세\n                    담당업무- SDK 기술을 소싱하는 비지니스 파트너를 위한 라이선스 관리 시스템 디자인, 개발, 및 운영- 머신 러닝 트레이닝의 프로세스, 품질, 및 속도 등을 관리하는 내부 비지니스 로직을 위한 데이터 대시보드 시스템 디자인, 개발 및 운영자격요건- 2년 이상의 풀타임 소프트웨어 개발 경력- 웹 소프트웨어 개발의 전체 사이클 (프로젝트 생성부터 디플…\n            더 보기\n            담당업무- SDK 기술을 소싱하는 비지니스 파트너를 위한 라이선스 관리 시스템 디자인, 개발, 및 운영- 머신 러닝 트레이닝의 프로세스, 품질, 및 속도 등을 관리하는 내부 비지니스 로직을 위한 데이터 대시보드 시스템 디자인, 개발 및 운영자격요건- 2년 이상의 풀타임 소프트웨어 개발 경력- 웹 소프트웨어 개발의 전체 사이클 (프로젝트 생성부터 디플로이까지) 을 수행할 수 있는 역량- 타입스크립트를 이용하여 버그가 적고 운영이 편한 소프트웨어를 개발할 수 있는 역량- 해외 여행에 결격 사유가 없으신 분- 적은 양의 코드로 운영이 편한 새로운 시스템을 설계하고 개발하시기 좋아하는 분에게 추천드립니다\n"]}