{"url":"https://programmers.co.kr/job_positions/415","title":"웹 프론트엔드 개발자","origin":"에이블리코퍼레이션","start_date":"","newbie":false,"content":["기술 스택\nTypeScript JavaScript Vue.js","업무 소개\n운영중인 서비스의 웹 클라이언트 유지보수\n에이블리 서비스 웹사이트 / 모바일 웹사이트\n에이블리 내부 어드민, 셀러 어드민 웹사이트 등\n신규사업 서비스 구축 참여 및 유지보수\n서비스 및 인프라의 안정성, 확장성, 효율성 개선","자격 조건\n웹 프론트엔드 개발 경력 최소 3년 이상 (병역 특례 지원자는 경력 제한 없음)\n주체적으로 일을 만들고 책임감 있게 리드 하시는 분\n타 직군과 함께 문제를 정의하고 해결책을 찾을수 있는 분\n전략 / 기획 / 디자인 파트와 유기적으로 소통하며 개발 구현\nJavaScript 또는 TypeScript 개발 경력\nVue.js, React 등 프론트엔드 라이브러리 한가지 이상 사용하시는 분","우대 사항\n웹사이트 성능 최적화 경험\nES6/7 등 모던 JavaScript 사용 경험\nRxJS, two-way binding 등 Reactive Programming 사용 경험\nSASS, PostCSS 등 CSS pre-processor 사용 경험\nElementUI, Ant Design 등 프론트엔드 UI 툴킷 사용 경험\nBabel, Webpack 등 bundler 사용 및 개발환경 구성 경험\nCI/CD 사용 경험\nPHP 사용 경험\nGit 사용 경험 혹은 버전 관리 시스템 사용 경험\n타 직군 개발 경험(백엔드, 앱 클라이언트)\n\n개발자 공통 우대사항\n\n실제 시장에 런칭한 서비스 개발 경험\n플랫폼, 이커머스 서비스에 대한 이해 (결제부터 배송까지의 흐름)\n스타트업에 대한 관심과 이해\n준수하고 명확한 커뮤니케이션 스킬\n개발/코딩 관련 대회 수상 경험\n오픈소스 기여 경험\n자동화에 관심이 많으신 분"]}