{"url":"https://www.rocketpunch.com//jobs/69322/IOS-%EA%B0%9C%EB%B0%9C%EC%9E%90","title":"IOS 개발자","origin":"필통","start_date":"02/26 ","newbie":"경력","content":["\n        주요 업무\n                    안녕하세요. 개발자님! 필통은 현재 공격적으로 서비스를 빌드하고 있는 팀이에요.개발자님 스스로의 성장이 회사의 성장이 되는 것,나아가 우리 사회를 더 나은 방향으로 바꾸는 것을 경험할 수 있어요.아래 내용은 소개 페이지에 있는 [**필통이 원하는 미래의 팀원**] https://www.notion.so/pilltong/52991bd4476f4abbb…\n            더 보기\n            안녕하세요. 개발자님! 필통은 현재 공격적으로 서비스를 빌드하고 있는 팀이에요.개발자님 스스로의 성장이 회사의 성장이 되는 것,나아가 우리 사회를 더 나은 방향으로 바꾸는 것을 경험할 수 있어요.아래 내용은 소개 페이지에 있는 [**필통이 원하는 미래의 팀원**] https://www.notion.so/pilltong/52991bd4476f4abbb250335e4aa94466 을 기초로,개발팀에서 원하는 구체적인 개발팀원의 모습을 적어둔 내용이에요.[ 채용 프로세스 ]아래 채용 프로세스는 약 1주일에 정도로 모두 마무리 됩니다.- `contact@pilltong.me`로 제목은 `입사지원 [직군] [성함]`으로 맞춰 주신 후, 자유 형식의 입사 지원서를 내주세요! 위 자격 요건들과 우대 조건들이 잘 드러나서 저희와 정말 잘 맞는 개발자님을 놓치지 않게 해주세요.- 대표님과 개발자 한 명과 함께 티타임을 보냅니다. 저희 서비스에 대한 얘기와 저희 팀원으로서의 핏을 서로 맞춰보는 시간이에요.- 개발 면접을 진행합니다. 보내주신 입사 지원서를 기준으로 인터뷰를 진행합니다. 코딩 테스트는 없지만, 간단한 수도 코드 형식의 질문은 있을 수 있어요.- 채용이 결정되고, 처우를 협의합니다.[ 개발팀은 이렇게 일해요 ]- 우리 개발팀은 에자일한 방식으로 개발을 해야 한다고 생각해요. 단기 목표를 빠르게 클리어하고 다음 목표를 향해 뛰어 갑니다.- 경력과 능력에 따라 **3,600 만 원 ~ 4,000 만 원** 연봉과 추가적인 스톡 옵션 협상도 가능합니다.- 최대한의 퍼포먼스를 위해 개발 장비를 지원하고 있어요. **Macbook pro \u0026 더블 모니터 27**'' 또는 **iMac 27'' 와 보조 모니터 27'**' 를 제공하고 있습니다.- 개발 팀원의 성장이 곧 회사의 성장이라고 생각해요. **월 2권 자기 개발 도서**를 지원하고 있어요. 또한 **기술 컨퍼런스나 밋업** 참여를 권장하고 개발자님의 성장에 들인 시간이 결국 우리 팀을 위해 사용될 거라고 생각해요. 따라서 **업무의 일환으로 보고 있습니다.**- 스스로가 다음 할 일을 가져가요. 우선 순위에 대한 의논은 있을 수 있지만, 개발자님이 하고 싶은 일은 자신이 가져가서 능동적으로 개발할 수 있어야 해요.- 코드 리뷰와 테스트 코드를 작성하는 것이 시간 낭비라고 생각하지 않아요. 우리는 불필요한 주석을 늘리기 보다는 **코드로 설명하고 코드로 증명하는 것을 지향**해요- 주기적인 스프린트에서 개발 팀원들 사이에 일정 기간 동안 있었던 기술적인 챌린지들과 해결한 과정을 공유하는 시간이 있어요. 서로의 동기 부여가 되면서 동시에 배울 수 있는 사람이 되기를 바라고 있어요.- 일 8시간을 기준으로 자신이 일하고 싶은 시간대를 선택할 수 있어요. 개발자님이 가장 훌륭한 퍼포먼스를 보여줄 수 있는 시간대에 함께 있길 바라요. 다만 모두가 사무실에 있어야 하는 핫타임(오후 2시 ~ 6시)에는 반드시 사무실에 있어야 해요. 그 시간에만 한정적으로 중요한 회의나 의논할 내용을 진행할 수 있게 해서 번잡한 회의 시간을 최소화 시키는 목적이에요.- 더 나은 개발 문화를 위한 제언을 항상 중요하게 생각하고 우리 팀에 적용하기 위해 노력하는 팀이에요. 더 나은 팀을 만드는 것에 관심이 있다면 이 과정에 함께 해주세요.\n\n      ","\n        업무 관련 기술 / 활동 분야\n        \n          iOS\n          Objective-C\n          Swift\n        \n      ","\n        채용 상세\n                    필통 소개 notion: https://www.notion.so/pilltong/52991bd4476f4abbb250335e4aa94466## 우리가 찾고 있는 팀원의 모습이에요.[ IOS 개발자 자격 요건 ]  : 필통의 클라이언트 Product를 개발합니다.- 2년차 이상의 경험을 가진 개발자 혹은 그에 준하는 능력을 가진 개발자- 협업을 잘 하…\n            더 보기\n            필통 소개 notion: https://www.notion.so/pilltong/52991bd4476f4abbb250335e4aa94466## 우리가 찾고 있는 팀원의 모습이에요.[ IOS 개발자 자격 요건 ]  : 필통의 클라이언트 Product를 개발합니다.- 2년차 이상의 경험을 가진 개발자 혹은 그에 준하는 능력을 가진 개발자- 협업을 잘 하는 개발자- Objective-C, Switft를 사용한 iOS 개발 경험- Reac Native에 대한 간단한 이해- 네이티브 코드를 브릿지를 사용해 React Native에서 동작하게 할 수 있음[ 우대 조건 ]- React Native (또는 React)를 사용한 앱 개발 경험- 클라이언트 테스트 코드 경험- 공학에 대한 관심과 지식[ 공통 자격 요건 ]- 협업을 좋아한다.- 개발하는 것을 좋아한다.- 개발 얘기 하는 것을 좋아한다- 새로운 도전에 즐거움을 느낀다- Code review에 대한 긍정적인 마인드를 가졌다- 기술 공유와 커뮤니티에 대한 긍정적인 인식\n\n            \n              \n                  \n                \n            \n          "]}