{"url":"https://www.rocketpunch.com//jobs/65146/%EA%B2%BD%EC%98%81%EC%A7%80%EC%9B%90-PM-B2B-%EC%9A%B4%EC%98%81-%EA%B8%B0%ED%9A%8D","title":"경영지원, PM, B2B, 운영, 기획","origin":"제이온가드","start_date":"11/08 ","newbie":"인턴신입경력","content":["\n        주요 업무\n        안녕하세요. 인공지능 사고예측 에어백을 개발중인 제이온가드입니다.저희는 올해 7월에 설립된 스타트업 기업입니다. 저희와 함께할 초기멤버를 모집중입니다.주요업무PM, B2B, 운영, 기획, 계획서, 투자\n      ","\n        업무 관련 기술 / 활동 분야\n        \n          서비스운영\n          지원사업운영\n          PM\n          B2B영업\n        \n      ","\n        채용 상세\n        담당업무-PM, B2B, 운영, 기획, 계획서, 투자  자격요건----우대사항-강남인근 거주자-성실-"]}