{"url":"https://www.rocketpunch.com//jobs/64601/Account-Manager","title":"Account Manager","origin":"프로파운드","start_date":"01/22 ","newbie":"경력","content":["\n        주요 업무\n                    콘텐츠 마케팅 분야의 Account Manager를 모집합니다.  해당 직무는 B2B 기업 고객들을 대상으로 콘텐츠 제작을 직접 담당하는 콘텐츠 에디터들과 협업하여, 고객사의 연간/ 분기별 마케팅 플랜을 수립하고, 콘텐츠를 개발하는 일을 관리하는 업무입니다.  기업 고객을 대상으로 한 커뮤니케이션 능력과 프로젝트 매니지먼트 능력이 중요한 포지션으로,…\n            더 보기\n            콘텐츠 마케팅 분야의 Account Manager를 모집합니다.  해당 직무는 B2B 기업 고객들을 대상으로 콘텐츠 제작을 직접 담당하는 콘텐츠 에디터들과 협업하여, 고객사의 연간/ 분기별 마케팅 플랜을 수립하고, 콘텐츠를 개발하는 일을 관리하는 업무입니다.  기업 고객을 대상으로 한 커뮤니케이션 능력과 프로젝트 매니지먼트 능력이 중요한 포지션으로, 기업 마케팅 콘텐츠에 대한 높은 이해도를 필요로 하고 있습니다. 또한, B2B고객에 대한 전략적인 세일즈 업무가 전제되기 때문에 짧게라도 B2B 세일즈 업무에 대한 경험이 있으신 분을 선호합니다. 핵심 역량 : 프로젝트 매니지먼트 역량, 커뮤니케이션 역량( 콘텐츠 마케팅 분야의 B2B 고객 관리 및 에디터 관리), 콘텐츠 마케팅에 대한 이해\n\n      ","\n        업무 관련 기술 / 활동 분야\n        \n          디지털마케팅\n          브랜드마케팅\n          콘텐츠마케팅\n          카피라이팅\n          Google Analytics\n        \n      ","\n        채용 상세\n                    담당업무-고객사 계약 관리-고객사 마케팅 업무 컨설팅 총괄 -고객사와 워크메이트간의 커뮤니케이션 지원 -워크메이트 솔루션을 통한 프로젝트 관리 -솔루션 워크플로우 개선 (품질 관리 및 개선, 솔루션 모니터링 등)자격요건-최소 3~5년 이상의 관련 업무 경력이 있는 분 (디지털 마케팅 및 대행사 경험 우대) -프로젝트 매니지먼트 경험이 있는 분-업무에…\n            더 보기\n            담당업무-고객사 계약 관리-고객사 마케팅 업무 컨설팅 총괄 -고객사와 워크메이트간의 커뮤니케이션 지원 -워크메이트 솔루션을 통한 프로젝트 관리 -솔루션 워크플로우 개선 (품질 관리 및 개선, 솔루션 모니터링 등)자격요건-최소 3~5년 이상의 관련 업무 경력이 있는 분 (디지털 마케팅 및 대행사 경험 우대) -프로젝트 매니지먼트 경험이 있는 분-업무에 있어서 타임 매니지먼트가 엄격하게 수행 가능하신 분 (*본인 선택시 리모트 워크 가능 기업이기 때문에 필수조건입니다)-능동적 자세를 가지고 문제해결을 하려는 태도를 가지신 분우대사항-B2B 테크기업 경력 선호 -뛰어난 커뮤니케이션 능력과 타인 공감 능력 -비즈니스 레벨 이상의 외국어 능력 환영 ( 말하고 쓰기가 비즈니스 레벨 이상)* 모든 채용은 3개월 간의 평가 기간(Probation)기간이 있으며, 3개월 후 정식 채용 계약을 하게 됩니다.  평가 기간에도 급여 및 기타 복리 후생은 100% 지급됩니다.\n"]}