{"url":"https://www.rocketpunch.com//jobs/70152/%ED%94%84%EB%A1%9C%EB%8D%95%ED%8A%B8-%EB%94%94%EC%9E%90%EC%9D%B4%EB%84%88","title":"프로덕트 디자이너","origin":"메디스트림","start_date":"02/26 ","newbie":"경력","content":["\n        주요 업무\n                    - Medistream 웹사이트 UX/UI 디자인- 자사 프로덕트 (Mobile/PC) UX/UI 디자인- 협력사와의 브랜드 디자인 커뮤니케이션입사하시면, 커뮤니티 플랫폼 개발, 커머스 자체 솔루션 구축, 상담형 광고 시스템, CRM 시스템, 광고 지급결제 시스템 구축, PB 상품 개발까지 다양한 업무들을 함께 구축해나갈 수 있습니다. 저희는 사용자…\n            더 보기\n            - Medistream 웹사이트 UX/UI 디자인- 자사 프로덕트 (Mobile/PC) UX/UI 디자인- 협력사와의 브랜드 디자인 커뮤니케이션입사하시면, 커뮤니티 플랫폼 개발, 커머스 자체 솔루션 구축, 상담형 광고 시스템, CRM 시스템, 광고 지급결제 시스템 구축, PB 상품 개발까지 다양한 업무들을 함께 구축해나갈 수 있습니다. 저희는 사용자 고민을 해결해나가고 싶은 욕심이 매우 크고, 공급자, 플랫폼, 사용자 선순환 구조를 더욱 더 크게 만들어가는데 관심이 많습니다.\n\n      ","\n        업무 관련 기술 / 활동 분야\n        \n          프로덕트디자인\n          브랜드디자인\n        \n      ","\n        채용 상세\n                    자격요건- UI/UX 디자인 경력 1년 이상 보유하신 분- Sketch/Zeplin 툴을 능숙하게 다루시는 분- 직관적인 UI 디자인 실력을 보유한 분- 원활하고 능동적인 커뮤니케이션 능력을 보유하신 분우대사항- HTML/CSS/JS 등 웹 기반 기술에 대한 이해가 높은 분- 정량적 데이터를 기반으로 고객의 문제를 구체적으로 파악하고 해결 방안을 제…\n            더 보기\n            자격요건- UI/UX 디자인 경력 1년 이상 보유하신 분- Sketch/Zeplin 툴을 능숙하게 다루시는 분- 직관적인 UI 디자인 실력을 보유한 분- 원활하고 능동적인 커뮤니케이션 능력을 보유하신 분우대사항- HTML/CSS/JS 등 웹 기반 기술에 대한 이해가 높은 분- 정량적 데이터를 기반으로 고객의 문제를 구체적으로 파악하고 해결 방안을 제안하는 능력- 정성적/정량적 데이터를 기반으로 고객의 문제를 구체적으로 파악하고 해결하는 능력- 상황에 맞는 Prototype 제작을 통해 팀 내에서 아이디어를 빠르게 구체화시키고 커뮤니케이션할 수 있는 능력 : Lo-fi / Hi-fi 프로토타이핑 툴 사용에 능숙 (Flinto, Framer, Protopie 등)- 유저들이 쉽게 이해하고 효과적으로 이용할 수 있는 UI 화면 구성 능력- 사용성을 위해 창의적이고 조형적 완성도가 있는 화면을 만들 수 있는 능력- Sketch를 통한 App / Web UI 디자인 능력- 데이터 수집/분석 툴이나 A/B 테스팅 툴을 통해 디자인을 평가하고 제품 개선한 경험- 개발 문서를 읽고 이해할 수 있는 능력[전형별 결과는 5일 이내에 안내 드립니다.]서류전형 → 1차 (실무진 면접) → 2차 (경영진 면접) → 처우협의 → 입사지원서류(이력서, 포트폴리오)는 PDF로 하나의 파일로 통합하여 업로드 해주시기 바랍니다.[필수] 포트폴리오에는 프로덕트의 문제를 발견한 과정과, 문제 해결을 위해 선택한 디자인에 대한 이유와 설명을 함께 작성 해주시기 바랍니다.• 근로관계: 정규직(수습 3개월)• 근무지: 서울시 강남구 테헤란로 427 B1 Wework Labs• 근무시간: 9:00 - 18:00 *협의하에 조정됩니다.• 점심맛집 투어• 인센티브 제공 (상반기/하반기)• 원격근무 인정제도• 도서 구입 지원• 수요미식회 (월 1회)• 협력 병원 의료비 할인• 명절, 연말 상품권 지급• 파트너사 구매할인• 4대보험 및 퇴직금 지급, 표준 근로계약서 기반의 연차휴가\n\n            \n              \n                  \n                \n            \n          \n            \n              \n                  \n                \n            \n          \n            \n              \n                  \n+2                \n            \n          \n            \n              \n                  \n                \n            \n          \n            \n              \n                  \n                \n            \n          "]}