{"url":"https://www.rocketpunch.com//jobs/65677/%EC%9D%B8%EA%B3%B5%EC%A7%80%EB%8A%A5DL-ML-%EA%B0%9C%EB%B0%9C%EC%9E%90","title":"인공지능(DL, ML) 개발자","origin":"주식회사 포스로직","start_date":"11/18 ","newbie":"신입경력","content":["\n        주요 업무\n                    포스로직의 인공지능 프레임워크인 Fourth Intelligence 개발에 참여.포스로직의 인공지능 머신비전 개발 플랫폼인 Fourth Eye 개발에 참여.개발 언어 C++사용 라이브러리 Qt, Boost, Caffe(한시적), Tensorflow(한시적)Fourth Intelligence란?기존 공개 인공지능(Caffe, Tensorflow등..)…\n            더 보기\n            포스로직의 인공지능 프레임워크인 Fourth Intelligence 개발에 참여.포스로직의 인공지능 머신비전 개발 플랫폼인 Fourth Eye 개발에 참여.개발 언어 C++사용 라이브러리 Qt, Boost, Caffe(한시적), Tensorflow(한시적)Fourth Intelligence란?기존 공개 인공지능(Caffe, Tensorflow등..) 프레임워크에 종속되지 않고, 자체적으로 인공지능의 핵심 계산모듈을 개발하여 기술 종속성을 없애고 기능 개발의 제약성을 없애기 위해 포스로직에서 자체적으로 개발하고 있는 인공지능 프레임워크.\n\n      ","\n        업무 관련 기술 / 활동 분야\n        \n          AI(인공지능)\n          딥러닝\n          딥러닝이미지분석\n          머신러닝\n          C\n          C++\n          Qt\n          Boost\n          기계학습\n          영상처리\n          image-recognition\n          computer-vision\n          image-processing\n          deep-learning\n          artificial-intelligence\n          Object Classification\n          인공지능\n          CNN\n          object-detection\n          강화학습\n          컴퓨터비전\n          자동화 프로그램 개발\n          reinforcement-learning\n          스마트팩토리\n          IT/인공지능\n        \n      ","\n        채용 상세\n                    주식회사 포스로직 (Fourth Logic Incorporated) 에서 인공지능 개발에 열정 넘치는 동료를 구합니다.개발되는 모든 아이템들의 완성도는 최상의 완성도를 목표로 하고 있으며, 글로벌 마켓을 타게팅 하고 있습니다.이곳에서 일 하게 될 당신은 고난이도의 핵심개발을 경험하게 될 것이고, 개발자게 있어 가장 중요한 \"경험\"과 \"개발 능력\" 그…\n            더 보기\n            주식회사 포스로직 (Fourth Logic Incorporated) 에서 인공지능 개발에 열정 넘치는 동료를 구합니다.개발되는 모든 아이템들의 완성도는 최상의 완성도를 목표로 하고 있으며, 글로벌 마켓을 타게팅 하고 있습니다.이곳에서 일 하게 될 당신은 고난이도의 핵심개발을 경험하게 될 것이고, 개발자게 있어 가장 중요한 \"경험\"과 \"개발 능력\" 그리고 논리적인 사고를 하는 습관이 반드시 향상 될 것이라고 생각합니다.담당업무- 인공지능 프레임워크 개발- 인공지능 머신비전 어플리케이션 개발- 영상처리 알고리즘 개발자격요건 (공통)- 대졸 이상 (졸업 예정자 가능)- C++ 사용 가능경력요건- 관련 업무 3년 이상 종사우대사항- 영어- 수학- 알고리즘 고안/ 최적화\n"]}