{"url":"https://www.rocketpunch.com//jobs/69732/%EA%B1%B4%EA%B0%95%EB%B9%84%EB%B0%80%EC%97%90%EC%84%9C-%EB%A7%88%EC%BC%80%ED%8C%85%EA%B8%B0%ED%9A%8D-%ED%8C%80%EC%9E%A5%EA%B8%89-%EC%9D%B8%EB%A0%A4%EC%9D%84-%EB%AA%A8%EC%8B%AD%EB%8B%88%EB%8B%A4","title":"건강비밀에서 마케팅/기획 팀장급 인려을 모십니다!","origin":"와이즈셀렉션","start_date":"02/18 ","newbie":"경력","content":["\n        주요 업무\n                    자가진단 기반 맞춤형 건강기능식품 추천 및 판매 플랫폼 - '건강비밀'(www.vimeal.co.kr) 에서 온라인 마케팅을 관리/운영할 경력직을 채용합니다. 현재 마케팅 내부 인력 및 외주사로 마케팅을 실행하고 있으며 조금 더 전문적이고 '건강비밀'에 맞춤화 된 마케팅 전략을 수립/ 실행을 위하여 마케팅 팀장급 인력을 모시려고 합니다.'건강비밀'은…\n            더 보기\n            자가진단 기반 맞춤형 건강기능식품 추천 및 판매 플랫폼 - '건강비밀'(www.vimeal.co.kr) 에서 온라인 마케팅을 관리/운영할 경력직을 채용합니다. 현재 마케팅 내부 인력 및 외주사로 마케팅을 실행하고 있으며 조금 더 전문적이고 '건강비밀'에 맞춤화 된 마케팅 전략을 수립/ 실행을 위하여 마케팅 팀장급 인력을 모시려고 합니다.'건강비밀'은 서울특별시에서 주관하는 서울창업허브 미래성장동력분야 최종 우수창업팀, 헬스케어 플랫폼 부문 소비자혁신대상 수상, 연세대학교 초기창업패키지 선발, 벤처기업인증 및 엔젤투자유치 완료 후 본격적인 사업전개를 위해 준비 중입니다. 저희 아이템과 함께 고속 성장을 꿈꾸시는 마케터분을 찾고 있습니다!스타트업의 성장은 좋은 구성원을 찾는 것에서 부터 시작된다고 생각합니다. 좋은 구성원을 위한 여러 복지혜택 및 야근근절 문화를 실현하고 있습니다. 여러분들의 커리어의 'wise selection'이 될 수 있는 스타트업이 되겠습니다! 급여는 전직장 이상 + 성과급 제공이며 C-level 채용도 언제나 열려있습니다.\n\n      ","\n        업무 관련 기술 / 활동 분야\n        \n          온라인마케팅\n          소셜마케팅\n          디지털마케팅\n          브랜드마케팅\n          바이럴마케팅\n          콘텐츠마케팅\n          Google Analytics\n        \n      ","\n        채용 상세\n                    1. 주요업무- 마케팅 전략 수립 및 실행/관리2. 자격요건- 마케팅 경력 4년 이상- 고객의 관점에서 생각하며 전략적 사고를 갖추신 분- 의사소통이 원활하고 공유와 피드백을 통한 성장을 원하시는 분3. 우대사항- 퍼포먼스 마케팅 경험자- 전자상거래/건강기능식품 관련 서비스 마케팅 경험자- 서비스 홈페이지 PM 경험자- 매출 또는 웹 유입, 리텐션과…\n            더 보기\n            1. 주요업무- 마케팅 전략 수립 및 실행/관리2. 자격요건- 마케팅 경력 4년 이상- 고객의 관점에서 생각하며 전략적 사고를 갖추신 분- 의사소통이 원활하고 공유와 피드백을 통한 성장을 원하시는 분3. 우대사항- 퍼포먼스 마케팅 경험자- 전자상거래/건강기능식품 관련 서비스 마케팅 경험자- 서비스 홈페이지 PM 경험자- 매출 또는 웹 유입, 리텐션과 연관 지어 마케팅 성과를 내보신 분- GA 등의 툴을 활용한 지표분석 및 전략 수립 운영 경험이 있으신 분- SEO, SEM와 관련한 경험 또는 지식이 있으신 분- ‘건강비밀’ 서비스를 알고 계신 분!4. 근무여건- 10:00시-19:00, 주 5일(주 1회 이상 원하는 시간대 근무 가능!)- 서울시 구로구 구로동 197-5 삼성 IT밸리2년 여간의 준비기간을 거쳐 정식 출시된 건강비밀 서비스와 함께할 마케터님을 모집합니다! 서비스 오픈 부터 성장까지 모든 경험과 성공의 열매를 독식하실 마케터님! 지금까지 습득한 모든 것을 뽐내실 수 있는 와이즈셀렉션에 초대합니다!\n"]}