{"url":"https://www.rocketpunch.com//jobs/68209/UIUX-%EB%94%94%EC%9E%90%EC%9D%B4%EB%84%88-%EC%A3%BC%EB%8B%88%EC%96%B4","title":"UI/UX 디자이너 (주니어)","origin":"(주)아이엠지베이스","start_date":"01/07 ","newbie":"신입경력","content":["\n        주요 업무\n                    담당업무- ImgPlay, intoLive앱, 신규 비디오 편집앱 UI/UX 디자인. - 신규 앱 또는 새로운 기능 디자인에 대한 프로토타입 제작- 앱 내에서 사용하는 각종 비주얼 요소 기획 및 제작- 신규 앱 개발과 관련한 리서치, Value 도출, 아이디어 가시화- 회사 브랜드 디자인\n\n      ","\n        업무 관련 기술 / 활동 분야\n        \n          UI/UX디자인\n          모바일디자인\n          UI디자인\n          그래픽디자인\n          GUI디자인\n          Sketch\n          UX디자인\n          마케팅디자인\n          콘텐츠디자인\n        \n      ","\n        채용 상세\n                    ImgBase는 ImgPlay, intoLive앱을 만들고 있는 스타트업입니다. ImgPlay와 intoLive는 매달 150만 명이 사용하고 있고 80% 이상이 해외 사용자입니다. 모바일에 특화된 짧은 비디오(움짤) 제작 프로그램을 개발하고 있습니다. ImgBase의 미션과 문화 자세히 보기 -\u003e https://www.notion.so/img…\n            더 보기\n            ImgBase는 ImgPlay, intoLive앱을 만들고 있는 스타트업입니다. ImgPlay와 intoLive는 매달 150만 명이 사용하고 있고 80% 이상이 해외 사용자입니다. 모바일에 특화된 짧은 비디오(움짤) 제작 프로그램을 개발하고 있습니다. ImgBase의 미션과 문화 자세히 보기 -\u003e https://www.notion.so/imgbase/ImgBase-iOS-06e161df6eed4b9dbbde13df6b6f620a자격요건- 디자인 3년 이상, 혹은 그에 준하는 디자인 실력- Photoshop, Sketch, illustrator 사용이 능숙하신 분- 화려한 디자인보다는 사용하기 쉬운 UX를 우선시하는 분- 2019년 제주도 근무, 2020년부터 판교 인근의 사무실에서 근무가 가능하신 분(2020년 초에 판교 인근에 사무실 이전 예정)우대사항- 3년 이상의 iOS 또는 안드로이드 앱 디자인 경력- 사진, 비디오 서비스에 관심이 많고 관련 기술의 이해도가 높으신 분- 일러스트레이터로 비주얼 요소 드로잉이 가능하신 분- 사진, 비디오 촬영을 즐겨하며, 비디오 편집 프로그램에 대한 이해도가 높은 분- iOS, Android 디자인 가이드에 대한 깊은 이해를 갖고 있는 분근무 조건- 정규직 (수습 4개월,  수습 기간 내 급여 동일)- 실력과 경력에 따른 스톡옵션혜택 및 복지- 자율출퇴근(8시~10시 출근, 5시~7시 퇴근), 주 2회 원격근무 가능- 휴가 연 20일 / 주 5일제 / 4대보험 지원- 점심식사 지원- 업무 관련 도서 구입비 지원, 건강검진비 지원 2년/1회- 현재 거주지가 제주도가 아닐 경우 제주도로 이사비용 지원- 업무에 필요한 최상급 장비 지원. (맥북 프로 고급형, 24~30인치 4K 모니터, 높낮이 전동 테스크, 인체공학 의자)지원절차- 서류 전형 (서류 검토 후 합격자에 한하여 과제가 요청될 수 있음)- 1차 면접 (제주 외 거주자는 화상채팅으로 면접 진행)- 2차 면접 (제주에서 진행, 제주외 거주자 항공권 지원)지원방법방법 1. 이메일로 지원 recruit@imgbase.me 로 이력서 및 자기소개서 제출 (형식 자유, 디자이너 직군 포트폴리오 필수)방법 2. 로켓펀치 채용 공고를 통한 지원\n\n            \n              \n                  \n                \n            \n          \n            \n              \n                  \n                \n            \n          \n            \n              \n                  \n+5                \n            \n          \n            \n              \n                  \n                \n            \n          \n            \n              \n                  \n                \n            \n          \n            \n              \n                  \n                \n            \n          \n            \n              \n                  \n                \n            \n          \n            \n              \n                  \n                \n            \n          "]}