{"url":"https://www.rocketpunch.com//jobs/68400/%ED%95%A8%EA%BB%98-%EC%84%B1%EC%9E%A5%ED%95%A0-Backend-%EA%B0%9C%EB%B0%9C%EC%9E%90%EB%A5%BC-%EB%AA%A8%EC%8B%AD%EB%8B%88%EB%8B%A4","title":"함께 성장할 Backend 개발자를 모십니다.","origin":"메크로스","start_date":"03/03 ","newbie":"경력","content":["\n        주요 업무\n                    : 서버(Back End) API 구현 및 유지보수: 앱, 모바일웹 사이트의 Admin 페이지 연계 : AWS를 통한 시스템 설계 / 연동: 서비스 인프라의 안정성, 확장성 개선\n\n      ","\n        업무 관련 기술 / 활동 분야\n        \n          Java\n          jQuery\n          Python\n          MySQL\n          Node.js\n          Amazon AWS\n          Back-end\n          풀스택개발\n          서버관리\n          JavaScript\n          Git\n          GitHub\n        \n      ","\n        채용 상세\n                    ※ 담당 업무 : 서버(Back End) API 구현 및 유지보수 : 앱, 모바일웹 사이트의 Admin 페이지 연계  : AWS를 통한 시스템 설계 / 연동 : 서비스 인프라의 안정성, 확장성 개선※ 자격요건 (필수) : 백엔드 개발 경력 최소 2년 이상 혹은 그에 준하는 실력을 갖춘 분 : 비즈니스 구조를  파악하고 데이터 모델과 API 디자인이 …\n            더 보기\n            ※ 담당 업무 : 서버(Back End) API 구현 및 유지보수 : 앱, 모바일웹 사이트의 Admin 페이지 연계  : AWS를 통한 시스템 설계 / 연동 : 서비스 인프라의 안정성, 확장성 개선※ 자격요건 (필수) : 백엔드 개발 경력 최소 2년 이상 혹은 그에 준하는 실력을 갖춘 분 : 비즈니스 구조를  파악하고 데이터 모델과 API 디자인이 가능하신 분 : 네트워크 프로그래밍, Java/Node.js를 통한 서버 개발 가능하신 분 : AWS 설계 및 시스템 구축을 경험하신 분 : Restful API/MySQL 데이터베이스/실시간 소켓통신 구현 가능하신 분※ 우대사항 (선호) : 컴퓨터 관련 전공자 : 대용량 트래픽 분산 시스템 구축 경험이 있으신 분 : NoSQL (MongoDB 등)/Linux/Unix 시스템에 능숙하신 분 : 하이브리드 웹/앱 개발 경험이 있으신 분 : Front-End 개발이 가능하거나 유기적인 협업이 가능하신 분 : 형상관리 툴(Git, GitHub) 사용 경험이 있으신 분 : AWS 등 클라우드 인프라 운영 경험이 있으신 분 : Redis/Docker/jQuery 사용 경험이 있으신 분※ 공통 우대사항 : 스타트업 근무 경험 : 실제 시장에 런칭한 서비스 개발 경험 : O2O 플랫폼에 대한 폭넓은 이해 : 타 팀과의 원활한 커뮤니케이션 스킬 : 실시간/대용량 처리 및 자동화에 대한 관심 : 비즈니스 영어회화 가능하신 분※ 근무시간 : 주 5일 : 오전 9시~10시 출근 오후 6시~7시 퇴근※ 근무지 : 서울시 영등포구 당산로 2길 12 에이스테크노타워 705호※ 근무환경 : 탄력출퇴근제 : 중식대 지원 : 자유로운 연차 : 도서구입비 지원 : 회식/야근 지양 : 문래역 1분 거리\n\n            \n              \n                  \n                \n            \n          \n            \n              \n                  \n                \n            \n          \n            \n              \n                  \n+4                \n            \n          \n            \n              \n                  \n                \n            \n          \n            \n              \n                  \n                \n            \n          \n            \n              \n                  \n                \n            \n          \n            \n              \n                  \n                \n            \n          "]}