{"url":"https://www.rocketpunch.com//jobs/60657/%EC%9C%84%EC%84%B1%EC%98%81%EC%83%81-%EC%86%8C%ED%94%84%ED%8A%B8%EC%9B%A8%EC%96%B4-%EA%B0%9C%EB%B0%9C%EC%9E%90","title":"위성영상 소프트웨어 개발자","origin":"컨텍","start_date":"01/07 ","newbie":"경력","content":["\n        주요 업무\n                    - C#(.NET) 기반 Windows Application 개발\n\n      ","\n        업무 관련 기술 / 활동 분야\n        \n          C++\n          C#\n        \n      ","\n        채용 상세\n                    담당업무- C#(.NET) 기반 Windows Application 개발자격요건- C++, C# 개발언어 능숙자- 시스템 인터페이스 개발 경험자우대사항- 영상처리 전공자- 위성영상 관련 업무 유경험자(Calibration 알고리즘 개발)- 시스템 설계, WPF, DB 유경험자- MATLAB 사용 가능자유관전공- 컴퓨터/시스템 공학- 영상처리 및 컴퓨…\n            더 보기\n            담당업무- C#(.NET) 기반 Windows Application 개발자격요건- C++, C# 개발언어 능숙자- 시스템 인터페이스 개발 경험자우대사항- 영상처리 전공자- 위성영상 관련 업무 유경험자(Calibration 알고리즘 개발)- 시스템 설계, WPF, DB 유경험자- MATLAB 사용 가능자유관전공- 컴퓨터/시스템 공학- 영상처리 및 컴퓨터비전- 우주/천문/공간정보 관련 학과\n"]}