{"url":"https://programmers.co.kr/job_positions/1595","title":"[유커넥] 프론트엔드 개발자 (React)","origin":"그럼에도","start_date":"","newbie":false,"content":["기술 스택\nReact Native ReactJS JavaScript","업무 소개\n▶ 모두 프론트엔드 업무에 해당\n\n- 메인서비스 유지보수 및 기능 추가 (React)\n- 메인서비스 확장 - 하나의 프로젝트 규모 (React, React Native)\n- 신규 서비스 개발 (Ex. SNS, E-Commerce)","자격 조건\n▶ Developer Wanted\n\n넘치는 의욕을 해소하고,\n주도적으로 개발하고,\n코딩하는 방법에 대해 깊게 고민하고 싶고,\n유지보수와 확장이 가능한 구조화를 논의하고 싶고,\n서비스에 큰 기여를 하고 싶고,\n나만의 만족을 넘어서서 사용자의 만족과 회사 구성원의 만족을 이끌어내고 싶은\n\n열정 있는 개발자느님, 당신을 찾고 있습니다.\n\n▶ 자격요건\n\n- 프론트엔드경력 2년 이상, React 프로젝트 경험\n- 유지보수가 쉽고 확장 가능한 코드 설계에 대한 끝없는 욕심\n- 나의 성장이 회사의 성장을 이끌고 윈윈할 수 있다는 믿음\n- “책임감”","우대 사항\n▶ 우대사항\n\n- HTML, CSS 등 W3C 웹 표준 규격에 대한 이해,\n- React Native/Redux/ES6 사용 경험\n- 긍정적이고 적극적인 커뮤니케이션 스킬\n- iOS, Android 프로젝트 경험\n- English reading\n- 풀스택 개발 경험\n- RDBMS, NoSQL 및 데이터베이스에 대한 이해 및 운영 경험"]}