{"url":"https://www.rocketpunch.com//jobs/68482/%EC%8B%A0%EC%9E%85-%EA%B2%BD%EB%A0%A5-%EC%84%9C%EB%B9%84%EC%8A%A4%EA%B0%9C%EB%B0%9C%ED%8C%80-%EB%B0%B1%EC%97%94%EB%93%9C-%EA%B0%9C%EB%B0%9C%EC%9E%90-%EB%AA%A8%EC%A7%91","title":"[신입, 경력] 서비스개발팀 백엔드 개발자 모집","origin":"(주)소프트웨어인라이프","start_date":"02/28 ","newbie":"신입경력","content":["\n        주요 업무\n        •  회사(업무) 의사결정에 필요한 핵심적인 워크플로우 기능 개발•  업무자동화 기능 개발 •  구글, 슬랙등 클라우드 서비스들과 연동\n      ","\n        업무 관련 기술 / 활동 분야\n        \n          Java\n          spring-framework\n          graphql\n          google-cloud-platform\n        \n      ","\n        채용 상세\n        업무 상세- Backend    - Java    - Spring Framework    - GraphQL    - Google Cloud Platform자격요건- Spring Boot 개발 경험이 있는 분- RESTful APL 개발 경험이 있는 분- Hibernate에 관심이 있는 분우대사항- 스타트업 근무 경험자- 클라우드 플랫폼 사용 경험 있으신 분 (GCP, AWS, Azure)- 많은 사람들이 사용하는 서비스를 개발해 보고 싶으신 분- R\u0026D를 좋아하시는 분- 즐겁게 개발하고 싶으신 분"]}