{"url":"https://www.rocketpunch.com//jobs/69869/%EA%B2%BD%EC%98%81%EC%A7%80%EC%9B%90-%EC%9E%90%EB%A3%8C%EC%A1%B0%EC%82%AC-%EA%B8%B0%ED%9A%8D%EB%B3%B4%EC%A1%B0-%EC%97%85%EB%AC%B4%EB%93%B1%EB%93%B1-%EB%8B%A4%EC%9E%AC%EB%8B%A4%EB%8A%A5%ED%95%9C-%EC%98%A4%ED%8D%BC%EB%A0%88%EC%9D%B4%ED%84%B0","title":"경영지원, 자료조사, 기획보조 업무등등 다재다능한 오퍼레이터","origin":"제이제이소프트","start_date":"02/20 ","newbie":"경력","content":["\n        주요 업무\n        1. 단순 경리 업무2. 자료 조사3. 서비스 기획 보조 (워드 작업, PPT 작업)4. 고객 응대5. SNS 마케팅 기획, 실행 및 관련 자료 생성\n      ","\n        업무 관련 기술 / 활동 분야\n        \n          고객관리\n          고객대응\n          서비스운영\n          고객상담\n          고객커뮤니케이션\n          cs\n          기획\n          서비스 기획\n          경리회계\n        \n      ","\n        채용 상세\n        담당업무- 가장 중요한 업무는 오퍼레이터 \u0026 기획의 업무입니다.  - 주로 사용자 피드백을 받아서 정리한 다음 개발팀에 전달하고- 고객의 주요 문의사항에 응대하게 될겁니다. - 그리고 SNS등을 (링크드인, 페이스북, 네이버 카페) 통해서 저희 서비스를 광고하는   인터넷 마케팅 역할도 수행합니다. - CTO \u0026 개발진들과 함께 아이디어를 발굴하고 토론한 결과를 잘 정리하여 기획자료의 기초로 사용합니다자격요건- 워드, PPT 능숙자- SNS 마케팅 유경험자- 자료조사, 시장조사 유경험자- 기획업무우대사항- 친구, 친척, 지인중에 변호사가 있는 사람- 기획 업무를 많이 해본 사람- SNS 마케팅을 많이 해본 사람- 오퍼레이터 경험이 많은 사람"]}