{"url":"https://www.rocketpunch.com//jobs/68314/%ED%81%B4%EB%9D%BC%EC%9D%B4%EC%96%B8%ED%8A%B8-%EA%B0%9C%EB%B0%9C%EC%9E%90-%EC%B1%84%EC%9A%A9%ED%95%A9%EB%8B%88%EB%8B%A4-%EA%B2%BD%EB%A0%A5","title":"클라이언트 개발자 채용합니다 (경력)","origin":"트리니들","start_date":"02/06 ","newbie":"경력","content":["\n        주요 업무\n                    트리니들은 삼성전자 C-L:ab 스핀오프 스타트업입니다.\"세상 모든 크리에이터와 시청자를 연결하는 서비스\"를 목표로 1인방송 AR도네이션 서비스 \"티스플레이\"를 만들고 있습니다. (www.tisplay.kr)현재 티스플레이 윈도우 클라이언트 초기 개발은 완료되어 있는 상태로 기존 구현내용을 바탕으로 규모를 키우고 있는 단계입니다. 빠르게 성장하는 서…\n            더 보기\n            트리니들은 삼성전자 C-L:ab 스핀오프 스타트업입니다.\"세상 모든 크리에이터와 시청자를 연결하는 서비스\"를 목표로 1인방송 AR도네이션 서비스 \"티스플레이\"를 만들고 있습니다. (www.tisplay.kr)현재 티스플레이 윈도우 클라이언트 초기 개발은 완료되어 있는 상태로 기존 구현내용을 바탕으로 규모를 키우고 있는 단계입니다. 빠르게 성장하는 서비스를 안정적으로 운영하고 고도화 시키는데 함께 할 뜨거운 인재를 모십니다.\n\n      ","\n        업무 관련 기술 / 활동 분야\n        \n          OpenCV\n          C++ / QT Creator\n          image-processing\n          computer-vision\n          영상처리\n        \n      ","\n        채용 상세\n                    담당업무- OpenCV, DirectDraw를 이용한 영상처리- Machine Learning(+feature matching, tracking, 3D Reconstruction)을 이용한 AR 개발- DNN 설계 및 개발- QT framework 기반의 platform 개발자격요건- 자료구조, 선형대수, 알고리즘 등 CS에 대한 이해- 2년 이상의…\n            더 보기\n            담당업무- OpenCV, DirectDraw를 이용한 영상처리- Machine Learning(+feature matching, tracking, 3D Reconstruction)을 이용한 AR 개발- DNN 설계 및 개발- QT framework 기반의 platform 개발자격요건- 자료구조, 선형대수, 알고리즘 등 CS에 대한 이해- 2년 이상의 윈도우 기반 C/C++ 프로그램 개발 경험- OpenCV를 이용한 Vision 관련 solution 개발 경험- Machine Learning을 이용하는 Vision Solution개발에 대한 이해- 2년 이상의 타 직군과 개발 협업 경험우대사항- QT framework 개발 경험- ML/DL을 이용하는 Vision 관련 solution 개발 경험- 레거시 시스탬 개선, 리팩토링 경험- 개인방송 관련 도메인 지식 및 경험\n\n            \n              \n                  \n                \n            \n          \n            \n              \n                  \n                \n            \n          \n            \n              \n                  \n+4                \n            \n          \n            \n              \n                  \n                \n            \n          \n            \n              \n                  \n                \n            \n          \n            \n              \n                  \n                \n            \n          \n            \n              \n                  \n                \n            \n          "]}