{"url":"https://www.rocketpunch.com//jobs/69891/Embedded-%EA%B0%9C%EB%B0%9C","title":"Embedded 개발","origin":"플라잉","start_date":"02/20 ","newbie":"인턴신입경력","content":["\n        주요 업무\n        환상적인 서비스, 최고의 팀 플레이를 추구하며 데이터에 집착하는 마이크로 모빌리티 테크회사입니다.[사업 내용]- 마이크로 모빌리티- 공유 경제- 사물인터넷(IoT)- 데이터 분석 및 예측[회사 문화]- 자율과 팀웍의 조화[인재상]- 강인한 멘탈과 긍정적인 마인드- 워라벨보다는 '일의 의미'와 '성장'을 추구\n      ","\n        업무 관련 기술 / 활동 분야\n        \n          C\n          C++\n          embedded\n          embedded-linux\n          Unix Linux system program\n          Python\n          firmware\n          C/C++\n          rtos\n          embedded-c\n          임베디드\n          펌웨어\n          펌웨어개발\n        \n      ","\n        채용 상세\n        담당업무- IoT 스마트 잠금장치 임베디드 어플리케이션 개발- 고정밀 GPS 컨트롤자격요건- 임베디드 리눅스 이해- C/C++우대사항- 리눅스 시스템 프로그래밍- 하드웨어 관련 지식- python"]}