{"url":"https://www.rocketpunch.com//jobs/68840/PHP%EC%9B%B9%EA%B0%9C%EB%B0%9C","title":"PHP/웹개발","origin":"시큐어플레어","start_date":"02/25 ","newbie":"신입경력","content":["\n        주요 업무\n                    각종 보안 장비/솔루션의 상태 정보를 사용자 정의에 따라 ICMP, SNMP, Netflow 등으로 수집하여 이벤트를 생성하고 가시, 가청적인 Alarm을 발생 시키며, 필요한 정보는 대시보드와 리포트로 제공하는 보안관제 통합 시스템을 개발합니다.주로 개발할 부분은 고객 상담 및 보안정책 신청에 대한 Task를 업무 프로세스에 따라 Ticket으로 …\n            더 보기\n            각종 보안 장비/솔루션의 상태 정보를 사용자 정의에 따라 ICMP, SNMP, Netflow 등으로 수집하여 이벤트를 생성하고 가시, 가청적인 Alarm을 발생 시키며, 필요한 정보는 대시보드와 리포트로 제공하는 보안관제 통합 시스템을 개발합니다.주로 개발할 부분은 고객 상담 및 보안정책 신청에 대한 Task를 업무 프로세스에 따라 Ticket으로 관리하는 시스템과 기타 운영 상에 필요한 Config 자동 백업 기능 등을 지속적으로 개발합니다.소프트웨어 엔진은 C로 개발되어 있으며 웹 백엔드는 PHP로 구현하고 있습니다. 이 번 채용 직무는 PHP 언어로 웹 개발을 주로 수행하게 됩니다.\n\n      ","\n        업무 관련 기술 / 활동 분야\n        \n          php7\n          CodeIgniter\n          Laravel\n          MariaDB\n          MySQL\n          JavaScript\n          Back-end\n          Git\n          Elasticsearch\n          Big Data\n          Apache\n          Kibana\n          logstash\n          open-source\n        \n      ","\n        채용 상세\n                    담당업무- 보안관제 통합 시스템 웹 개발- API 설계 및 개발- DB설계, 생성, 관리, 튜닝자격요건- 학력 무관- PHP 개발 경력 2년 이상. 단, 다른 언어로 개발 경력이 있는 경우에도 PHP 개발에   부담이 없으신 분- HTML, CSS, JavaScript library(혹은 프레임워크) 유경험자 - 단, 신입이어도 위와 같은 조건에 해…\n            더 보기\n            담당업무- 보안관제 통합 시스템 웹 개발- API 설계 및 개발- DB설계, 생성, 관리, 튜닝자격요건- 학력 무관- PHP 개발 경력 2년 이상. 단, 다른 언어로 개발 경력이 있는 경우에도 PHP 개발에   부담이 없으신 분- HTML, CSS, JavaScript library(혹은 프레임워크) 유경험자 - 단, 신입이어도 위와 같은 조건에 해당하는 능력이 있으신 분 환영- RDB 설계, 생성, 관리 가능하신 분- Linux 환경에서 개발 및 운영이 가능한 분우대사항- 개발 관련 기술 트랜드에 관심을 가지고 기술 도입에 부담이 없으신 분- 합리적인 사고와 원활한 커뮤니케이션이 가능하신 분- 대용량 데이터 처리를 위한 RDB 설계 및 튜닝 가능자- DevOps 환경을 이해하고 적용 경험이 있으신 분- 오픈소스 개발자로서의 활동 경험이 있으신 분은 매우 우대- 영어 기술 문서의 독해가 어느 정도 가능하신 분\n\n            \n              \n                  \n                \n            \n          \n            \n              \n                  \n                \n            \n          \n            \n              \n                  \n                \n            \n          "]}