{"url":"https://www.rocketpunch.com//jobs/69377/%EC%98%A8%EB%9D%BC%EC%9D%B8%ED%8E%B8%EC%9D%98%EC%A0%90-%EC%A3%BC%EB%82%98%EC%9A%B0%ED%94%BD-%EC%97%AD%EC%82%BC%EC%86%A1%ED%8C%8C%EC%84%BC%ED%84%B0-%EA%B4%80%EB%A6%AC-%EB%A7%A4%EB%8B%88%EC%A0%80-%EB%AA%A8%EC%A7%91","title":"[ 온라인편의점 (주)나우픽 ] 역삼/송파센터 관리 매니저 모집","origin":"나우픽","start_date":"02/11 ","newbie":"신입","content":["\n        주요 업무\n        센터관리- 시설관리- 아르바이트 관리- 재고 관리- 발주 관리- 진열 관리\n      ","\n        업무 관련 기술 / 활동 분야\n        \n          유통관리\n          물류관리\n          구매\n          재고관리\n          상품입출고\n        \n      ","\n        채용 상세\n        [근무조건]- 근무요일: 주5일- 근무시간: 12시 00분 ~ 22시 00분- 급여 : 협의 (면접 후 결정)- 근무형태 : 정규직(수습:3개월)※ 수습기간에도 급여는 정상지급됩니다.[자격요건]- 학력: 학력무관- 경력: 경력무관[우대조건]- 인근거주자- 장기근무 가능자- 군필자- 엑셀 가능자 [근무지]- 서울 강남구 역삼동 608-12 B1호- 송파구 송파동 29번지 B2호\n            \n              \n                  \n                \n            \n          \n            \n              \n                  \n                \n            \n          "]}