{"url":"https://www.rocketpunch.com//jobs/69958/%EC%97%90%EB%93%80%ED%85%8C%ED%81%AC-%EC%86%94%EB%A3%A8%EC%85%98-%EC%9B%B9%EB%AA%A8%EB%B0%94%EC%9D%BC-%EB%94%94%EC%9E%90%EC%9D%B4%EB%84%88","title":"에듀테크 솔루션 웹/모바일 디자이너","origin":"자이닉스","start_date":"11/26 ","newbie":"경력","content":["\n        주요 업무\n                    주요업무• MOOC , LMS 교육 플랫폼 웹 디자인 / 그래픽 디자인• 미래형 학습 솔루션(Blended learning, Flipped learning, MOOC 등) 관련 데이터 시각화(대시보드, 그래프, 아이콘)• 신규 서비스 웹, 모바일 앱 GUI 및 디자인 컴포넌트 작업 • 디자인 가이드 제작 및 퍼블리싱 • 브랜딩 구축을 위한 그래픽 디…\n            더 보기\n            주요업무• MOOC , LMS 교육 플랫폼 웹 디자인 / 그래픽 디자인• 미래형 학습 솔루션(Blended learning, Flipped learning, MOOC 등) 관련 데이터 시각화(대시보드, 그래프, 아이콘)• 신규 서비스 웹, 모바일 앱 GUI 및 디자인 컴포넌트 작업 • 디자인 가이드 제작 및 퍼블리싱 • 브랜딩 구축을 위한 그래픽 디자인 활동자격요건• Composition, Visual Hierarchy, Color, Typography 이해도가 있는 분• 3년 이상의 웹사이트 디자인 경력• 사용자 경험과 플랫폼 이해를 통한 UX/UX 디자인이 가능하신 분• 개발, 비지니스에 대한 이해와 각 분야의 관련자들과 협업할 수 있는 커뮤니케이션 능력• 제출 서류 : 포트폴리오(PDF)또는 링크 제출 (*반드시 본인의 기여도(%)를 기입해주세요.)\n\n      ","\n        업무 관련 기술 / 활동 분야\n        \n          UI/UX디자인\n          Adobe Photoshop\n          Adobe Illustrator\n          웹디자인\n          UI디자인\n          그래픽디자인\n          GUI디자인\n          zeplin\n        \n      ","\n        채용 상세\n                    자이닉스는 에듀테크 솔루션 전문 기업입니다. 혁신적 IT 기술과 아이디어를 교육에 접목함으로써 세상을 발전시키고 사람을 성장케 하는 다양한 솔루션을 개발하고 있습니다. 더불어 교육을 매개로 다양한 기관, 수많은 교육자들과 소통하며 이러한 솔루션이 이롭게 쓰일 수 있도록 연구하고 있습니다.에듀테크, 대학 이러닝, 기업 교육 등 에듀테크 분야에서 20여…\n            더 보기\n            자이닉스는 에듀테크 솔루션 전문 기업입니다. 혁신적 IT 기술과 아이디어를 교육에 접목함으로써 세상을 발전시키고 사람을 성장케 하는 다양한 솔루션을 개발하고 있습니다. 더불어 교육을 매개로 다양한 기관, 수많은 교육자들과 소통하며 이러한 솔루션이 이롭게 쓰일 수 있도록 연구하고 있습니다.에듀테크, 대학 이러닝, 기업 교육 등 에듀테크 분야에서 20여 년 간 달려온 자이닉스는 온라인 콘텐츠를 제작을 위한 다양한 저작용 소프트웨어와 지식 공유 플랫폼 솔루션을 개발하여 현재 국내 약 500여개 대학과 기업, 일본 내 약 200여개 대학과 기업에 공급하고 있습니다.강의 콘텐츠를 자동으로 디지털 라이브러리화하고 이를 다양한 자료와 함께 활용함으로써 여러 분야의 교육 활동에 적용할 수 있는 라이브러리 솔루션, 무형의 지식을 손쉽게 디지털화하여 유형의 자산으로 정립할 수 있는 콘텐츠 관리 솔루션을 운영하고 있습니다. 특히 일본 시장 진출을 발판으로 하여 글로벌 시장으로 비즈니스 활동을 활발히 확대해 나가고 있습니다.최근에는 이러닝 강의, 출결 관리는 물론 나아가 다양한 형태의 응용 학습, 강력한 커뮤니케이션, 통합적 학습 분석 등이 가능한 국제 표준 학습 관리 솔루션을 출시하여 뛰어난 평가를 받고 있습니다.▷ 관련 기사 : http://www.startuptoday.kr/news/articleView.html?idxno=11135채용 절차서류 심사 \u003e 과제 평가 \u003e 실무 면접 \u003e 최종 면접 \u003e 최종합격 및 처우 협의- 서류전형 합격자에게는 과제 전달 예정 (과제 평가에 응해 주시는 모든 분께 소정의 과제 fee를 드립니다.)지원 방법포트폴리오와 이력서를 제출해 주세요포트폴리오 양식- 가장 자신 있는 프로젝트를 우선적으로 구성, 기여도와 작업 내용을 서술(URL형식의 포트폴리오를 제출하신다면 PDF 파일로 주요 프로젝트 기여도와 작업내용 서술해서 첨부 부탁드립니다.)이력서 및 자기소개서- 자신의 특장점과 특징적이 경험과 생각 표현- 자이닉스에 지원한 동기와 해보고 싶은일- 주요 경력과 업무수행 성과, 주요 역할 상세 기술경력직에 준하는 연봉 협의우대사항• 웹 에이전시 유 경험자• 에듀테크 교육 플랫폼 UX,UI디자인 유 경험• BX,UX,UI디자인 및 서비스 운영등 다양한 영역으로 직무를 확장하고 싶은 분• 웹 퍼블리싱 가능자혜택 및 복지• 개발에 필요한 최고급 장비 지원• 스탠딩 데스크 지원• 각종 경조금 및 경조 휴가• 야근 강요/회식 강요 없음• 우수 사원 포상제도 운영• 자율 복장• 자기계발을 위한 도서 구입 지원• 원두 커피 머신/고급 더치 커피 무제한 제공• 사내 생일 파티 및 축하금 지급• 건강검진 및 예방 접종 지원• 역량 강화를 위한 교육, 세미나, 전시회등 적극 지원• 근로기준법에 준한 출산 휴가 및 육아휴직 지원• 시간선택제 전환 지원 • 잔여 연차에 대한 연차 수당 지급  • 연차, 직급과 무관한 성과지향적 연봉체계(개별 성과에 따른 매년 연봉 협의)• 유연하게 출/퇴근 시간 및 업무시간 조정 가능\n"]}