{"url":"https://www.rocketpunch.com//jobs/70135/%EB%B3%BC%EB%93%9C%ED%94%BC%EB%A6%AC%EC%96%B4%EB%93%9C%EC%97%90%EC%84%9C-UI-%EB%94%94%EC%9E%90%EC%9D%B4%EB%84%88%EB%A5%BC-%EB%AA%A8%EC%A7%91%ED%95%A9%EB%8B%88%EB%8B%A4","title":"볼드피리어드에서 UI 디자이너를 모집합니다.","origin":"(주)볼드피리어드","start_date":"02/26 ","newbie":"경력","content":["\n        주요 업무\n                    볼드피리어드는 미디어 컴퍼니이자, 건강한 브랜드와 기업을 돕는 크리에이티브 파트너입니다. 비즈니스와 라이프스타일의 전 영역을 대담하고 진지한 시각으로 관찰하고, 눈으로 보여지는 현상과 그 이면에 숨어 있는 좋은 가치를 재발견하여 보기 좋은 브랜드와 다양한 미디어로 변환하는 일을 합니다.볼드의 구성원들은 크리에이티브로 세상을 건강하게 바꾸기위해서하던대…\n            더 보기\n            볼드피리어드는 미디어 컴퍼니이자, 건강한 브랜드와 기업을 돕는 크리에이티브 파트너입니다. 비즈니스와 라이프스타일의 전 영역을 대담하고 진지한 시각으로 관찰하고, 눈으로 보여지는 현상과 그 이면에 숨어 있는 좋은 가치를 재발견하여 보기 좋은 브랜드와 다양한 미디어로 변환하는 일을 합니다.볼드의 구성원들은 크리에이티브로 세상을 건강하게 바꾸기위해서하던대로 하지 않고,부정적인 생각을 부정하며,서로가 건강하게 성장할 수 있는 곳을 만들어 갑니다._1. 채용분야- 서비스 UI 디자인2. 채용분야별 주요업무UI 디자이너: 웹/앱 서비스 관련 GUI 설계 및 디자인\n\n      ","\n        업무 관련 기술 / 활동 분야\n        \n          UI/UX디자인\n          서비스디자인\n          GUI디자인\n          모바일/웹디자인\n          그래픽디자인\n        \n      ","\n        채용 상세\n                    1. 업무상세UI 디자이너 (책임급: 5년차~7년차)- 웹/앱 디자인 및 GUI 전반- GUI guideline 제작[지원요건]- 관련 업무 5년 이상의 경력, 또는 Senior 디자이너에 준하는 능력을 갖춘 분- UI 이해도가 높고 창의적인 결과 도출을 위해 노력하는 분- 스케치 및 GUI 관련 툴 숙련자- 인터랙션 디자인 또는 그래픽 아트워크 가…\n            더 보기\n            1. 업무상세UI 디자이너 (책임급: 5년차~7년차)- 웹/앱 디자인 및 GUI 전반- GUI guideline 제작[지원요건]- 관련 업무 5년 이상의 경력, 또는 Senior 디자이너에 준하는 능력을 갖춘 분- UI 이해도가 높고 창의적인 결과 도출을 위해 노력하는 분- 스케치 및 GUI 관련 툴 숙련자- 인터랙션 디자인 또는 그래픽 아트워크 가능자 우대- 포트폴리오에 프로젝트별 기여도/상세 수행업무 기재 필수2. 자격요건 및 지원 참고사항- 포트폴리오 및 이력서, 자기소개서 이메일 제출(필수)- 이력서 내 희망연봉기재3. 근무지- 서울특별시 성동구 왕십리로 115 헤이그라운드 서울숲점 8층4. 우대사항- 연봉 및 근무조건 협의가능5. 복지/혜택1) 크리에이티브한 활동을 위한 지원- 디자인/콘텐츠 필드 리서치 지원(주중/주말)- 세미나/ 스터디 참가비 지원- 헤이그라운드 내 다양한 시설이용 및 이동업무 가능- 최신 업무장비 지원(맥북/모니터/아이맥 등 업무별 제공)- 업무효율을 위한 프로그램 요청 시 적극지원- 각종 콘텐츠 구독서비스 지원- 매년 ‘Bold Prize’ 시상을 통한 특별 베네핏 제공2) 긍정의 커뮤니케이션을 위한 지원- 고급커피 및 간식류 무상제공- 신규 입사자와의 환영식사비/생일자 회식 등 각종 회식비 지원- 사내외 이타적 삶을 위한 모임 및 활동 장려(별도 시간 제공)- 매년 ‘Bold Spirit’ 시상을 통한 특별 베네핏 제공3) 건강한 성장을 위한 지원- 10 to 6 근무시간 및 유연근무 적용- ‘Profit Sharing’ 을 통한 동반성장- 결혼/출산/장례 등 경조사비 지원- 볼드 출시제품의 기본 제공 및 별도구매 시 할인제공_____*기업관련 참고링크http://boldperiod.comhttps://boldjournal.comhttps://www.instagram.com/bold_period\n"]}