{"url":"https://www.rocketpunch.com//jobs/66177/%EB%8D%B0%EC%9D%BC%EB%A6%AC%ED%8E%80%EB%94%A9-Web-Full-stack-%EA%B0%9C%EB%B0%9C%EC%9E%90-%EB%AA%A8%EC%A7%91","title":"[데일리펀딩] Web Full-stack 개발자 모집","origin":"데일리펀딩","start_date":"03/03 ","newbie":"경력","content":["\n        주요 업무\n        자사 P2P 플랫폼 개발 및 운영\n      ","\n        업무 관련 기술 / 활동 분야\n        \n          P2P금융\n          웹개발자\n        \n      ","\n        채용 상세\n        담당업무- 자사 P2P 플랫폼 개발 및 운영자격요건- Full-Stack 개발 가능하신 분 (HTML, CSS, react, python, django, mysql)- Ubuntu 사용 경험이 있으신분- 웹 기반 서비스와 그 구조에 대한 기본적인 이해도가 있으신 분- 신규 기술에 관심이 많고, 업무에 맞춰 적용 가능하신 분우대사항- Cloud platform (AWS, NCP) 경험자- 다양한 Open Source Library 사용 경험자- 대규모 서비스로 인한 다양한 알고리즘 경험자- 코드 개선과 서비스 성능 향상에 관심이 많으신 분- 데이터베이스와 쿼리 성능 최적화에 익숙하신 분"]}