{"url":"https://www.rocketpunch.com//jobs/70346/%EA%B2%BD%EC%98%81%EC%A7%80%EC%9B%90-%EA%B8%B0%ED%9A%8D-%EB%A7%88%EC%BC%80%ED%84%B0","title":"경영지원 기획 마케터","origin":"위편한세상","start_date":"03/02 ","newbie":"경력","content":["\n        주요 업무\n        -유튜브마케팅기획-유튜브마케팅 사업기획서-블로그/까페/제조사회원관리-유튜브마케팅 정책수립및 운영관리 전반적인 사업운영\n      ","\n        업무 관련 기술 / 활동 분야\n        \n          바이럴마케팅\n          브랜드마케팅\n          블로그\n          인스타그램\n          콘텐츠마케팅\n          제휴마케팅\n          모바일광고\n          YouTube\n        \n      ","\n        채용 상세\n        2조원대의 유튜브마케팅플랫폼 사업의 운영 공동사업자를 찾습니다. 인플루언서 미디어 협업 플랫폼 “콜룸” 영상제작의 모든것 “콜룸”은 유튜브와 크리에이터,광고주가 서로 협업하여 유튜브마케팅플랫폼을 향상시키기 위한 “미디어마케팅 협업 플랫폼”입니다안녕하세요..제품을 만드는 것이 중요한 것이 아니라 어떻게 파느냐가 중요함을 뼈져리게 느끼게되어 대행사에 의뢰하였던 온라인마케팅을 이제는 대행사 거치지 않고 직접 진행하고자 유튜브마케팅 플랫폼을 기획하게 되었고 이를 저와 뜻을 같이하는 사업자(현재 약60개회원사/올해 300개 사업자 회원사 목표)들이 뭉쳐서 마케팅스터디모임을 진행하고 있으며 유튜브마케팅플랫폼을 만들어 공동으로 활용하고자 합니다.수익사업은 아래와 같습니다..1.유튜브마케팅 인플루언서 및 유튜버 광고수익2.영상제작수익3.MCN수익4.인플루언서를 통한 셀러판매 및 쇼핑몰수익현재 유튜브마케팅 국내시장은 약2조원대로 더욱 확대되고 있습니다.마케팅 황금시장에서 주인공이 되실 분들과 함께 논의하고 만들어가고 싶습니다.\n            \n              \n                  \n                \n            \n          "]}