{"url":"https://www.rocketpunch.com//jobs/64240/IOS-%EC%95%88%EB%93%9C%EB%A1%9C%EC%9D%B4%EB%93%9C-%EC%95%B1-%EA%B0%9C%EB%B0%9C%EC%9E%90","title":"IOS, 안드로이드 앱 개발자","origin":"인슈넷","start_date":"11/07 ","newbie":"인턴신입경력","content":["\n        주요 업무\n                    보험 정보를 제공하는 애플리케이션을 만듭니다.\n\n      ","\n        업무 관련 기술 / 활동 분야\n        \n          Android\n          Node.js\n          iOS\n        \n      ","\n        채용 상세\n                    담당업무- IOS 개발자는 스위프트(swift)로 IOS 앱을 개발합니다.- ANDROID 개발자는 코틀린(kotlin) 또는 java로 안드로이드 앱을 개발합니다.자격요건- 애플리케이션 관련 개발 경력우대사항- 새로운 기술에 호기심이 많고 적극적인 분- 화목한 분위기에서 소통하고 회사와 함께 발전하는 분\n            더 보기\n            담당업무- IOS 개발자는 스위프트(swift)로 IOS 앱을 개발합니다.- ANDROID 개발자는 코틀린(kotlin) 또는 java로 안드로이드 앱을 개발합니다.자격요건- 애플리케이션 관련 개발 경력우대사항- 새로운 기술에 호기심이 많고 적극적인 분- 화목한 분위기에서 소통하고 회사와 함께 발전하는 분\n"]}