{"url":"https://www.rocketpunch.com//jobs/68617/%ED%80%80%ED%8A%B8-%EB%A6%AC%EC%84%9C%EC%B2%98-%EB%8D%B0%EC%9D%B4%ED%84%B0-%EC%82%AC%EC%9D%B4%EC%96%B8%ED%8B%B0%EC%8A%A4%ED%8A%B8","title":"퀀트 리서처 / 데이터 사이언티스트","origin":"비브릭","start_date":"01/23 ","newbie":"인턴신입경력","content":["\n        주요 업무\n                    비브릭의 블루 파이낸셜 그룹은 비브릭 내에 있는 자산운용사로 외환 및 암호화폐를 이용한 다양한 알고리즘 트레이딩을 하고 있습니다. 이 알고리즘 트레이딩을 위한 금융 데이터 모델링, 리서치, 머신러닝 등 전반적인 연구 과정을 수행하실 분을 모집합니다.\n\n      ","\n        업무 관련 기술 / 활동 분야\n        \n          데이터분석\n          머신러닝\n          Data Modeling\n          데이터사이언스\n          MySQL\n        \n      ","\n        채용 상세\n                    담당업무- 시장 데이터를 이용하여 통계 모델 추출, 거래 알고리즘 개발- 현 거래 데이터를 이용하여 분석 및 분류- 백테스트 분석 및 리포트 작성- 머신러닝을 이용한 포트폴리오 최적화- 다양한 데이터 분석 수행자격요건- Javascript, Python 등 스크립팅 랭귀지에 대한 경험- Pandas, R 등 통계 패키지 경험- Linux 환경에서의 …\n            더 보기\n            담당업무- 시장 데이터를 이용하여 통계 모델 추출, 거래 알고리즘 개발- 현 거래 데이터를 이용하여 분석 및 분류- 백테스트 분석 및 리포트 작성- 머신러닝을 이용한 포트폴리오 최적화- 다양한 데이터 분석 수행자격요건- Javascript, Python 등 스크립팅 랭귀지에 대한 경험- Pandas, R 등 통계 패키지 경험- Linux 환경에서의 개발 경험- 통계 및 데이터 분석 경험우대사항- 금융 공학, 혹은 관련 전공- 석박사 소지자- 영어 능통자- 프로그래밍 능통자\n\n            \n              \n                  \n                \n            \n          \n            \n              \n                  \n                \n            \n          "]}