{"url":"https://www.rocketpunch.com//jobs/70342/%EC%99%B8%EA%B5%AD%EA%B3%84-Altiar-Korea-Application-Developer-Junior-%EC%82%AC%EC%9B%90-%EB%AA%A8%EC%A7%91","title":"[외국계] Altiar Korea Application Developer Junior 사원 모집","origin":"한국알테어","start_date":"03/02 ","newbie":"신입","content":["\n        주요 업무\n                    ECAD 소프트웨어 개발(기존 코드 기능 개선 및 신규 개발)\n\n      ","\n        업무 관련 기술 / 활동 분야\n        \n          C++\n          C#\n          MFC\n        \n      ","\n        채용 상세\n                    담당업무- ECAD 소프트웨어 개발- 기존 코드 기능 개선- 코드 신규 개발자격요건- C++ 프로그래밍 가능자- MFC 프로그래밍 가능자우대사항- 영어 가능자- 전자공학 / 컴퓨터공학 전공자- 운전가능자* 포트폴리오가 있는 경우 제출 바랍니다.* Polliwog라는 이름의 기업이었으며 2019년도에 Altair Korea에서 인수했습니다.\n            더 보기\n            담당업무- ECAD 소프트웨어 개발- 기존 코드 기능 개선- 코드 신규 개발자격요건- C++ 프로그래밍 가능자- MFC 프로그래밍 가능자우대사항- 영어 가능자- 전자공학 / 컴퓨터공학 전공자- 운전가능자* 포트폴리오가 있는 경우 제출 바랍니다.* Polliwog라는 이름의 기업이었으며 2019년도에 Altair Korea에서 인수했습니다.\n"]}