{"url":"https://www.rocketpunch.com//jobs/67061/%ED%94%84%EB%A1%9C%EB%8D%95%ED%8A%B8-%EA%B4%80%EB%A6%AC%EC%9E%90Product-Manager","title":"프로덕트 관리자(Product Manager)","origin":"텀블벅","start_date":"","newbie":"경력","content":["\n        주요 업무\n                    텀블벅은 현재 최고의 제품 · 플랫폼 경험을 구축하고 성장시키기 위한 프로덕트 관리자를 모집하고 있습니다! ?‍♀️텀블벅의 프로덕트 관리자는 프로덕트 디자이너, 엔지니어링 팀과 긴밀하게 협업하여 효과적인 프로덕트 전략을 수립하고, 올바른 우선순위를 정하고, 체계적인 제품 로드맵을 구축할 수 있도록 돕는 포지션입니다.이상적인 지원자는 웹 기반 프로덕트…\n            더 보기\n            텀블벅은 현재 최고의 제품 · 플랫폼 경험을 구축하고 성장시키기 위한 프로덕트 관리자를 모집하고 있습니다! ?‍♀️텀블벅의 프로덕트 관리자는 프로덕트 디자이너, 엔지니어링 팀과 긴밀하게 협업하여 효과적인 프로덕트 전략을 수립하고, 올바른 우선순위를 정하고, 체계적인 제품 로드맵을 구축할 수 있도록 돕는 포지션입니다.이상적인 지원자는 웹 기반 프로덕트 개발의 모든 수준(핵심 기능의 배포부터 완전히 새로운 아이디어의 구현, 기술 적용)에서 엔지니어, 디자이너 및 이해관계자들과 긴밀하게 협업한 경력을 갖춘 분입니다. 또한 브레인스토밍부터 리서치, 와이어프레이밍, 테스팅, 개발, 배포, 분석과 반복개선 모든 국면을 조율하기에, 제품 전략을 명확하고 실행 가능한 세부 계획으로 종합하는 방면에서는 높은 수준의 역량이 요구될 것입니다.텀블벅 팀은 창조적인 아이디어를 발굴하고 검토하며, 생명을 불어넣는 일에 헌신하고 있습니다. 저희는 보다 장기적인 관점에서 자생적이고 지속가능한 생태계를 만들어내기 위해 열심히 일하고 있습니다.창작자, 후원자에게 최선의 경험을 고민하며, 건강하고 지속가능한 시스템을 만들어나가는 일에 함께하실 분을 모십니다!\n\n      ","\n        업무 관련 기술 / 활동 분야\n        \n          기획\n          서비스 기획\n          플랫폼서비스기획\n          PM\n          프로젝트 매니저\n        \n      ","\n        채용 상세\n                    [주요업무]- 프로덕트 비전을 다듬고 안팎으로 소통하여, 팀이 목표 고객과 시장을 이해할 수 있도록 돕는 역할- 프로덕트 비전을 백로그와 로드맵으로 구체화하여 팀이 비전을 실행으로 옮길 수 있도록 돕는 역할- 가치가 높은 과제에 우선순위를 설정하여 팀이 투입 대비 산출이 높은 과제를 수행할 수 있도록 돕는 역할- 조직내 이해관계자와 긴밀히 협력하여 …\n            더 보기\n            [주요업무]- 프로덕트 비전을 다듬고 안팎으로 소통하여, 팀이 목표 고객과 시장을 이해할 수 있도록 돕는 역할- 프로덕트 비전을 백로그와 로드맵으로 구체화하여 팀이 비전을 실행으로 옮길 수 있도록 돕는 역할- 가치가 높은 과제에 우선순위를 설정하여 팀이 투입 대비 산출이 높은 과제를 수행할 수 있도록 돕는 역할- 조직내 이해관계자와 긴밀히 협력하여 회사의 장단기 목표를 이해하고 실행할 수 있도록 돕는 역할[자격요건]- 최소 3-4년 이상의 제품 기획 및 관리 경력이 있는 분- 데이터와 시장 조사를 바탕으로 가설을 설정하고 효율적인 실험을 설계해보신 분- 엔지니어, 디자이너, 마케터 등 다양한 직군과 소통하여 성공적인 제품을 릴리즈해보신 분- 스스로 제품 목표 및 전략을 설정하고, 논리적인 구두 및 문서 소통 역량을 바탕으로 협업을 진행해보신 분- 창조적인 시도를 돕는 텀블벅의 미션을 깊이 이해하고, 이에 관한 제품 기회를 탐색하고 있는 분- 제품에 사용되는 기술의 가능성과 리스크를 이해할 수 있는 분- 창작자 생태계에 대한 깊은 이해를 바탕으로, 제품에서 무엇을 다룰지, 다루지 않을지 판단할 수 있는 분[우대사항]- 애자일 · 스크럼 기반 환경에서 엔지니어, 디자이너와 협업한 경험이 있는 분- 제품 개발 파트의 크로스 매니지먼트, 멘토링 경험[채용 형태와 조건]- 경력 : 3개월 적합성 평가 기간 중 적합성 리뷰 및 최종 면담 후 합류 여부 확정- 급여 : 연봉제 3,800~7,500만원. 적합성 평가 기간 급여 모두 정규직과 동일[혜택 및 복지]- 팀 리드 승인 하에 원격 집중 근무(Remote) 가능- 월 최대 35만 원의 선택적 복리후생제도 (Flexible Benefits Plan)- 연 20만 원 건강검진비 추가 지원- 각종 경조 휴가 및 경조금 지원- 장기근속자 만 3년마다 유급 리프레시 휴가 및 휴가비 제공- 실제적인 육아휴직 제도 · 육아기 근로시간 단축 · 가족 돌봄 휴직 지원[상세 채용 프로세스]- 전형 안내: 서류전형 → 전화인터뷰 → 실무/경영진면접 → 처우 협의 → 입사- 전형 과정에서 레퍼런스 체크를 요청할 수 있습니다.- 지원 순으로 먼저 채용 프로세스를 진행하고, 적격자가 있는 경우 채용이 마감될 예정입니다.ㅤ※ 지원 의사가 있으시면 마감일에 관계 없이 지원해주세요.- 입사 지원 서류에서 허위 사실이 발견될 경우 채용이 취소될 수 있습니다.- 본 채용과 관련된 문의사항은 이메일(hiring@tumblbug.com)을 통해 연락주시기 바랍니다.[제출서류]1. [이력서 및 경력기술서] - 상기 자격요건과 우대사항에 관련된 사항을 반드시 기재해주세요.2. [자기소개서] - 아래 문항에 대해 각각 약 500자 내외로 간단하게 작성해주세요:ㅤ① 텀블벅에 지원한 동기 (왜 텀블벅인가요?)ㅤ② 지원자분께서 자신의 일에 대해 갖고 있는 비전 (커리어 목표)ㅤ③ 텀블벅의 개선과 성장을 위해 지원자분이 할 수 있는 일 (채용공고의 주요 업무 및 자격 요건을 충분히 읽고 작성해주세요)ㅤ※ 서류는 1개 PDF 파일로 합하여 제출 부탁드립니다.\n\n            \n              \n                  \n                \n            \n          \n            \n              \n                  \n                \n            \n          \n            \n              \n                  \n                \n            \n          "]}