{"url":"https://www.rocketpunch.com//jobs/69386/Front-End-%EA%B0%9C%EB%B0%9C%EC%9E%90","title":"Front End 개발자","origin":"웨이브릿지","start_date":"02/17 ","newbie":"경력","content":["\n        주요 업무\n                    Front End 개발\n\n      ","\n        업무 관련 기술 / 활동 분야\n        \n          Front-end\n          es6\n          Vue.js\n          React.js\n          angular\n          Design Pattern\n          framework\n        \n      ","\n        채용 상세\n                    담당업무- Front End 개발자자격요건- front 개발 경력 2년 이상- ES6 이상 가능하신 분- Vue.js, React.js, Angular 등 framework 개발 경험- design pattern 경험우대사항- electron 경험 우대\n\n            \n              \n                  \n                \n            \n          \n            \n              \n                  \n                \n            \n          \n            \n              \n                  \n+3                \n            \n          \n            \n              \n                  \n                \n            \n          \n            \n              \n                  \n                \n            \n          \n            \n              \n                  \n                \n            \n          "]}