{"url":"https://www.rocketpunch.com//jobs/68919/%EC%9E%AC%EB%AC%B4%ED%9A%8C%EA%B3%84","title":"재무/회계","origin":"엔코어벤처스","start_date":"02/03 ","newbie":"경력","content":["\n        주요 업무\n                    주요업무 및 역할- 회계 (결산, 회계 감사 등), 자금, 세무 업무 전반- 금융감독원, 여신협회 등 기관 보고\n\n      ","\n        업무 관련 기술 / 활동 분야\n        \n          재무\n          경영지원\n          회계\n          세무\n          사무\n          기장\n          결산\n          세무신고\n          자금관리\n          더존 i-cube\n        \n      ","\n        채용 상세\n                    경영기획본부에서 재무/회계 정규직 경력 사원을 채용합니다. 1. 모집분야 : 재무/회계 담당자 1명  2. 주요업무 및 역할- 회계 (결산, 회계 감사 등), 자금, 세무 업무 전반- 금융감독원, 여신협회 등 기관 보고 3. 지원자격- 학력: 상경계 학사 졸업- 스타트업/중소기업/금융회사 회계/자금 업무 경력 2년 내외 4. 우대사항- 재무/회계 자…\n            더 보기\n            경영기획본부에서 재무/회계 정규직 경력 사원을 채용합니다. 1. 모집분야 : 재무/회계 담당자 1명  2. 주요업무 및 역할- 회계 (결산, 회계 감사 등), 자금, 세무 업무 전반- 금융감독원, 여신협회 등 기관 보고 3. 지원자격- 학력: 상경계 학사 졸업- 스타트업/중소기업/금융회사 회계/자금 업무 경력 2년 내외 4. 우대사항- 재무/회계 자격증 보유자- IFRS 경험자- 어학 (영어) 우수자 5. 제출 서류- 한글 이력서 (이력서 내 현재 연봉 및 희망 연봉 기재), 자기소개서 (관련업무 경력 위주로 기술)* 개인신용정보보호법에 따른 개인정보는 수집하지 않으니 이력서 상에 주민등록번호를 기재하지 마시기 바랍니다. (생년월일은 기재)- 제출처: info@ncorevc.com 6. 전형 절차- 1차 서류 전형 → 2/3차 면접 (서류전형 합격자에 한하여 개별 통보) 7. 기타- 급여 및 대우: 협의- 근무지: 서울시 강남구 영동대로 517(삼성동) 아셈타워 30층- 근무시간: 09:30-18:30\n"]}