{"url":"https://www.rocketpunch.com//jobs/66978/%EB%AA%A8%EB%91%90%EC%9D%98%EC%A3%BC%EC%B0%A8%EC%9E%A5-%EC%84%9C%EB%B2%84-%EA%B0%9C%EB%B0%9C%EC%9E%90-Back-End-Developer","title":"모두의주차장 서버 개발자  (Back-End Developer)","origin":"모두컴퍼니","start_date":"02/26 ","newbie":"경력","content":["\n        주요 업무\n                    대한민국 1등 주차앱 \"모두의주차장\" 서비스의  서버 개발.아마존 클라우드서비스 (AWS) 상에서  모두의주차장 서비스를 위한  Back-end 개발을 합니다.\n\n      ","\n        업무 관련 기술 / 활동 분야\n        \n          Amazon AWS\n          AWS Lambda\n          AWS CodeDeploy\n          Amazon Kinesis\n          AWS CloudFormation\n          aws codepipeline\n          Amazon DynamoDB\n          aws api gateway\n          Node.js\n          PHP\n          golang\n          MySQL\n        \n      ","\n        채용 상세\n                    모두컴퍼니는  주차문제를 정보와 주차공유를 통해 해결하는  스타트업입니다.'모두의주차장'은 모바일을 기반으로 한 공유 서비스 플랫폼을 제공함으로써 운전자와 주차장 소유주 양쪽 모두에게 이익이 되는 가치를 제공하려 합니다.'모두의 주차장'은 한번에 파악하기 힘든 주차장 정보를 한눈에 보여드리는데요. 이 밖에도 유용한 주차장 정보를 이웃 운전자에게 알려…\n            더 보기\n            모두컴퍼니는  주차문제를 정보와 주차공유를 통해 해결하는  스타트업입니다.'모두의주차장'은 모바일을 기반으로 한 공유 서비스 플랫폼을 제공함으로써 운전자와 주차장 소유주 양쪽 모두에게 이익이 되는 가치를 제공하려 합니다.'모두의 주차장'은 한번에 파악하기 힘든 주차장 정보를 한눈에 보여드리는데요. 이 밖에도 유용한 주차장 정보를 이웃 운전자에게 알려주는 '주차공간 제보기능'과 '주차 공간 공유기능'등 다양한 서비스를 제공하고 있습니다.-모집분야: AWS 서버 개발자 / AWS Back-End Engineer* AWS (아마존클라우드서비스) 에서 Back-End 서비스 개발을 합니다.* Serverless (lambda) 서비스 개발 경력 * AWS상에서  전반적인 개발환경 및 운영환경 경력 ( APIgateway, ECS, Cloudformation, Cloudwatch, Codebuild, Codedeploy, CodePipeline, X-ray, MKS, S3, DynamoDB )* Node.js 및 php 개발 경력* MySQL DB 또는  DynamoDB, Mongo DB • 모바일 서비스에 대한 충분한 지식이 있으신 분• JavaScript 경력우대 * 정보통신기술자 중급 이상 우대* 회사의 성장과 함께, 본인의 성장을 추구하시는 분으로 책임감있으시고  결과물에 대한 자부심을 가지시는 분.- 지원방법hr@moduparking.com 으로 아래의 내용을 작성하여 보내주세요.   a) 이력서      경력과 관련된 사항은 상세할 수록 좋아합니다. 여러페이지가 되더라도 환영합니다.       b) 자기소개서- 근무환경 :1. 근무시간 (10시 ~ 19시)2. 맥북프로 + 대형 모니터 제공3. 출퇴근이 용이한 사무실 위치 (성수동 뚝섬역 인근으로 요즘 핫플레이스, 2개의 지하철 (2호선/분당선) )\n"]}