{"url":"https://www.rocketpunch.com//jobs/70065/%EB%B0%98%EB%A0%A4%EB%8F%99%EB%AC%BC-%EA%B4%80%EB%A0%A8-%EC%9C%A0%ED%8A%9C%EB%B8%8C-%EC%B1%84%EB%84%90%EC%9D%84-%ED%95%A8%EA%BB%98-%EB%A7%8C%EB%93%A4%EC%96%B4%EA%B0%80%EC%8B%A4-%ED%81%AC%EB%A6%AC%EC%97%90%EC%9D%B4%ED%84%B0%EB%A5%BC-%EB%AA%A8%EC%8B%AD%EB%8B%88%EB%8B%A4","title":"반려동물 관련 유튜브 채널을 함께 만들어가실 크리에이터를 모십니다","origin":"헬스앤메디슨","start_date":"02/25 ","newbie":"경력","content":["\n        주요 업무\n                    헬스앤메디슨에서 반려동물 관련 유튜브 채널을 함께 만들어가실 크리에이터를 모십니다!* 유튜브 콘텐츠 크리에이터- 유튜브 콘텐츠 기획, 제작, 관리, 배포 업무- 채널 1개 이상의 콘텐츠를 6개월 이상 지속 기획, 제작, 배포한 경험 필수- 자사의 반려동물 인플루언서를 중심으로 채널의 초기 빌딩부터 시작하여 상업화까지 지속적으로 함께하실 분\n            더 보기\n            헬스앤메디슨에서 반려동물 관련 유튜브 채널을 함께 만들어가실 크리에이터를 모십니다!* 유튜브 콘텐츠 크리에이터- 유튜브 콘텐츠 기획, 제작, 관리, 배포 업무- 채널 1개 이상의 콘텐츠를 6개월 이상 지속 기획, 제작, 배포한 경험 필수- 자사의 반려동물 인플루언서를 중심으로 채널의 초기 빌딩부터 시작하여 상업화까지 지속적으로 함께하실 분\n\n      ","\n        업무 관련 기술 / 활동 분야\n        \n          콘텐츠\n          콘텐츠제작\n          콘텐츠 기획\n          유튜브\n          유튜브 콘텐츠 개발\n          유튜브채널기획\n          영상기획\n          PD\n          영상프로듀서\n          영상제작\n          동영상편집\n          영상 편집\n          동영상 제작\n          프리미어\n          에프터이펙트\n          adebe Premiere\n          motion graphic\n          영상촬영\n          finalcut\n          영상편집\n          영상디자인\n           motiongraphic\n          contents creating\n          contents design\n          영상제작\n          사진촬영\n          촬영\n          파이널컷\n          동영상제작\n          영상연출\n          연출\n          Adobe After Effect\n          Adobe Photoshop\n          Adobe Illustrator\n          영상\n          기획, 연출\n          creative content\n        \n      ","\n        채용 상세\n                    여는말예비지원자님, 안녕하세요!건강한 반려동물 문화를 선도하는 기업 헬스앤메디슨에 관심을 가지고 지원을 고려해주셔서 진심으로 감사드립니다^^종류와 무관하게 헬스앤메디슨과 관련한 문의사항이 있으실 경우 채용담당자(jyjun@hnmcorp.kr)에게 문의주시면 최대한 신속하게 답변드리도록 하겠습니다!헬스앤메디슨은 지원자 모든 여러분의 지원 정보를 매우 …\n            더 보기\n            여는말예비지원자님, 안녕하세요!건강한 반려동물 문화를 선도하는 기업 헬스앤메디슨에 관심을 가지고 지원을 고려해주셔서 진심으로 감사드립니다^^종류와 무관하게 헬스앤메디슨과 관련한 문의사항이 있으실 경우 채용담당자(jyjun@hnmcorp.kr)에게 문의주시면 최대한 신속하게 답변드리도록 하겠습니다!헬스앤메디슨은 지원자 모든 여러분의 지원 정보를 매우 신중하게 검토합니다!꼼꼼한 채용 정보 확인과 지원 부탁드립니다 ^^모집 분야* 유튜브 콘텐츠 크리에이터 담당 업무- 유튜브 콘텐츠 기획, 제작, 관리, 배포 업무- 채널 1개 이상의 콘텐츠를 6개월 이상 지속 기획, 제작, 배포한 경험 필수 - 자사의 반려동물 인플루언서를 중심으로 채널의 초기 빌딩부터 시작하여 상업화까지 지속적으로 함께하실 분 (상업화/수익화 단계에서 대출혈 인센티브 지급)- 최초에는 총 2분을 모집하고 있으며 역할에 따라 친구 또는 지인과 함께 지원하셔도 괜찮습니다* 프리랜서 또는 투잡을 염두에 두고 지원하시는 분들은 정중하게 사양합니다필수 자격요건 (성별, 연령, 학력, 경력 무관)0. 미디어와 콘텐츠 트렌드에 대한 미쳐버릴것 같은 센스 및 실력1. 반려동물에 대한 애정을 가진 자 (본인이 반려동물과 함께하고 있지 않아도 괜찮습니다)2. 높은 수준의 EQ / IQ3. 높은 수준의 정보 습득 / 분류 / 분석 / 정리 능력4. 평균 이상의 문서 작성 / 검수 / 보완 능력5. 높은 수준의 커뮤니케이션 능력6. 새로운 경험과 개념에 대한 열린 자세와 학습 의욕7. 성실함, 근면함, 책임감, 비범함8. 최소 1년 6개월 이상 근속 가능하고, 해외 출장에 결격사유가 없는 자우대사항 (해당 사항 있으시면 반드시 서술하세요!)1. 유튜버, 파워블로거 또는 인스타그램 10인싸 등 인플루언서2. 영문 자료를 이해할 수 있는 기본적인 영어 실력 (글로벌 시대! 세상 정보의 70% 영어죠)3. 광동어 or 북경어 or 일본어 실력 (영어만 언어냐!? 아시아 시장 공략, 함께 합시다!)4. 반려동물 산책과 돌봄, 의료, 용품에 대한 깊이 있는 이해 (반려동물 회사에서는 반려동물 전문성이 최고!)5. 최근 1년 이내 검사 결과 IQ 140이상 (머리가 좋으면 뭐든 할 수 있다!)6. 기타 본인이 어필하고 싶은 우수함 (본인의 강점은 본인이 가장 잘 알죠!!)지원방법\u003e 자유 양식의 이력서와 자기소개서 + 본인이 헬스앤메디슨과 잘 맞는 이유를 400자 이상 서술하여 제출(각 플랫폼 온라인 지원 또는 jyjun@hnmcorp.kr로 이메일 지원)\u003e 기타 본인의 우수성을 보여주는 자료 (지원자 희망에 따라 종류 무관 제출)주의사항* 각 채용 플랫폼(사람인, 잡코리아, 인크루트, 미디어잡 등)의 기본 이력서를 활용하실 경우 반드시 모든 요구정보가 포함되어있는지 반드시 다시한번 검토 부탁드립니다!!* 포트폴리오 및 이력서를 제출하시는 경우 반드시 본인이 직접 작업하신 내용의 범위를 명확하게 명시해주시길 부탁드립니다!!채용방법 및 절차\u003e 상시 서류 검토 후 임원 포함 1차 인터뷰 (1차 인터뷰의 형태는 최대 1시간가량의 편안한 QnA로 이루어집니다.)\u003e 대표이사 포함 2차 인터뷰 (1차 인터뷰에서부터 ‘느낌이 팍 왔다!!’ 하면 2차 인터뷰를 생략할 가능성도 있습니다!)* 본 모집은 모집요강에 안내된 동일한 요건으로 자사 공동사업 파트너사 소속으로 함께하시게 됩니다. 행정적인 이유로 인한 조치이며, 업무적인 부분에서의 차이점은 없습니다.근무환경\u003e 사내 고사양 편집용 PC 비치\u003e 서울시 강남구 역삼동 소재 사무실에서 업무 진행 (강남의 한복판! 그 힙한 감각을 직접 경험하세요!)\u003e 매 끼 최대 10,000원 한도에서 식사 지원 (강남 밥값이 비싼만큼, FLEX하게 먹어보자구!)\u003e 전 직원 정규직 (4대 보험은 기본이죠!)\u003e 본인의 반려동물에 한하여 대한민국을 선도하는 반려동물 의료 서비스 대출혈 할인 제공!\u003e 사내 멀티미디어실 보유 (1천만원 상당의 하이파이 시스템과 65인치 4K HDR 디스플레이 등 초호화 시스템! MQA 음질의 음악감상과 4K 소스급 영화감상의 세계로 가즈아~!!)맺는말초기 유튜브 특성상 당연히 절대 업무가 적거나 쉽지는 않습니다.하지만! 반려동물 관련 콘텐츠를 제작하며 함께 성장하실 둥지를 찾으신다면,이번 기회가 최고의 선택이라고 자신 있게 말씀드릴 수 있습니다.예비지원자님의 관심이 저희에게 큰 힘이 됩니다.저희는 이 글을 읽고 있는 바로 당신의 손을 잡고,열정과 도전정신을 가지고 함께 도약하길 원합니다.\n"]}