{"url":"https://www.rocketpunch.com//jobs/63591/%EC%9C%A0%ED%95%99-%EA%B5%90%EC%9C%A1%ED%9A%8C%EC%82%AC-%EC%B1%84%EC%9A%A9-%ED%95%99%EC%83%9D%ED%95%99%EB%B6%80%EB%AA%A8-%ED%83%80%EC%BC%93-%EB%A7%88%EC%BC%80%ED%84%B0","title":"유학 교육회사 채용 - 학생/학부모 타켓 마케터","origin":"그루미","start_date":"02/17 ","newbie":"경력","content":["\n        주요 업무\n                    유학 교육회사로서 학생, 학부모님, 선생님께서 이용가능한 웹 (추후 모바일) 어플리케이션을 제공합니다. 제공중인 서비스는 1. 과외 매칭, 2. 인강/출판, 3. 교육 컨텐츠, 4. 컨설팅, 5. 학원이 있습니다. 유학업계에서 과외 서비스로 가장 잘 알려져있는 그루미의 이쁘고 효율적으로 포장된 양질의 기타 서비스를 많은 고객들에게 알려주실 인재분을 …\n            더 보기\n            유학 교육회사로서 학생, 학부모님, 선생님께서 이용가능한 웹 (추후 모바일) 어플리케이션을 제공합니다. 제공중인 서비스는 1. 과외 매칭, 2. 인강/출판, 3. 교육 컨텐츠, 4. 컨설팅, 5. 학원이 있습니다. 유학업계에서 과외 서비스로 가장 잘 알려져있는 그루미의 이쁘고 효율적으로 포장된 양질의 기타 서비스를 많은 고객들에게 알려주실 인재분을 만나고 싶습니다.*현재 학생:선생님 비율상 학생/학부모님 고객대상으로 마케팅 집중 예정주요 업무*상세내용 https://bit.ly/2ocu2Gu 1. 홍보할 서비스를 완벽히 이해하고 맞춤형 효과적인 마케팅 전략/아이템 기획 및 실행2. 타겟 유저가 있는 마케팅 채널 구축 및 최적화3. 데이터 분석 기반 마케팅 효율 개선\n\n      ","\n        업무 관련 기술 / 활동 분야\n        \n          콘텐츠마케팅\n          브랜드마케팅\n          구글 애널리틱스\n          구글 애드워즈\n          구글광고\n          네이버광고\n          네이버 검색광고\n          오프라인마케팅\n        \n      ","\n        채용 상세\n                    그루미 팀원 합류에 가치있는 이유 중 하나는 커가는 회사에서 많은 걸 배울 수 있다는 점입니다. https://www.thebalancecareers.com/the-pros-and-cons-of-working-at-a-startup-company-3859588 에 소개되어 있는 장점과 단점은 최소화 된 환경에서 일할 수 있습니다. 자사의 기업문화 및…\n            더 보기\n            그루미 팀원 합류에 가치있는 이유 중 하나는 커가는 회사에서 많은 걸 배울 수 있다는 점입니다. https://www.thebalancecareers.com/the-pros-and-cons-of-working-at-a-startup-company-3859588 에 소개되어 있는 장점과 단점은 최소화 된 환경에서 일할 수 있습니다. 자사의 기업문화 및 사무실 환경 소개영상 및 웹페이지 참고 부탁드리겠습니다: www.gurume.kr/about_gurume/career자격 요건- 교육회사 마케팅 경력- 유학업계 경력- 유학생 출신전형절차1. 개인 담당 역할이 명시된 레슈메/포트폴리오 제출 (영문레쥬메가 있으실 경우 첨부)2. 그루미와 지원자분이 서로 알아갈 수 있는 시간- 그루미 사무실 및 업무환경 소개- 마케팅 관련 토론 및 질의응답- 관련 담당업무 시범- 그루미 동료들과의 간단한 인사 및 업무 스타일 이야기- 근무 조건 상의*담당업무 시범은 ~45분이 될 것이며 그루미 장비 (Mac Pro) 혹은 구비하신 개인장비로 진행되겠습니다.3. 팀 합류 여부 통지\n\n            \n              \n                  \n                  \n                \n            \n          \n            \n              \n                  \n                \n            \n          \n            \n              \n                  \n                \n            \n          "]}