{"url":"https://www.rocketpunch.com//jobs/68948/%ED%94%84%EB%9E%8D-%ED%8A%B8%EB%A0%88%EC%9D%B4%EB%8D%94","title":"프랍 트레이더","origin":"오닉스 캐피털","start_date":"02/11 ","newbie":"신입경력","content":["\n        주요 업무\n                    본 인터뷰에 통과한 지원자는  암호화폐 상품을 거래 하는데  유동적이고  도전의식을 불러 이르킬 수 있는  환경에서 거래할수 있는 기회를 가지게 될것입니다. 저희 회사는  트레이더들이 당사의  유니크한  코어 기술을 이용 하여  꾸준한 수익을 낼수 있는 전략을 만들어 내기를 기대하며  이를 위한 노하우를 공유함으로써  트레이더들이 수익을 낼수 있게끔…\n            더 보기\n            본 인터뷰에 통과한 지원자는  암호화폐 상품을 거래 하는데  유동적이고  도전의식을 불러 이르킬 수 있는  환경에서 거래할수 있는 기회를 가지게 될것입니다. 저희 회사는  트레이더들이 당사의  유니크한  코어 기술을 이용 하여  꾸준한 수익을 낼수 있는 전략을 만들어 내기를 기대하며  이를 위한 노하우를 공유함으로써  트레이더들이 수익을 낼수 있게끔 지원해 줍니다. 후보자들은 시니어 트레이더들에게 멘토링을 받을 것이며,  시간의 지남에 따라서  그들 본인이 운용할수 있는 계정을  관리 하게 될것입니다.\n\n      ","\n        업무 관련 기술 / 활동 분야\n        \n          주식운용\n          트레이딩\n          암호화화폐\n          가상화폐\n          비트코인\n          bitcoin\n          암호화폐\n          퀀트 트레이딩\n          알고리즘 트레이딩\n          시스템트레이딩\n        \n      ","\n        채용 상세\n                    기업소개암호화폐 상품 거래에 있어서 진취적이며, 높은 성과를 낼 수 가능성이 있는 개인들에게 당사의 암호화폐 트레이딩 데스크에서 근무 할 수 있는 기회를 드립니다.오닉스 캐피털은  로우 레이턴시 커넥티비티  (고빈도 매매에 사용 되는 지연속도 최소화 )기술 기반의 금융 회사 입니다.   저희 파운딩 멤버는 15년 이상의 기간동안 전통 금융 시장에서 …\n            더 보기\n            기업소개암호화폐 상품 거래에 있어서 진취적이며, 높은 성과를 낼 수 가능성이 있는 개인들에게 당사의 암호화폐 트레이딩 데스크에서 근무 할 수 있는 기회를 드립니다.오닉스 캐피털은  로우 레이턴시 커넥티비티  (고빈도 매매에 사용 되는 지연속도 최소화 )기술 기반의 금융 회사 입니다.   저희 파운딩 멤버는 15년 이상의 기간동안 전통 금융 시장에서 다양한 자산군들을 트레이딩 해왔으며, 최근 암호화폐라는 새로운 자산군을 상대로 새롭게  프랍 트레이딩 데스크의  영역을 넓히고 있으며 전세계적으로 90명 이상의 프랍 트레이더와 함께 하고 있습니다.    저희는 자사의 프랍 트레이더들에게 세계적인 메이저 거래소등을 상대로 로우 레이턴시 커넥티비티를 지원하며, 저희 회사가 보유한 유니크한 핵심 기반 기술과 데이터 분석을 통한 유리한 전략 실행 능력을 가지고 있습니다.이를 토대로 자사의 트레이더들은 오닉스 캐피털의 진보된 트레이딩 플랫폼을 통해 트레이딩 할 수 있으며 이를 통해 빠른 속도로 혁신적이며 경쟁력 있는 회사가 될 수 있었습니다. 담당업무- 암호화폐 프랍 트레이딩근무요일/시간- 탄력 근무제 (출퇴근 시간이 자유롭습니다) 급여- 회사 내규에 따르며 , 동종업계 기준 매우 높은 비율의 성과급자격요건- 학력 : 무관- 성별 : 무관- 연령 : 무관당사는 프랍 트레이더에 적합한 인재를 발굴하기 위해, 기본 자격 요건을 낮췄으며, 프랍 트레이딩에 적합하다고 생각되는 인재는 당사의 프로그램을 통해 보다 성공적인 트레이더로써 성장할 가능성을 열어 드립니다.우대사항- 경영  / 경제 /  수학, 공학 /   컴퓨터 공학 ,  혹은 연관된   관련 학사 / 석사 학위,  - 프로그래밍 , 혹은 퀀트에 대한 이해 및 역량을 가지고 있으면 우선 채용 ,   - 스스로 동기부여 가능하며, 압박감을 가지고 있는 상황에서 일할수  있는 역량 ,  빠른 결단력 - 확실한 트렉 레코드 (거래 내역 )를 가지고 있는 경험있는 트레이더의 경우 , 원격 근무가 가능합니다. 전형절차 안내- 1. 서류전형 홈페이지를 통한 입사 지원 이후, 인지 적성 능력 검사- 2. 온라인 평가  - 3. 면접온라인 평가 중 그리고 이후 총 2회 면접을 보게 됩니다. - 4. 최종합격 최종 합격한 지원자는 당사의 트레이더 프로그램을 시작하게 됩니다. 지원 과정 및, 입사후 발생하는 모든 손실은 당사가 책임집니다. 제출서류 - 홈페이지 입사 지원 확인 접수 방법-홈페이지 지원 (https://www.onixcapital.io/careers-kr.html)\n"]}