{"url":"https://www.rocketpunch.com//jobs/68407/%ED%8C%9C%EC%97%90%EC%96%B4%EC%99%80-%ED%95%A8%EA%BB%98-%ED%95%A0-%ED%94%84%EB%A1%A0%ED%8A%B8-%EA%B0%9C%EB%B0%9C%EC%9E%90-ReactJS%EB%A5%BC-%EB%AA%A8%EC%A7%91%ED%95%A9%EB%8B%88%EB%8B%A4","title":"팜에어와 함께 할 프론트 개발자 (ReactJS)를 모집합니다.","origin":"팜에어","start_date":"02/07 ","newbie":"신입경력","content":["\n        주요 업무\n                    terran.kr의 프론트 개발을 담당 해 주실 분을 찾습니다. 백엔드는 Laravel로 구성 되어 있고(API) 프론트는 ReactJS를 이용한 Single Page Aplication으로 구성 되어 있습니다. git으로 관리를 하며 AWS EC2, S3, RDS(mysql), ElasticCache(Redis), Lambda등으로 인프라가 구성되…\n            더 보기\n            terran.kr의 프론트 개발을 담당 해 주실 분을 찾습니다. 백엔드는 Laravel로 구성 되어 있고(API) 프론트는 ReactJS를 이용한 Single Page Aplication으로 구성 되어 있습니다. git으로 관리를 하며 AWS EC2, S3, RDS(mysql), ElasticCache(Redis), Lambda등으로 인프라가 구성되어 있습니다.  해당 프로젝트는 현재 진행중이며 마무리 작업과 관리자 페이지 등을 우선 적으로 제작 하게 될 예정입니다. 이후는 신규 프로젝트를 진행 하게 될 예정 입니다.\n\n      ","\n        업무 관련 기술 / 활동 분야\n        \n          React.js\n        \n      ","\n        채용 상세\n                    담당업무- 프론트 개발 유지보수 - UI/UX- Publishing자격요건- ReactJS---우대사항- 지원자 누구나 우대함. - -\n\n            \n              \n                  \n                \n            \n          \n            \n              \n                  \n                \n            \n          \n            \n              \n                  \n                \n            \n          "]}