{"url":"https://www.rocketpunch.com//jobs/68875/%ED%81%AC%EB%A1%9C%EC%8A%A4-%ED%94%8C%EB%9E%AB%ED%8F%BC-%EC%95%B1-%EA%B0%9C%EB%B0%9C%EC%9E%90-%EA%B2%BD%EB%A0%A5","title":"크로스 플랫폼 앱 개발자 (경력)","origin":"스몰티켓","start_date":"02/28 ","newbie":"경력","content":["\n        주요 업무\n                    - 앱 개발 (Flutter)- 초기 기획단계부터 실 서비스 기반 백엔드 MSA 구성에 참여가능 (커리어확장)- iOS, Android 퍼블리싱\n\n      ","\n        업무 관련 기술 / 활동 분야\n        \n          Flutter\n          Cross platform App Developement\n          iOS\n          Android\n          RESTful-api\n        \n      ","\n        채용 상세\n                    [채용 개요]지금까지의 스몰티켓은 우리만의 서비스 모델을 만드는데 집중하여,금융위에서 지정한 지정대리인 제도와 샌드박스 제도에 최초로 선정되었고최근 배달의 민족과 함께 실시간 시간제 보험 런칭 등의 성과를 이루었습니다.앞으로의 스몰티켓은 웹+앱 환경에서사용자들에게 더욱 친숙하고 편리한 서비스로 발돋움을 하려고 합니다.앱과 웹을 하나로 묶는 백엔드 M…\n            더 보기\n            [채용 개요]지금까지의 스몰티켓은 우리만의 서비스 모델을 만드는데 집중하여,금융위에서 지정한 지정대리인 제도와 샌드박스 제도에 최초로 선정되었고최근 배달의 민족과 함께 실시간 시간제 보험 런칭 등의 성과를 이루었습니다.앞으로의 스몰티켓은 웹+앱 환경에서사용자들에게 더욱 친숙하고 편리한 서비스로 발돋움을 하려고 합니다.앱과 웹을 하나로 묶는 백엔드 MSA 를 구축하고, X-플랫폼 앱개발을 함께 해주실 앱 전문가를 모십니다.[주요업무]- 앱 개발 및 퍼블리싱 (Flutter)[자격요건]- 나이/성별/학력/전공 무관- Flutter 개발 경력- 프론트엔드 앱 개발 경력 [우대조건]- Flutter를 경력이 없어도 유사 플랫폼 경력이 있으신분 (단, 빠른 습득력 필요)- 오픈소스 프로젝트 기여 경험이 있으신 분- 서버 보안에 대한 이해도가 높으신 분- 애자일 코워킹 또는 해커톤 등 개발자 대회 또는 행사에 참여 경험이 있으신 분- 스타트업, 애자일(Scrum) 환경을 경험하셨거나 이해도가 높으신 분- 새로운 개발 환경에 거부감이 없고, 문제를 집요하게 파고들어 해결해야 직성이 풀리는 분- 지식을 공유하는 것에 희열을 느끼는 분- 전문분야 범위를 넓히고 싶으신 분[채용 절차]서류 접수 \u003e 1차 전화면접 \u003e 2차 면접 \u003e 임원 면접 \u003e 채용[연락처]- 이메일 : smchung@smallticket.com (지원 메일 보내주실 때는, [Front-end 개발자 구직] prefix 를 붙여주세요)\n"]}