{"url":"https://programmers.co.kr/job_positions/506","title":"백엔드 개발자","origin":"식스샵","start_date":"","newbie":false,"content":["기술 스택\nAmazon Web Services(AWS) Spring Java MySQL","업무 소개\n\n뛰어난 품질의 전자상거래 관리/통계 도구 개발\n빠르게 성장하는 서비스를 안정적으로 운영하기 위한 백엔드 환경 및 AWS 인프라 고도화\n\n주요 개발 환경 및 사용 서비스\n- AWS\n- AWS CodeBuild \u0026 Travis CI\n- Spring\n- Java\n- JRebel\n- AWS Aurora\n- Github\n- IntelliJ\n- DataGrip\n- Jira\n\n흥미를 느끼실만한 부분\n- 대용량 트래픽 처리: CloudFront(CDN) 기준 92TB/월, TPS(캐싱을 제외한 리퀘스트만) 16.9k/min(별일 없을 때 기준)\n- 높은 AWS 활용도: AWS 위에 전자상거래 호스팅 서비스를 올려서 하고 있다 보니, AWS와 혼연일체가 되어 있습니다. AWS의 온갖 서비스 인프라들을 활용하여 개발하게 됩니다.\n\n개발 문화\n- 애자일 방법론의 Sprint, Scrum을 적용하여 운영하고 있습니다.\n- 본인의 업무에 장시간 동안 집중할 수 있도록 회의는 2~3주에 한 번씩 하는 스프린트 회의 때 몰아서 합니다.\n- 코드 리뷰를 통한 품질 개선 및 노하우 공유를 중요하게 생각합니다.\n- 기록을 남기는 것을 중요하게 생각합니다.\n- 모든 PR은 리뷰를 거치며, 리뷰 시 GitHub의 리뷰 시스템을 이용하여 구체적으로 코멘트들을 기록합니다.\n- 함께 식스샵의 개발 문화를 발전시켜나갈 분을 찾습니다.","자격 조건\n\n- 경력 3년 이상\n- Spring 기반 백엔드 개발 경험\n- 프로덕션 환경에서 지속적인 서비스 개선 및 운영 경험\n- 높은 기준을 가지고 서비스와 코드 양쪽에서 품질 개선을 주도한 경험","우대 사항\n\n이런 경험이 있으시다면 더욱 좋습니다.\n- 구조 설계에 강점을 가지신 분\n- 서비스의 레거시를 개선하기 위한 구조 개선/리팩토링 경험\n- Spring 기반 multi database 개발 및 운영 경험\n- Elasticsearch를 활용한 서비스 개발 경험\n- iOS, Android 개발 경험\n- 커머스 업종에 대한 경험이 있으신 분\n- 커머스 도메인에 대한 지식이 있으신 분"]}