{"url":"https://www.rocketpunch.com//jobs/50495/2019-%EB%A7%A4%EA%B7%B8%EB%8B%88%EC%8A%A4-%EC%84%9C%EB%B9%84%EC%8A%A4-%EA%B8%B0%ED%9A%8D%EC%9E%90-%EA%B2%BD%EB%A0%A5%EC%A7%81-%EC%B1%84%EC%9A%A9","title":"2019 매그니스 서비스 기획자 경력직 채용","origin":"매그니스","start_date":"12/04 ","newbie":"경력","content":["\n        주요 업무\n                    플랫폼 시스템 및 서비스 기획 업무.신규 서비스(Web, App) 기획 업무.\n\n      ","\n        업무 관련 기술 / 활동 분야\n        \n          PM\n          기획\n          플랫폼\n          모바일기획\n          웹서비스기획\n          웹/앱기획\n          플랫폼기획\n          서비스기획자\n          서비스기획\n          플랫폼서비스기획\n          서비스정책\n          wireframe\n        \n      ","\n        채용 상세\n                    ★ 담당업무 ★- 신규 서비스(Web, App) 기획- 플랫폼 시스템 및 서비스 기획★ 자격요건 ★- 웹/모바일 서비스 기획/PM 및 운영 경력 2년 이상- 서비스 정책 수립, IA, Task Flow, Wireframe 설계 경험- 논리적인 사고방식을 통한 문제 분석 및 해결 능력- 원활한 커뮤니케이션 능력과 책임감★ 우대사항 ★- 이커머스 프론트…\n            더 보기\n            ★ 담당업무 ★- 신규 서비스(Web, App) 기획- 플랫폼 시스템 및 서비스 기획★ 자격요건 ★- 웹/모바일 서비스 기획/PM 및 운영 경력 2년 이상- 서비스 정책 수립, IA, Task Flow, Wireframe 설계 경험- 논리적인 사고방식을 통한 문제 분석 및 해결 능력- 원활한 커뮤니케이션 능력과 책임감★ 우대사항 ★- 이커머스 프론트 또는 플랫폼 기획 경험- 블록체인 / 암호화폐에 대한 이해 및 경험- 포트폴리오 제출- 희망연봉 필수 기재 ★ 복리후생 ★• 간식- 다양한 음료와 과자 등 간식류가 무한 공급됩니다.• 저녁- 야근자에 한하여 저녁이 제공됩니다.  • 자유로운 연차, 반차 사용- 본인의 업무 페이스에 맞추어 눈치보지 않고 자유롭게 사용 가능합니다.• 탄력근무제- 기본적으로는 10:00~19:00 이지만 선택적으로 9:00~18:00 출퇴근도 가능하며 필수 노동시간에 기반하여 유연한 근무가 가능합니다.• 점심시간 1시간 30분 (12:30~14:00)- 강남 테헤란로 8길에 즐비한 맛집에서 점심을 즐기고 산책을 할 여유까지 주어집니다.• 회식- 한 달에 한 번 전직원이 모여서 담소를 나누며 맛있는 음식을 먹는 자리입니다. 그 누구도 참석을 강요하지 않으며 음주 역시 강요하지 않습니다. 주요 멤버들이 게임업계에 오래 몸담았던 이력이 있어 격식 없이 자유롭게 소통하며 화목하고 따뜻한 분위기입니다. 스타트업이지만 탄탄한 업체의 투자를 받고 시작해 안정적인 환경을 제공하며 개인의 생활을 존중해주고 있습니다.\n\n            \n              \n                  \n                \n            \n          "]}