{"url":"https://www.rocketpunch.com//jobs/65825/%EA%B2%BD%EB%A0%A5-%EC%95%88%EB%93%9C%EB%A1%9C%EC%9D%B4%EB%93%9C-%EC%95%B1-%EA%B0%9C%EB%B0%9C-%EC%9D%B8%EC%9E%AC-%EC%B1%84%EC%9A%A9","title":"[경력] 안드로이드 앱 개발 인재 채용","origin":"젤리버스","start_date":"03/02 ","newbie":"경력","content":["\n        주요 업무\n                    전세계 1억6천만 사용자를 보유한 글로벌 스타트업 젤리버스에서 경력 개발자를 모십니다.1. 사업 분야 : 사진 및 동영상 분야2. 주요 제품 : MOLDIV, MOLDIV VideoLab, PICSPLAY, Rookie Cam3. 담당 업무 : Android 사진/비디오 앱 설계 및 신규 기능 개발: Android 이미지 프로세싱 엔진 개발: 글로벌…\n            더 보기\n            전세계 1억6천만 사용자를 보유한 글로벌 스타트업 젤리버스에서 경력 개발자를 모십니다.1. 사업 분야 : 사진 및 동영상 분야2. 주요 제품 : MOLDIV, MOLDIV VideoLab, PICSPLAY, Rookie Cam3. 담당 업무 : Android 사진/비디오 앱 설계 및 신규 기능 개발: Android 이미지 프로세싱 엔진 개발: 글로벌 기준에 맞는 높은 수준의 UI/UX 구현\n\n      ","\n        업무 관련 기술 / 활동 분야\n        \n          Android\n          Java\n          C++\n          OpenGL ES\n          GLSL\n          computer-graphics\n          image-processing\n        \n      ","\n        채용 상세\n                    1. 자격요건- 3년 이상의 앱 개발 경력이 있으신 분- 컴퓨터 그래픽스를 응용하여 개발 경험이 있으신 분- 2년 이상의 Android 개발 경력이 있으신 분- 1년 이상의 OpenGL/Vulkan 개발 경력이 있으신 분 - C/C++, Android NDK 개발 경험이 있으신 분- 기획 및 디자인 등 유관부서와의 협업과 커뮤니케이션이 가능하신 분-…\n            더 보기\n            1. 자격요건- 3년 이상의 앱 개발 경력이 있으신 분- 컴퓨터 그래픽스를 응용하여 개발 경험이 있으신 분- 2년 이상의 Android 개발 경력이 있으신 분- 1년 이상의 OpenGL/Vulkan 개발 경력이 있으신 분 - C/C++, Android NDK 개발 경험이 있으신 분- 기획 및 디자인 등 유관부서와의 협업과 커뮤니케이션이 가능하신 분- 능동적으로 일할 수 있는 책임감 있으신 분2. 사용기술- JAVA, C/C++, OpenGL ES, GLSL3. 우대사항- OpenGL등을 이용한 자체 엔진 개발 경험이 있으신 분- Android 비디오 앱 개발 경험이 있으신 분- 사진 및 카메라 앱을 개발해 보신 경험이 있으신 분- 사진 및 영상 편집에 관심이 많으신 분\n\n            \n              \n                  \n                \n            \n          \n            \n              \n                  \n                \n            \n          \n            \n              \n                  \n+3                \n            \n          \n            \n              \n                  \n                \n            \n          \n            \n              \n                  \n                \n            \n          \n            \n              \n                  \n                \n            \n          "]}