{"url":"https://www.rocketpunch.com//jobs/69381/%EC%86%8C%ED%94%84%ED%8A%B8%EC%9B%A8%EC%96%B4-%EA%B0%9C%EB%B0%9C%EC%9E%90","title":"소프트웨어 개발자","origin":"씨케이다","start_date":"02/12 ","newbie":"경력","content":["\n        주요 업무\n                    - 소프트웨어 솔루션 개발(응용소프트웨어 개발자일 경우 VC++/VB, C/C++  작업 경험 필요)- VC++/VB, C/C++   소프트웨어 개발자\n\n      ","\n        업무 관련 기술 / 활동 분야\n        \n          MFC\n          C\n          C++\n          Python\n          Java\n          Visual C++\n        \n      ","\n        채용 상세\n                    담당업무- 응용프로그램개발- 유틸리티- UI/UX 설계- 유지보수자격요건 - 학력 : 대졸 이상 (4년) - 경력 : 해당직무 근무경험 3년 이상 - 전공 : 컴퓨터 공학 관련학과 우대사항- TOEIC 800급(점) 이상- 정보처리기사- HCI(Human Computer Interaction) 전공자- SW 솔루션 개발 경험자\n            더 보기\n            담당업무- 응용프로그램개발- 유틸리티- UI/UX 설계- 유지보수자격요건 - 학력 : 대졸 이상 (4년) - 경력 : 해당직무 근무경험 3년 이상 - 전공 : 컴퓨터 공학 관련학과 우대사항- TOEIC 800급(점) 이상- 정보처리기사- HCI(Human Computer Interaction) 전공자- SW 솔루션 개발 경험자\n"]}