{"url":"https://www.rocketpunch.com//jobs/68674/%EC%95%88%EB%93%9C%EB%A1%9C%EC%9D%B4%EB%93%9C-%EA%B0%9C%EB%B0%9C%EC%9E%90","title":"안드로이드 개발자","origin":"유니콘 - 광고 차단 필수 앱","start_date":"02/27 ","newbie":"경력","content":["\n        주요 업무\n                    - 유니콘 광고 차단 브라우저 클라이언트 개발(크로미움 오픈소스 사용)\n\n      ","\n        업무 관련 기술 / 활동 분야\n        \n          Android\n          Java\n          C++\n          Kotlin\n        \n      ","\n        채용 상세\n                    자격요건- Android 아키텍처 개념에 대한 이해가 있으신 분- Java 또는 Kotlin에 \u0008두 언어중 하나에 대한 다양한 개발과 깊은 이해가 있으신 분- REST API 사용 경험 있으신 분- git을 통한 버전관리에 익숙하신 분우대사항- 안드로이드 앱 출시 및 운영 경험- C/C++ 언어에 대한 이해- NDK, JNI 사용 경험- 브라우저 앱…\n            더 보기\n            자격요건- Android 아키텍처 개념에 대한 이해가 있으신 분- Java 또는 Kotlin에 \u0008두 언어중 하나에 대한 다양한 개발과 깊은 이해가 있으신 분- REST API 사용 경험 있으신 분- git을 통한 버전관리에 익숙하신 분우대사항- 안드로이드 앱 출시 및 운영 경험- C/C++ 언어에 대한 이해- NDK, JNI 사용 경험- 브라우저 앱 개발 경험- 네트워크 프로그래밍 개발 경험- C++ 응용 프로그램 개발 경험대한민국에서 가장 잘나가는 광고 차단 서비스 유니콘과 HTTPS 차단 우회앱을 개발하고 있어요. 저희는 더 나은 인터넷을 만들어나가기 위해 노력하고 있어요. 유니콘은 순수 유료 판매 50만건, 유니콘 HTTPS는 110만 앱 다운로드 MAU 70만을 달성하고 있어요.지금도 다양한 서비스들을 준비하고 있지만 입사를 하게 되신다면 개발부터 배포까지 상용 제품을 많은 사용자들에게 직접 서비스하고 피드백도 받을 수 있는 다양한 경험을 하실 수 있답니다.우리의 회사문화- 업무시간에 최대한 집중하고 퇴근은 칼같이 하는걸 좋아해요.- 회사의 성장과 개인의 성장은 함께 해야 된다고 생각해요.- 모두가 공평하고 평등한 회사 분위기를 만들어 나가려고해요.- 규칙보다는 자유로운 회사 분위기를 만들어 나가고있어요.우리의 개발문화- 본인이 생각하는 개발 방법론을 존중해요.- 제품에 필요한 기능과 아이디어에 대해서 적극적으로 앱에 반영할 수 있어요.- 본인의 일은 본인이 주도적으로 만들어 나가요.- 개발 일정을 강요하지 않아요. 충분한 시간과 충분한 고민을 통해서 멋진 서비스가 나온다고 생각해요.- Slack, Notion, GitHub 등의 툴을 이용하여 업무를 투명하게 공유해요.우리가 원하는 인재상- 다른 생각, 다양한 관점을 이해하며 효율적인 커뮤니케이션을 할 수 있는 분- 대충 보다는 조금 더 디테일을 살려 완성도 있는 서비스를 만들고자 노력하는 분- 업무에 대한 자발성과 책임감이 강한 분- 새로운 기술, 배움에 대한 의지가 강한 분우리의 회사 환경- 업무에 필요한 장비 최대한 지원해드려요.- 출근 오전 9시 / 퇴근 오후 6시- 점심, 야근 식대 100% 지원해 드려요.- 자기 계발비 매달 10만원 지원(체력단련, 여행, 문화생활, 개인학습 등)- 자유로운 연차 사용, 별도 휴가 지원해 드려요.- 3,5,7,10년 만근 시 2주 간의 리프레쉬 휴가 \u0026 휴가비 150만원 제공- 이태리 커피 머신, 음료, 아이스크림, 간식 무한 제공합니다.- 게임기, 각종 레트로 게임, 보드게임이 구비되어 있어요.- 회사위치 : 산책하기 좋은 신림 보라매 공원 바로 옆에 위치하고 있어요.(서울시 동작구 신대방동 395-73 캐릭터 그린빌 1124호, 신림역, 신대방삼거리역)\n"]}