{"url":"https://www.rocketpunch.com//jobs/67243/%EA%B7%B8%EB%A1%9C%EC%8A%A4%ED%95%B4%EC%BB%A4%EB%B8%8C%EB%9E%9C%EB%94%A9%ED%8D%BC%ED%8F%AC%EB%A8%BC%EC%8A%A4-%EB%A7%88%EC%BC%80%ED%8C%85-%EA%B2%BD%EB%A0%A5%EC%9E%90-%EC%B1%84%EC%9A%A9%ED%95%A9%EB%8B%88%EB%8B%A4","title":"그로스해커(브랜딩/퍼포먼스 마케팅) 경력자 채용합니다.","origin":"씨디에프브로스","start_date":"02/13 ","newbie":"경력","content":["\n        주요 업무\n                    국내 전자상거래(쇼핑몰) 서비스 마케팅 경력자를 채용합니다.현재 임직원은 모두 4명이며 온라인 마케팅을 다양하게 진행하고자 경력자를 채용합니다.- 브랜드 컨셉 기획- 온라인 몰 KPI 관리(유입/회원/구매전환)- SEO/SEM 전략기획 및 대행사 관리- 온오프라인 프로모션 기획- PR- CRM marketing 프로세스 기획 및 운영\n            더 보기\n            국내 전자상거래(쇼핑몰) 서비스 마케팅 경력자를 채용합니다.현재 임직원은 모두 4명이며 온라인 마케팅을 다양하게 진행하고자 경력자를 채용합니다.- 브랜드 컨셉 기획- 온라인 몰 KPI 관리(유입/회원/구매전환)- SEO/SEM 전략기획 및 대행사 관리- 온오프라인 프로모션 기획- PR- CRM marketing 프로세스 기획 및 운영\n\n      ","\n        업무 관련 기술 / 활동 분야\n        \n          온라인마케팅\n          디지털마케팅\n          브랜드마케팅\n          그로스해킹\n          바이럴마케팅\n          소셜마케팅\n          Google Analytics\n        \n      ","\n        채용 상세\n                    유럽의 프리미엄 가구를 더 많은 사람들이 누릴 수 있도록 고객에게 일관된 메시지를 전달하고 많은 고객을 창출할 수 있는 그로스해커를 찾습니다.담당업무- 브랜드 컨셉 기획- 온라인 몰 KPI 관리(유입/회원/구매전환)- SEO/SEM 전략기획 및 대행사 관리- 온오프라인 프로모션 기획- PR자격요건- 전자상거래 마케팅 경력자- 분석 툴 활용- 전략적 …\n            더 보기\n            유럽의 프리미엄 가구를 더 많은 사람들이 누릴 수 있도록 고객에게 일관된 메시지를 전달하고 많은 고객을 창출할 수 있는 그로스해커를 찾습니다.담당업무- 브랜드 컨셉 기획- 온라인 몰 KPI 관리(유입/회원/구매전환)- SEO/SEM 전략기획 및 대행사 관리- 온오프라인 프로모션 기획- PR자격요건- 전자상거래 마케팅 경력자- 분석 툴 활용- 전략적 사고, 성과 분석과 그에 맞는 전략 기획우대사항- 상품 MD 경력- 광고업 경력- PR 마케팅 경력- 가구 관련 업종 경력\n"]}