{"url":"https://www.rocketpunch.com//jobs/68533/%EC%9D%B8%ED%94%84%EB%9D%BC-%EC%97%94%EC%A7%80%EB%8B%88%EC%96%B4-%EA%B2%BD%EB%A0%A5","title":"인프라 엔지니어 (경력)","origin":"구름","start_date":"03/03 ","newbie":"소경력","content":["\n        주요 업무\n                    - Docker Container Orchestration 을 위한 golang + node.js application 개발- AWS, GCP, Azure, TOAST Cloud 상의 서비스 운영 및 관리- 서버/스토리지/네트워크 인프라 설계 및 구축,관리- 시스템 자동화 아키텍처 설계 및 개발- 서비스 모니터링\n\n      ","\n        업무 관련 기술 / 활동 분야\n        \n          Amazon AWS\n          Git\n          nginx\n          서버관리\n          devops\n          소프트웨어아키텍처\n          JavaScript\n          openvpn\n          golang\n          Back-end\n          GitHub\n        \n      ","\n        채용 상세\n                    ### 코로나19 사태로 인해 당사의 면접 전형을 잠정 보류합니다 ###구름은 클라우드 인프라에 대한 깊은 이해와, 웹 애플리케이션 개발에 대한 노하우로 국내를 넘어서 글로벌 서비스를 표방하는 기술 기반 스타트업입니다.우리는 언제 어디서나 SW개발을 배우고, 만들 수 있도록 돕고 모두가 개발자가 될 수 있는 \"개발자 성장\" 중심의 생태계를 아래의 4…\n            더 보기\n            ### 코로나19 사태로 인해 당사의 면접 전형을 잠정 보류합니다 ###구름은 클라우드 인프라에 대한 깊은 이해와, 웹 애플리케이션 개발에 대한 노하우로 국내를 넘어서 글로벌 서비스를 표방하는 기술 기반 스타트업입니다.우리는 언제 어디서나 SW개발을 배우고, 만들 수 있도록 돕고 모두가 개발자가 될 수 있는 \"개발자 성장\" 중심의 생태계를 아래의 4가지 서비스를 통해 만들어나가고 있습니다.- 구름EDU: IT기술 교육 서비스- 구름LEVEL: 프로그래밍 문제 풀이 서비스- 구름DEVTH: 개발자 역량 평가 서비스- 구름IDE: 클라우드 통합 개발 환경 서비스[자격 요건]- (남성의 경우) 병역의 의무를 마치신 분 또는 군면제자[우대 사항]- 컴퓨터공학 관련 전공 석사학위가 있으신 분- 인프라 관련 업무 경력이 3년 이상 있으신 분- golang, python에 능숙하신 분- 리눅스 환경에 익숙하신 분- 네트워크, 스토리지 관련 지식 있으신 분- docker에 익숙하신 분- AWS가 제공하는 다양한 인프라 서비스를 기반의 개발 경험이 있으신 분- 오픈소스 프로젝트에 기여 경험이 있으신 분[복지 및 혜택]- 맥북 및 듀얼모니터 지급- 4대 보험 적용- 1일 1회 중식 지원 (4가지 메뉴가 선택 가능한 사내 식당, 삼성 웰스토리)- 휴게공간 최고급 커피머신 무제한 이용- 음료 및 다과 지원- 저렴한 사내 카페- 수면실/샤워실/헬스장/양호실 지원[채용 절차]- 서류 검토- 1차 면접- 미션 수행(1~2주 기한의 직군별 미션 수행)- 최종 면접 후 채용 확정[지원 방법]- recruit@goorm.io 으로 이력서 및 포트폴리오(자유양식, URL첨부 가능)를 보내주세요.- 이력서는 한글파일포맷(.hwp)는 지양해주시기 바라며, 가급적 pdf로 보내주시기 바랍니다.[문의 및 참고]- 채용 문의: recruit@goorm.io- 구름 홈페이지: https://goorm.io/- 구름 채용 상세 페이지: http://bitly.kr/2qGeOySn### 코로나19 사태로 인해 당사의 면접 전형을 잠정 보류합니다 ###\n"]}