{"url":"https://www.rocketpunch.com//jobs/69101/C-level-%EB%A7%88%EC%BC%80%ED%84%B0","title":"C-level 마케터","origin":"와일드벤처스","start_date":"02/05 ","newbie":"인턴신입경력","content":["\n        주요 업무\n                    Full Stack Marketer\n\n      ","\n        업무 관련 기술 / 활동 분야\n        \n          온라인마케팅\n          디지털마케팅\n          Google Analytics\n          브랜드마케팅\n          그로스해킹\n          바이럴마케팅\n          콘텐츠마케팅\n        \n      ","\n        채용 상세\n                    C-Level 창업 Team Member 모집.Wild-Ventures는 Company builder입니다.전략,컨설팅.투자.MKT 등 각분야의 전문가로 구성된 본사의 전폭적인 지원하에 신규 창업팀을 구성 합니다.지원자는 소정기간의 검증절차를 걸친후본인이 희망하는 PJT를 신규구축 / 합류를 결정하게 됩니다.또한,PJT진행 상황 및 합류 시점과 기여…\n            더 보기\n            C-Level 창업 Team Member 모집.Wild-Ventures는 Company builder입니다.전략,컨설팅.투자.MKT 등 각분야의 전문가로 구성된 본사의 전폭적인 지원하에 신규 창업팀을 구성 합니다.지원자는 소정기간의 검증절차를 걸친후본인이 희망하는 PJT를 신규구축 / 합류를 결정하게 됩니다.또한,PJT진행 상황 및 합류 시점과 기여도에 따라급여 및 Stock-option 부여 , 주택/차량지원을 바탕으로 안정적인 생활환경 조성과 만족 할만한 처우를 약속드릴수 있습니다.검증기간중에는 Fulltime / Parttime 으로 진행이 가능하도록 하여 재직중에도 본인의 역량을 널리 발휘 할수 있는 기회를 부여할수 있도록 하였습니다.* 대상 1.문제 해결 에 대한 의지와 사명감이 강한분2.관심 분야에 대한 이해 / 직무에 대한 이해가 높거나 단시간내 학습할수 있는 분3. 직접 창업을 해보았거나, 창업을 하고싶었으나 현실적인 고민으로 생각을 접으셨던분* 모집분야본사 사업개발(PJT 지원) 과 PJT창업팀 으로 지원 가능합니다.경영전략 / 재무회계IR / 기획 / 홍보마케팅 / 디자인 / 개발 / 기타직무무관본인의 장점을 적극 발휘할수 있는 분야로 지원 부탁드리겠습니다.*채용 프로세스서류합격자를 대상으로 1차검증 미션과 online / 대면면접 진행 예정입니다.최종합격자는 1~3개월의 검증 결과를 바탕으로희망 프로젝트의 C-Level / Co-founder 자격으로 합류를 결정하게 됩니다.*지원지원동기 및 희망PJT 및 역할이 포함된 자유형식의 이력서 / Portpolio를 접수.\n"]}