{"url":"https://www.rocketpunch.com//jobs/69433/%ED%94%84%EB%A1%A0%ED%8A%B8%EC%97%94%EB%93%9C%EB%B0%B1%EC%97%94%EB%93%9C-%EC%95%88%EB%93%9C%EB%A1%9C%EC%9D%B4%EB%93%9C%EC%96%B4%ED%94%8C-JNI-%EA%B0%9C%EB%B0%9C%EC%9E%90","title":"프론트엔드/백엔드, 안드로이드어플, JNI 개발자","origin":"쉬폰코퍼레이션","start_date":"02/12 ","newbie":"신입경력","content":["\n        주요 업무\n                    1.서버/웹파트- 프론트엔드/ 백엔드 개발- Node.js2. 안드로이드 어플리케이션 개발- 테스트 데모 어플리케이션 개발 (QA용)- 서비스 어플리케이션 개발3.. JNI 라이브러리 개발- C++ base JNI 라이브러리 프로젝트 개발\n\n      ","\n        업무 관련 기술 / 활동 분야\n        \n          Android\n          Java\n          JavaScript\n          Node.js\n          MySQL\n          Back-end\n          Front-end\n          풀스택개발\n          서버관리\n          Android JNI\n          C++\n        \n      ","\n        채용 상세\n                    담당업무- 서버 개발- 프론트엔드 개발- Node.js 프로젝트 유지 및 보수- 안드로이드 어플리케이션 개발- JNI 라이브러리 개발자격요건- JAVA, C++, Android JNI- JavaScript, TypeScript, MySQL- Android Swift\n"]}