{"url":"https://www.rocketpunch.com//jobs/53370/%EA%B5%AD%EB%82%B4-1%EC%9C%84-%EA%B8%80%EB%9E%A8%EC%9D%98-%EB%8D%B0%EC%9D%B4%ED%84%B0-%EB%B6%84%EC%84%9D%EA%B0%80%EB%A5%BC-%EB%AA%A8%EC%8B%AD%EB%8B%88%EB%8B%A4","title":"국내 1위 글램의 '데이터 분석가'를 모십니다!","origin":"큐피스트","start_date":"02/05 ","newbie":"경력","content":["\n        주요 업무\n                    다른 회사와 비교했을 때 큐피스트를 추천하는 이유?\"큐피스트 데이터 분석가의 가장 큰 장점은 단순히 데이터를 추출하고 정리하는 역할이 아닌. 해석을 통해 제안한다는 점입니다.\"\"분석가 개인의 업무 범주가 넓다보니 분석, 로그 설계, 모델링 등 여러 속성의 업무를 돌아가면서 한다는 점에서 지루할 새가 없어요.\"큐피스트 CEO와 일한다는 건?\"지표에 대…\n            더 보기\n            다른 회사와 비교했을 때 큐피스트를 추천하는 이유?\"큐피스트 데이터 분석가의 가장 큰 장점은 단순히 데이터를 추출하고 정리하는 역할이 아닌. 해석을 통해 제안한다는 점입니다.\"\"분석가 개인의 업무 범주가 넓다보니 분석, 로그 설계, 모델링 등 여러 속성의 업무를 돌아가면서 한다는 점에서 지루할 새가 없어요.\"큐피스트 CEO와 일한다는 건?\"지표에 대한 이해도가 높으셔서 의사 소통 시 논의 자체에 초점이 맞춰집니다. 또한 대표님께서 데이터가 보여주는 사실에 집중하시는 점은 분석가로서 일하기 정말 좋은 환경이라고 생각합니다.\"우리는 이런 일을 해요 -데이터 분석을 통해 제품부터 마케팅, CS, 사업 영역에 이르는 의사결정을 지원하여 서비스 성장에 기여합니다.- 글램 서비스 데이터 분석을 통한 비즈니스 인사이트 도출- 데이터에 기반한 가설 검증 및 서비스 그로스해킹- 서비스 주요 지표 설정, 관리 및 모니터링- 추천, 이상 탐지 등 알고리즘 개발사랑과 욕망에 대한 데이터를 다룹니다. 사람들의 마음에 대해 탐구하는 것은 매우 흥미롭지만 그만큼 어려운 일이기도 합니다. 더 많은 이들의 사랑의 욕망을 충족시킬 수 있도록, 서비스를 개선하여 성장시킬 수 있는 방안을 도출하는 것이 큐피스트 데이터 분석가의 주 역할입니다.글램의 프로덕트 팀은 애자일에 최적화된 조직으로, 데이터를 기반으로 신속히 가설을 수립하고 실험하여 이를 개선하는 훈련을 해왔습니다. 디자인에서부터 개발 및 배포까지 2주 내외의 스프린트를 지향하며 기획부터 출시 이후까지 데이터 기반의 의사결정이 빠지지 않습니다. 그 과정에서 데이터 분석가는 빠른 속도로 변화하는 데이터를 통해 인사이트를 얻고, 좋은 의사결정을 이끌 수 있도록 적극적으로 참여합니다.\"어떤 문제를 풀고 있나요?\", \"분석 툴은 어떤거 쓰세요?\", \"솔직히 야근 많아요?\" 궁금한 점이 많은 데이터 분석가 후보자님들을 위해 데이터 팀 구성원들이 직접 답했어요. ★ 현직자가 말하는 글램 데이터 분석 TMI ★https://www.notion.so/cupist/TMI-aba7f7e258e2426c8571c23edd392297우리는 이렇게 일 해요 -큐피스트 데이터 팀이 이야기하는 생생한 분석 이야기[데이터 분석 실무에서 필요한 5가지 역량]https://www.notion.so/5-0c15ee6f96ee48c6b7f60611c710e9dd[신입 데이터 분석가로서의 성장기]https://www.notion.so/f5769976cc00485994e350e884e708a9[큐피스트의 데이터 문화를 알고 싶다면? (2019, 데이터야놀자 컨퍼런스 발표)]https://www.youtube.com/watch?v=xf7bFUlzghA#action=share\n\n      ","\n        업무 관련 기술 / 활동 분야\n        \n          데이터분석\n          데이터사이언스\n          Python\n          R\n          통계학\n        \n      ","\n        채용 상세\n                    자격 요건- '사랑의 욕망 충족'의 큐피스트 미션을 이해하고 이에 동의하시는 분 - 통계학 학위 혹은 그에 상응하는 경력을 가지고 계신 분 -  R, Python 등을 활용한 데이터 처리 능력을 보유하신 분 - 데이터를 토대로 한 높은 수준의 커뮤니케이션이 가능하신 분우대 사항- 데이터 분석 관련 실무 경력이 3년 이상이신 분- 소셜 서비스 그로스해…\n            더 보기\n            자격 요건- '사랑의 욕망 충족'의 큐피스트 미션을 이해하고 이에 동의하시는 분 - 통계학 학위 혹은 그에 상응하는 경력을 가지고 계신 분 -  R, Python 등을 활용한 데이터 처리 능력을 보유하신 분 - 데이터를 토대로 한 높은 수준의 커뮤니케이션이 가능하신 분우대 사항- 데이터 분석 관련 실무 경력이 3년 이상이신 분- 소셜 서비스 그로스해킹 경험이 있으신 분- 머신러닝, 딥러닝 등 모델링에 전문성을 보유하신 분- 데이터베이스 등 엔지니어링 관련 지식이 있으신 분큐피스트 구성원들의 혜택과 복지- 역량에 맞는 연봉 제공- iMac, Macbook Pro 및 듀얼 모니터 등 최고급 업무 장비 지원- 높은 업무 효율을 위한 시차출퇴근 제도 (09:00~11:00)- 별도의 승인 없이 자유로운 연차/반차/반반차 사용- 매주 업무 시간 중 10%를 개인 스터디로 제공- 도서 무제한 구입, 세미나 참석 등 성장을 위한 자유로운 지원- 1000일 근속 시 리프레시를 위한 유급 휴가 및 휴가비 지원- 간식 및 커피는 당연히 무한 제공 - 야근 시 식비 및 택시비 지급- 섹스토이 브랜드 Loma 전 상품 직원 할인가로 평생 구매- 사랑의 욕망 충족을 위한 분기별 자유 활동 시간 및 비용 지원- 풍성한 명절을 위한 상여금- 술 마시는 회식 대신 우아한 팀별 다이닝- 생일, 특별한 당신을 위한 감동 선물- 4대 보험 및 종합 건강검진 지원큐피스트의 자세한 복지는 아래 문서에서 확인할 수 있어요!https://www.notion.so/CUPIST-3880b83504074eec8138a552dbaab746* 데이터 분석가 채용 시 사전 과제 전형이 있습니다.\n\n            \n              \n                  \n                  \n                \n            \n          \n            \n              \n                  \n                \n            \n          "]}