{"url":"https://www.rocketpunch.com//jobs/69661/%EC%A7%80%ED%94%BC%EC%97%90%EC%9D%B4%EC%BD%94%EB%A6%AC%EC%95%84-%EC%95%88%EB%93%9C%EB%A1%9C%EC%9D%B4%EB%93%9C-%EC%95%B1-%EA%B0%9C%EB%B0%9C%EC%9E%90-%EC%B1%84%EC%9A%A9","title":"[지피에이코리아] 안드로이드 앱 개발자 채용..","origin":"지피에이코리아","start_date":"03/02 ","newbie":"경력","content":["\n        주요 업무\n                    ㅁ 신규 어플리케이션 개발ㅁ 리워드, 소개팅, 웹하드,ㅁ 각종커뮤니티 앱 개발/유지보수\n\n      ","\n        업무 관련 기술 / 활동 분야\n        \n          Android\n          Java\n        \n      ","\n        채용 상세\n                    ㅁ 모집분야- 안드로이드 앱 개발자ㅁ 담당업무ㅇ 신규 어플리케이션 개발ㅇ 리워드, 소개팅, 웹하드,ㅇ 각종커뮤니티 앱 개발/유지보수ㅁ 자격요건- 성별/연령/학력/전공/경력 : 무관- JAVA 앱 개발 경험자- 긍정적 사고 방식 및 성실한 태도의 소유자- 활발하고 원만한 성격의 소유자- 커뮤니케이션 능력 우수자ㅁ 우대사항- 모바일 앱 1개 이상 상용화…\n            더 보기\n            ㅁ 모집분야- 안드로이드 앱 개발자ㅁ 담당업무ㅇ 신규 어플리케이션 개발ㅇ 리워드, 소개팅, 웹하드,ㅇ 각종커뮤니티 앱 개발/유지보수ㅁ 자격요건- 성별/연령/학력/전공/경력 : 무관- JAVA 앱 개발 경험자- 긍정적 사고 방식 및 성실한 태도의 소유자- 활발하고 원만한 성격의 소유자- 커뮤니케이션 능력 우수자ㅁ 우대사항- 모바일 앱 1개 이상 상용화 런칭 경험자- 서버개발 경험- 광고운영 경험- javascript 개발ㅁ 모집인원 : 1명ㅁ 복지 - 4대보험, 국민연금 / 퇴직금 별도 - 휴대폰비용 지원 (매월 5만원) - 자기개발비 지원 (연봉의 연차 x 1%, 최대 2.5%) - 프로젝트 성과급 (프로젝트 수익의 5%)ㅁ 문의- 전화 : 010-3125-0688 (진종순 팀장)- 카톡 : alwaysnn- 스카이프 : healsoftcom\u003c\u003c GPA KOREA 를 소개합니다 \u003e\u003eㅇ 설립 : 2016년 2월 22일ㅇ 매출 : 50억 이상ㅇ 멤버 : 12명ㅇ 근무시간 : 9시 30분 ~ 18시 30분ㅇ 연봉/복지 : 채용공고를 확인해주세요.ㅇ 분위기 : 열심히 하는만큼 많이  챙겨드립니다!ㅇ 좋아하는 인재상 : 시키는 일만하시는분보다 일을 찾아서 하시는분을 좋아합니다 +_+ㅇ 홈페이지 : http://www.gpakorea.comㅇ 운영 어플리케이션   1. 제목학원 앱 운영 中 - 구글플레이(50만), 앱스토어(10만), 페이스북(75만), 유튜브(1.3만)   2. 커플레시피 앱 운영 中 - 구글플레이(10만), 앱스토어(5만), 페이스북(3만)   3. 캐시백 앱 운영 中 - 구글플레이(10만)   4. 언제나영어단어(9종) 운영 中 - 구글플레이 50만   5. 파일조 외 12개 웹하드/웹툰 등록대행 운영 中   6. 화상채팅, 각종 커뮤니티 운영 中 - 구글플레이(10만)ㅇ 운영 마케팅   1. 어플리케이션 CPI, CPE, SCPI, REVIEW 등 직접 진행/운영 中   2. 회원가입형 CPA 마케팅 직접 진행/운영 中   3. 네이버 스마트스토어 마케팅 직접 진행/운영 中   4. 카카오톡 플러스친구 마케팅 직접 진행/운영 中   5. 유튜브 (한국인 실사용자) 조회수, 구독하기, 좋아요 마케팅 직접 진행/운영 中   6. 밴드, 카페, 블로그등 회원가입 / 댓글 마케팅 직접 진행/운영 中   7. 구글 애드워즈 유료마케팅 대행 마케팅 직접 진행/운영 中   8. 구글맵 리뷰 마케팅 직접 진행/운영 中\n"]}