{"url":"https://www.rocketpunch.com//jobs/63994/%EB%B8%8C%EB%9E%9C%EB%94%94-Back-end-%EA%B0%9C%EB%B0%9C%EC%9E%90-%EB%B0%8F-%EC%9B%B9-%EA%B0%9C%EB%B0%9C%EC%9E%90","title":"[브랜디] Back-end 개발자 및 웹 개발자","origin":"브랜디","start_date":"02/05 ","newbie":"신입경력","content":["\n        주요 업무\n                    • 백엔드 개발• 커머스 풀피먼트 / 물류 시스템 개발• E-Commerce 기반 백엔드 시스템 연동 개발\n\n      ","\n        업무 관련 기술 / 활동 분야\n        \n          PHP\n          Python\n          MySQL\n          Amazon AWS\n          Back-end\n          JavaScript\n          Vue.js\n          Front-end\n        \n      ","\n        채용 상세\n                    담당업무 • 백엔드 개발 • 커머스 풀피먼트 / 물류 시스템 개발 • E-Commerce 기반 백엔드 시스템 연동 개발자격요건 • 최신 기술/언어에 대한 호기심 및 노력으로 빠른 답습능력이 있으신 분우대사항• 3년 이상 우대• PHP, Python 유경험자• Git등 형상관리에 대한 이해가 있으신 분• NOSQL 유경험자• B2C/B2B 플랫폼 개발…\n            더 보기\n            담당업무 • 백엔드 개발 • 커머스 풀피먼트 / 물류 시스템 개발 • E-Commerce 기반 백엔드 시스템 연동 개발자격요건 • 최신 기술/언어에 대한 호기심 및 노력으로 빠른 답습능력이 있으신 분우대사항• 3년 이상 우대• PHP, Python 유경험자• Git등 형상관리에 대한 이해가 있으신 분• NOSQL 유경험자• B2C/B2B 플랫폼 개발 유경험자• AWS나 Azure,Google Cloud등의 클라우드 환경기반의 프로젝트 유경험자혜택 및 복지 • 정기적인 사내강연, 책 나눔, 피드백 데이 실행 • 4대보험 지원 • 연차휴가제도 • 석식제공 • 휴게실 및 라운지 원두커피 구비 • 업무 장비 및 업무용 소프트웨어 라이선스 제공 • 분야별 도서 나눔 및 관련 분야 교육 지원 • 자발적 학습커뮤니티(COP) 운영 • 생일자 축하\n"]}