{"url":"https://www.rocketpunch.com//jobs/64532/JAPAN%E3%83%95%E3%83%AD%E3%83%B3%E3%83%88%E3%82%A8%E3%83%B3%E3%83%89%E3%82%A8%E3%83%B3%E3%82%B8%E3%83%8B%E3%82%A2-Frontend-Developer","title":"[JAPAN]フロントエンドエンジニア (Frontend Developer)","origin":"이제이엔","start_date":"01/15 ","newbie":"경력","content":["\n        주요 업무\n                    •\tTwitch Extension UI \u0026 Overlayの開発及びサービスの維持補修•\tTwipの日本現地化アレンジ \u0026 サービスの維持補修\n\n      ","\n        업무 관련 기술 / 활동 분야\n        \n          React\n          vue\n          AngularJS\n        \n      ","\n        채용 상세\n                    1.\t会社紹介2016年設立したEJNはストリーマーのためのオーバーレイツール及びデジタルコンテンツ産業に関するソフトウェア・サービスを開発・運営しているICT企業です。-\tツイップ(Twip)EJNの代表的サービスTwipは毎月2万５千人のtwitchストリーマーが使用するオーバーレイツールとして、ファンが直接ストリーマーにドネーションできるドネーションプログラムです。-\tバトルドッグ(…\n            더 보기\n            1.\t会社紹介2016年設立したEJNはストリーマーのためのオーバーレイツール及びデジタルコンテンツ産業に関するソフトウェア・サービスを開発・運営しているICT企業です。-\tツイップ(Twip)EJNの代表的サービスTwipは毎月2万５千人のtwitchストリーマーが使用するオーバーレイツールとして、ファンが直接ストリーマーにドネーションできるドネーションプログラムです。-\tバトルドッグ(Battle.dog)バトルドッグ(Battle.dog)はライブストリーミングとコミュニティを基盤に、誰でも簡単にアマチュアeスポーツリーグが開催できる環境を提供する eスポーツプラットフォームです。 Twitch, Riot Games, Blizzard, PUBG Corp.  など多数のゲーム会社の eスポーツ大会及びイベントをサポートしています。 2.\t担当業務•\tTwitch Extension UI \u0026 Overlayの開発及びサービスの維持補修•\tTwipの日本現地化アレンジ \u0026 サービスの維持補修3.\t必須要件•\t2年以上の経歴•\t年齢、性別、学歴、専攻不問•\tReact, Vue, Angularなどモダンフレームワークの開発経験がある方•\tHTML, CSS, Javascriptに関する基礎知識がある方•\t新規技術の学習、コーディングが好きな方4.\t開発環境•\t実験的なSPA技術を好き放題使用可能です。•\t最新バージョンのバンドラ (Webpack,Parcelなど 등)とフレームワーク (React, Vueなど)の新機能を使用•\t各種テスト(TDD)とリファクタリング5.\t歓迎要件•\tゲームとeスポーツが好きな方•\t新しいのを学び、活用することが好きな方•\t単位テスト、テスト自動化、継続的デプロイの経験がある方•\tテスト駆動開発 (TDD)の経験がある方•\tES6以上のモダンJavascriptの経験がある方•\tTypescriptの使用経験がある方•\tペアプログラミング、コードレビューの経験がある方 6.\t福利厚生•\t勤務時間: 10AM~19PM, フレックスタイム制 (コアタイム 13PM~17PM)•\t週5日勤務、各種社会保険完備•\t交通費支給、自己研鑽支援制度、 各種お祝い金制度•\t開発に必要な機材、書籍など支給7.\t採用までの流れ書類審査\u003e1次面接\u003e課題提出\u003e2次面接\u003e最終合格*日程及び状況に応じて変動する場合があります。8.\tその他研修期間３ヶ月Email Apply: hr@ejn.kr\n"]}