{"url":"https://www.rocketpunch.com//jobs/55255/Finance-Specialist-%ED%8C%8C%EC%9D%B4%EB%82%B8%EC%8A%A4-%EC%8A%A4%ED%8E%98%EC%85%9C%EB%A6%AC%EC%8A%A4%ED%8A%B8","title":"Finance Specialist (파이낸스 스페셜리스트)","origin":"하프스","start_date":"02/28 ","newbie":"인턴신입경력","content":["\n        주요 업무\n                    투자자와 스타트업의 온라인 플랫폼, 넥스트유니콘을 서비스하고 있는 하프스의 새로운 프로젝트를 담당할 인재를 찾습니다.기본적으로 다수 스타트업들의 재무분석과 투자유치 활동을 관리하는 프로젝트이며, Finance Specialist 라는 타이틀로 활동하게 됩니다.회사에서 많은 준비를 하고 있는 프로젝트입니다. 개발, PM, 전략, 디자인, CS 등 모든…\n            더 보기\n            투자자와 스타트업의 온라인 플랫폼, 넥스트유니콘을 서비스하고 있는 하프스의 새로운 프로젝트를 담당할 인재를 찾습니다.기본적으로 다수 스타트업들의 재무분석과 투자유치 활동을 관리하는 프로젝트이며, Finance Specialist 라는 타이틀로 활동하게 됩니다.회사에서 많은 준비를 하고 있는 프로젝트입니다. 개발, PM, 전략, 디자인, CS 등 모든 부분에서 능력을 갖춘 팀원들이 당신을 기다리고 있습니다. 신규 프로젝트여서 많은 것을 공개해드리기는 어렵지만, 저희는 스타트업들에게 꼭 필요한 서비스를 제공하며, 당신의 커리어를 드높힐 수 있는 모든 기회를 제공하기 위해 노력할 것입니다. 많은 지원 부탁드립니다.\n\n      ","\n        업무 관련 기술 / 활동 분야\n        \n          고객관리\n          운영\n          고객분석\n          고객대응\n          데이터분석\n          서비스운영\n          고객지원\n        \n      ","\n        채용 상세\n                    담당업무- 기업 재무 분석 및 컨설팅 (회사에서 교육 및 가이드 제공)- 스타트업 투자 유치 활동에 대한 컨설팅 (회사에서 교육 및 가이드 제공)자격요건- 대외 미팅 및 메일 업무에 대한 체계적인 관리 능력 필수- 창업 및 스타트업, VC 등 업계 전반에 대한 높은 관심 필요- 외부 및 내부에서 원할한 커뮤니케이션 능력 필요우대사항- VC 등의 투자…\n            더 보기\n            담당업무- 기업 재무 분석 및 컨설팅 (회사에서 교육 및 가이드 제공)- 스타트업 투자 유치 활동에 대한 컨설팅 (회사에서 교육 및 가이드 제공)자격요건- 대외 미팅 및 메일 업무에 대한 체계적인 관리 능력 필수- 창업 및 스타트업, VC 등 업계 전반에 대한 높은 관심 필요- 외부 및 내부에서 원할한 커뮤니케이션 능력 필요우대사항- VC 등의 투자 업계에서 일한 경험이 있는 경우- 컨설팅, 리서치 업계 등에서 일한 경험이 있는 경우- 경영학과 또는 재무, 회계관련 학과를 졸업한 경우- 경험이 없어도 회사에 필요한 지식에 대한 빠른 학습이 가능한 경우근무 환경- 10시 출근 7시 퇴근 (탄력근무 가능)- 맥북프로 13 or 15인치 (요청에 따라 상응하는 사양의 컴퓨터)- 24인치 듀얼모니터- 근무지 - 서울 역삼로 169 명우빌딩 2층 하프스 본사 - Confluence, Jira를 이용한 업무관리- 업무 관련 도서 무제한 지원- 업무 관련 교육 및 행사 지원제출 서류- 자유 형식의 지원서\n"]}