{"url":"https://www.rocketpunch.com//jobs/70361/%EC%84%9C%EB%B9%84%EC%8A%A4%EC%9A%B4%EC%98%81-%EB%AC%BC%EB%A5%98-%EA%B4%80%EB%A6%AC","title":"[서비스운영] 물류 관리","origin":"올룰로","start_date":"03/02 ","newbie":"경력","content":["\n        주요 업무\n                    이동 문화를 혁신하고 도시의 환경 오염, 교통 체증 등의 문제를 해결하며 의미 있는 성장을 함께 이루어 나갈 분을 모시려 합니다.[사업 내용]- 전동킥보드 공유 서비스, KICKGOING(킥고잉)[구성원]- 스타트업 성공/실패 경험 (실리콘 밸리, 한국)- 대기업 경험- 모빌리티, 차량공유, 배달산업, 인공지능 등 다양한 사업 경험[회사 문화]- 열…\n            더 보기\n            이동 문화를 혁신하고 도시의 환경 오염, 교통 체증 등의 문제를 해결하며 의미 있는 성장을 함께 이루어 나갈 분을 모시려 합니다.[사업 내용]- 전동킥보드 공유 서비스, KICKGOING(킥고잉)[구성원]- 스타트업 성공/실패 경험 (실리콘 밸리, 한국)- 대기업 경험- 모빌리티, 차량공유, 배달산업, 인공지능 등 다양한 사업 경험[회사 문화]- 열린 의사 소통 및 의견 수렴- 자율, 배려, 신뢰https://olulo.iohttps://kickgoing.io\n\n      ","\n        업무 관련 기술 / 활동 분야\n        \n          영업관리\n          시스템관리\n          기획•운영\n          서비스운영\n          플랫폼서비스운영\n          운영 관리\n          시스템기획\n          물류관리\n          물류기획\n          물류운영\n          물류\n        \n      ","\n        채용 상세\n                    [담당업무]- 전동킥보드의 물류(배포, 회수, 충전, 점검, 재배치)와 관련된 전반적인 관리- 물류 데이터 관리- 물류 전략, 기획[자격요건]- 운영 시스템 구축 경험- 물류/O2O 서비스 경험- 현장 프로세스 기획 경험- 경력 5년 이상[지원 방법]- recruit@olulo.io 이메일 지원\n            더 보기\n            [담당업무]- 전동킥보드의 물류(배포, 회수, 충전, 점검, 재배치)와 관련된 전반적인 관리- 물류 데이터 관리- 물류 전략, 기획[자격요건]- 운영 시스템 구축 경험- 물류/O2O 서비스 경험- 현장 프로세스 기획 경험- 경력 5년 이상[지원 방법]- recruit@olulo.io 이메일 지원\n"]}