{"url":"https://www.rocketpunch.com//jobs/68330/%EC%84%9C%EB%B9%84%EC%8A%A4-%EA%B8%B0%ED%9A%8D%EC%9E%90","title":"서비스 기획자","origin":"망고플레이트","start_date":"01/17 ","newbie":"경력","content":["\n        주요 업무\n        - 망고플레이트 (B2C) 서비스 기획- 망고플레이트 포 비즈니스(B2B) 서비스 기획- 신규 서비스 기획\n      ","\n        업무 관련 기술 / 활동 분야\n        \n          서비스 기획\n        \n      ","\n        채용 상세\n        필수 요건- 모바일 서비스 기획 경력이 3년 이상이어야 합니다.- 데이터, 사용자 피드백, 내부 피드백 등을 통해 요구사항을 도출할 수 있어야 합니다.- 요구사항을 통해서 기능의 방향성을 결정할 수 있어야 합니다.- 서비스에 필요한 정책을 수립할 수 있어야 합니다.- 디자인, 개발, 테스트, 릴리즈가 가능한 기획 문서(IA, 화면설계, 테스크 플로우 등)를 작성할 수 있어야 합니다.- 팀 내외부, 회사 내외부 이해관계자들과 원활한 커뮤니케이션이 가능해야 합니다.이런 분을 우대해 드려요- 망고플레이트 애용자 특히 환영!- 자체 서비스 기획 경험이 있는 사람- 관련 포트폴리오(기획서 등)를 제출한 사람망고플레이트는 어떤 회사인가요?- 맛있는 에너지로 가득 찬 스타트업이고, 푸드 테크의 강자로 떠오르며 주목받고 있습니다.- 사람들에게 맛있는 즐거움을 선사하고자 항상 연구하고 노력하고 있습니다.- 솔직한 리뷰를 제공하면서 외식 문화를 선도하는 푸드 커뮤니티를 만들어 나가고 있습니다.접수 방법- [hr@mangoplate.com](mailto:hr@mangoplate.com)으로 국문 혹은 영문 이력서(자유형식)와 자기소개서(자유형식)를 보내주세요."]}