{"url":"https://www.rocketpunch.com//jobs/63987/%EA%B3%B5%EC%9C%A0%EC%98%A4%ED%94%BC%EC%8A%A4-SPARKPLUS-%EC%BB%A4%EB%AE%A4%EB%8B%88%ED%8B%B0-%EB%A7%A4%EB%8B%88%EC%A0%80-%EC%B1%84%EC%9A%A9","title":"공유오피스 - SPARKPLUS 커뮤니티 매니저 채용","origin":"스파크플러스","start_date":"03/01 ","newbie":"인턴신입경력","content":["\n        주요 업무\n                    ► 어떤 포지션을 채용하나요?코워킹 스페이스의 핵.심. - 커뮤니티 매니저를 뽑습니다. (인턴/신입/경력)► 어떤 일을 하게 되나요?1) 공간관리 우리에게 주어진 공간을 활용해 우리와 스플러들의 삶의 질을 높이는 역할을 담당합니다.  우리가 원하고, 우리를 만드는 공간의 힘. 타인에게 우리의 가치를 알리고 공간안의 사람들과 소통하며, 새로운 변화를 …\n            더 보기\n            ► 어떤 포지션을 채용하나요?코워킹 스페이스의 핵.심. - 커뮤니티 매니저를 뽑습니다. (인턴/신입/경력)► 어떤 일을 하게 되나요?1) 공간관리 우리에게 주어진 공간을 활용해 우리와 스플러들의 삶의 질을 높이는 역할을 담당합니다.  우리가 원하고, 우리를 만드는 공간의 힘. 타인에게 우리의 가치를 알리고 공간안의 사람들과 소통하며, 새로운 변화를 즐길 수 있도록 합니다.2) 커뮤니티 \u0026 네트워크 관리스플러들의 다양한 니즈를 파악하고, 필요한 네트워크와 연결하는 일을 합니다. 보다 친밀하고 활발한 커뮤니티를 위해 흥 오르는 이벤트를 기획하기도 하고, 각종 서비스를 제공합니다. 3) 세일즈 투어 및 진행스파크플러스 입주를 희망하거나, 사무실을 찾는 손님들을 위해 공간 투어를 진행합니다. 담당 센터의 강점을 파악하여 소개하고, 미래의 스플러들에게 좋고 강력한 첫인상을 남겨줍니다. 4) 이벤트 진행 및 기획창업지원 기관이나 스타트업, 좋은 콘텐츠를 지닌 커뮤니티에 공간을 제공하고, 이벤트가 원활히 진행되도록 합니다.  스타트업에 도움이 되는 이벤트는 널리 알려 많은 분들을 이롭게 할 수 있도록 홍보도 지원합니다.  5) 공유오피스 서비스 제공 입주 스플러의 손님을 맞이하거나, 중요한 우편물과 택배 등을 수령합니다. 쾌적하고 편리한 업무환경을 위해 시설 관리를 챙기고, 문제가 발생할 시 빠르게 솔루션을 찾아 제공합니다.\n\n      ","\n        업무 관련 기술 / 활동 분야\n        \n          고객관리\n          오피스매니저\n          cs\n          고객지원\n          고객대응\n          상담\n          매장관리\n          고객분석\n          서비스운영\n          서비스 기획\n        \n      ","\n        채용 상세\n                    저 혹시.. '오지라퍼'이신가요?, 혹은 꼼꼼하고 꼼꼼하고 또 꼼꼼하신가요? 그렇다면 당신은 스파크플러스 커뮤니티 매니저 적임자입니다! 1) 낯선 사람들과도 금방 어울려 이야기하는 걸 좋아하고,     잘 들어줄 줄 아는 공감력과 수다력 겸비2) '내가 스파크플러스의 얼굴이다!'하고 스파크플러스의 이미지를 대변할 수 있는    밝고 긍정적인 마인드 …\n            더 보기\n            저 혹시.. '오지라퍼'이신가요?, 혹은 꼼꼼하고 꼼꼼하고 또 꼼꼼하신가요? 그렇다면 당신은 스파크플러스 커뮤니티 매니저 적임자입니다! 1) 낯선 사람들과도 금방 어울려 이야기하는 걸 좋아하고,     잘 들어줄 줄 아는 공감력과 수다력 겸비2) '내가 스파크플러스의 얼굴이다!'하고 스파크플러스의 이미지를 대변할 수 있는    밝고 긍정적인 마인드 함양3) 스파크플러스 내부나 창업생태계의 다양한 외부 커뮤니티와도 잘 어울리고    협력할 수 있는 미친 적응력4) 꼼꼼, 꼼꼼 또 꼼꼼함으로 주변을 잘 챙겨갈 수 있는 섬세함► 우대 조건이 있을까요?  1) 공유 오피스 경험자 혹은 경력자. 기획.   2) 몸과 머리를 동시에 사용해본 자   3) 기계적 반응 아닌 창작 세포가 들끓는 자  4) 묵묵한 리더십 or 폭발하는 친화력이 있는 자  5) 태어날 때부터 내장된 센스가 탑재되어 있는 자► 지원방법과 상세 사항은요?  - 채용인원: 0명 - 채용기간: 커져가는 몸집에, 우리의 모집은 계속됩니다.  - 제출서류: 식상함이 묻어나지 않는 자기소개서, 밟아온 걸음에 대한 이력서 - 진행방식: 서류 \u003e 1차면접(단발머리 Ann) \u003e 2차 면접(두목고릴라 J)      * 면접은 서류 합격자에 한해 진행됩니다. - 급여: 협의 가능 - 근무지: 서울 스파크플러스 전 지점  - 근무시간: 주 5일 / 9:00 ~ 18:00\n\n            \n              \n                  \n                  \n                \n            \n          \n            \n              \n                  \n                \n            \n          \n            \n              \n                  \n+3                \n            \n          \n            \n              \n                  \n                \n            \n          \n            \n              \n                  \n                \n            \n          \n            \n              \n                  \n                \n            \n          "]}