{"url":"https://www.rocketpunch.com//jobs/63988/%EB%AA%A8%EB%B0%94%EC%9D%BC-%EC%95%B1-%EA%B0%9C%EB%B0%9C","title":"모바일 앱 개발","origin":"민트기술","start_date":"02/23 ","newbie":"인턴신입경력","content":["\n        주요 업무\n                    - 모바일 앱 서비스 구축 팀에 합류- iOS 네이티브 앱 개발 (Swift)- Android 네이티브 앱 개발 (Kotlin)- 백엔드 서버 개발 (Ruby on Rails /  MySQL)- 관리자용 프론트엔드 개발 (JavaScript)- 위 전체를 모두 아우르는 것을 권장하나, 일단은 위 항목중 원하는 것부터 시작하는 것도 가능민트기술이 현재…\n            더 보기\n            - 모바일 앱 서비스 구축 팀에 합류- iOS 네이티브 앱 개발 (Swift)- Android 네이티브 앱 개발 (Kotlin)- 백엔드 서버 개발 (Ruby on Rails /  MySQL)- 관리자용 프론트엔드 개발 (JavaScript)- 위 전체를 모두 아우르는 것을 권장하나, 일단은 위 항목중 원하는 것부터 시작하는 것도 가능민트기술이 현재 개발 중인 솔루션- 무인 드론을 이용한 보안 관제 시스템민트기술이 현재 개발중인 모바일 서비스- 중견회사를 위한 사내 소통 시스템 (백엔드/프론트엔드/iOS/Android)- 모빌리티(킥보드) 대여 서비스를 위한 모바일 앱(iOS/Android)- 러닝(달리기) 트래킹 및 공유/관제 시스템- 인공지능을 활용한 성문 분석 비교 시스템 (PC용 응용소프트웨어)\n\n      ","\n        업무 관련 기술 / 활동 분야\n        \n          iOS\n          Swift\n          Android\n          Kotlin\n          Ruby\n        \n      ","\n        채용 상세\n                    담당업무- 개발- 기존에 개발 된 앱과 서비스에 대한 유지 보수 (수정 및 업데이트)- 신규 프로젝트에 대한 개발 (모바일 앱/서버/관리자 UI 등 전체 중 일부)자격요건- 없음우대사항- 자신(팀 혹은 개인)의 모바일 앱을 앱스토어(마켓)에 업로드 해 본 적이 있는 경우- 자신(팀 혹은 개인)이 구축한 웹서버가 현재 운영중인 경우 - GitHub 에…\n            더 보기\n            담당업무- 개발- 기존에 개발 된 앱과 서비스에 대한 유지 보수 (수정 및 업데이트)- 신규 프로젝트에 대한 개발 (모바일 앱/서버/관리자 UI 등 전체 중 일부)자격요건- 없음우대사항- 자신(팀 혹은 개인)의 모바일 앱을 앱스토어(마켓)에 업로드 해 본 적이 있는 경우- 자신(팀 혹은 개인)이 구축한 웹서버가 현재 운영중인 경우 - GitHub 에 꾸준히 활동하는 Profile 을 가지고 있는 경우- 4년제 이공계 졸업\n"]}