{"url":"https://www.rocketpunch.com//jobs/69185/%EC%97%AD%EB%9F%89%EC%9D%84-%EB%A7%88%EC%9D%8C%EA%BB%8F-%ED%8E%BC%EC%B9%98%EC%8B%A4-%EA%B0%9C%EB%B0%9C%EC%9E%90%EB%A5%BC-%EB%AA%A8%EC%A7%91%ED%95%A9%EB%8B%88%EB%8B%A4","title":"역량을 마음껏 펼치실 개발자를 모집합니다","origin":"에스디커뮤니케이션","start_date":"02/07 ","newbie":"경력","content":["\n        주요 업무\n                    광고 마케팅 회사로 관련 솔루션을 개발하고 있습니다\n\n      ","\n        업무 관련 기술 / 활동 분야\n        \n          Front-end\n          Back-end\n          JavaScript\n          HTML5\n          CSS3\n          풀스택개발\n          서버관리\n        \n      ","\n        채용 상세\n                    모집분야웹 개발 경력자 (프론트엔드, 백엔드 개발)담당업무- 프론트엔드개발 직군 (1명)자격요건- 프론트엔드 개발 실무 경력 5년 이상 - 더 나은 UI/UX에 대해 고민하시는 분------------------------------------------------------------------------------------------------…\n            더 보기\n            모집분야웹 개발 경력자 (프론트엔드, 백엔드 개발)담당업무- 프론트엔드개발 직군 (1명)자격요건- 프론트엔드 개발 실무 경력 5년 이상 - 더 나은 UI/UX에 대해 고민하시는 분-----------------------------------------------------------------------------------------------------------------담당업무- 백엔드개발 직군 (1명)자격요건- 백엔드 개발 실무 경력 5년 이상우대사항- 스타트업 근무 경험을 가지신 분- 서버 관리 경험이 있으신 분- 크로스 브라우져에 대한 지식과 브라우저 호환성에 대한 지식을 보유하신 분 - 다양한 서비스 개발 경험 및 문제 해결 능력을 보유하신 분 - 타 부서의 업무를 이해하고 원활하게 커뮤니케이션이 가능하신 분 - 긍정적인 마인드와 빠른 실행력을 보유하신 분\n"]}