{"url":"https://www.rocketpunch.com//jobs/70274/Sr-Program-Manager-Coupang-Eats","title":"Sr. Program Manager (Coupang Eats)","origin":"쿠팡","start_date":"03/01 ","newbie":"경력","content":["\n        주요 업무\n        ** 지원방법: 아래 주소 클릭 후 자유양식의 국문 이력서 1부 제출https://grnh.se/910cc6c41EDP Operations 팀 소개: 쿠팡이츠 배달의 핵심적인 역할을 수행하는 EDP(Eats Delivery Partner) Operations를 담당하는 팀입니다. 크라우드 소싱 기반의 유연한 배송망을 설계, 구축, 운영, 관리하는 업무를 수행하며 데이터를 기반으로 프로세스 개선에 대한 의지가 강한 지원자를 환영합니다. E-commerce 분야에서도 가장 폭발적으로 성장하고 있는 F\u0026B Delivery 시장에서 쿠팡과 함께 커리어를 발전시킬 수 있는 기회입니다. 업무 내용:- Coupang EDP (Eats Delivery Partner, 배달 파트너) Operations의 Start-to-End 운영 - Crowd sourcing 기반의 supply pool management (recruiting, onboarding, activation, retention) - 지역별 배송 난이도, 거리, 시간별 수요/공급 데이터 분석을 통한 가격 정책 수립 및 최적화 - 최상의 배송 경험을 위한 물류 프로세스 개선 및 이슈 follow up - 재해, 재난, 명절 등 필요 시 담당 현장에서 EDP 배달 상황 관제 - 쿠리어앱 / 오퍼레이션 센터의 사용성 개선\n      ","\n        업무 관련 기술 / 활동 분야\n        \n          데이터분석\n          운영\n          서비스운영\n          데이터수집\n          배달앱\n          문제해결\n        \n      ","\n        채용 상세\n        자격 요건:- 최소 3년 이상의 O2O / 물류 / 배달 / 서비스 기획/운영 경험이 있으신 분- 빠른 기업 문화에 대응할 수 있는 데이터 기반의 분석적 사고 능력을 갖춘 분- 유관 부서와의 원활한 협업 및 커뮤니케이션 능력을 지닌 분- 여러 프로젝트를 관리하고 우선순위를 제시할 수 있는 분- 소비자 구매 방식에 새로운 해법을 제시하고 싶은 열정이 있으신 분 우대 사항:- 스타트업에서 빠른 의사결정과 사업 성장 경험- 물류/배송 네트워크, 오퍼레이션 관리 경험 (이륜차 포함)- E-커머스 사업 관련 경험- SQL 활용, 데이터 추출/분석 역량"]}