{"url":"https://www.rocketpunch.com//jobs/64067/%EC%A3%BC-%EB%A9%8B%EC%9F%81%EC%9D%B4%EC%82%AC%EC%9E%90%EC%B2%98%EB%9F%BC-DevOps-Engineer-%EB%AA%A8%EC%A7%91","title":"(주) 멋쟁이사자처럼 - DevOps Engineer 모집","origin":"멋쟁이사자처럼","start_date":"02/18 ","newbie":"경력","content":["\n        주요 업무\n                    •k8s를 사용하여 웹 IDE 기반 온라인 코딩학습 플랫폼을 구축합니다.•Terraform / Serverless를 활용하여 서비스를 설계/운용합니다.•Container Image를 생성하고 관리합니다.•사용자 트래픽에 대한 분산처리를 담당합니다.\n\n      ","\n        업무 관련 기술 / 활동 분야\n        \n          AWS Lambda\n          ec2\n          rds\n          Amazon Route 53\n          Terraform\n          cloudformation\n          datalake\n          Serverless Framework\n          CI/CD\n          devops\n          백엔드 개발\n          Kubernetes\n          Docker\n          Amazon AWS\n        \n      ","\n        채용 상세\n                    [ 기업 소개 ]  '(주) 멋쟁이사자처럼' 는 2013년부터 6년간 5개국 130여 개 대학에서 4,300여 명의 대학생에게 프로그래밍을 가르친 경험을 토대로 세계에서 통하는 글로벌 코딩 교육 플랫폼을 만들고자 합니다.[ 담당업무 ]• 웹 IDE 기반 온라인 코딩학습 플랫폼을 구축합니다.• 서버리스 및 마이크로 아키텍쳐로 서비스를 설계,구축 합니다…\n            더 보기\n            [ 기업 소개 ]  '(주) 멋쟁이사자처럼' 는 2013년부터 6년간 5개국 130여 개 대학에서 4,300여 명의 대학생에게 프로그래밍을 가르친 경험을 토대로 세계에서 통하는 글로벌 코딩 교육 플랫폼을 만들고자 합니다.[ 담당업무 ]• 웹 IDE 기반 온라인 코딩학습 플랫폼을 구축합니다.• 서버리스 및 마이크로 아키텍쳐로 서비스를 설계,구축 합니다.• 프로덕트를 만드는 개발자의 생각이 제품개발에 최우선으로 반영됩니다.• 필요에 따라 다양한 기술을 도입할 수 있는 유연한 개발환경이 보장됩니다.• 개발하는 서비스의 미션을 이해하고, 이를 주도적으로 해결 해나갈 개발자를 찾습니다.[ 자격요건 ]- Linux system에 대한 이해- 클라우드 서비스에 대한 전반적인 서비스 이해- Web service 인프라 설계 경험- k8s 기반 Container 운영 경험- Terraform / Serverless 활용 경험- 관련 경험 4년 이상[ 우대사항 ]- k8s 기반 CI/CD 구성 및 도구 개발- 대용량 트래픽 서비스 운용 경험- 대규모 어플리케이션 운영 경험- 어플리케이션/인프라 트러블 슈팅 경험- Kernel 환경 서비스 경험- EKS 사용 경험- 에듀테크 업계 경력자- Python 개발 능력\n"]}