{"url":"https://www.rocketpunch.com//jobs/67905/%EA%B3%A0%EA%B0%9D%EA%B8%B0%EC%88%A0%EC%98%81%EC%97%85-%EB%B0%8F-%EC%82%AC%EC%97%85%EA%B0%9C%EB%B0%9C","title":"고객/기술영업 및  사업개발","origin":"어드밴탭","start_date":"01/10 ","newbie":"경력","content":["\n        주요 업무\n                    ADVANTAPP는 기업의 업무 자동화 및 효율화를 도와주는 협업툴 개발 회사 입니다.Sales Force Automation, Groupware, Messenger 기반의 협업툴까지 솔루션을 개발 및 판매하고 있습니다.금번 채용인원은 지금까지 개발된 솔루션을 본격적으로 시장에 판매하기 위한 사업개발 및 기획과 고객/기술영업을 담당할 인력 입니다. …\n            더 보기\n            ADVANTAPP는 기업의 업무 자동화 및 효율화를 도와주는 협업툴 개발 회사 입니다.Sales Force Automation, Groupware, Messenger 기반의 협업툴까지 솔루션을 개발 및 판매하고 있습니다.금번 채용인원은 지금까지 개발된 솔루션을 본격적으로 시장에 판매하기 위한 사업개발 및 기획과 고객/기술영업을 담당할 인력 입니다. - 고객/기술영업 및 사업전략 및 기획, 사업개발 (모집인원 : 1~2명)ADVANTAPP과 함께 국내 기업 협업툴 시장의 강자가 될 수 있는 초석을 같이 만들고 성장시킬 의향이 있는기업가 정신을 가진 분들은 언제든 연락해 주시기 바랍니다.\n\n      ","\n        업무 관련 기술 / 활동 분야\n        \n          온라인마케팅\n          브랜드마케팅\n          소셜마케팅\n          블로그\n          디지털마케팅\n          제휴마케팅\n          Google Analytics\n        \n      ","\n        채용 상세\n                    담당업무- 고객/기술영업 및 사업개발 (모집인원 : 1~2명)- 디지털 마케팅자격요건- 원할한 의사소통 능력과 기업가 정신으로 Start-up에서 가족같이 일하실 분- 대 고객 영업 및 디지털 마케팅 경력(SNS 마케팅, 업종 관계없음) 우대사항- 영어 가능자 우대\n"]}