{"url":"https://www.rocketpunch.com//jobs/69877/%ED%94%84%EB%A1%A0%ED%8A%B8%EC%97%94%EB%93%9C-%EA%B0%9C%EB%B0%9C%EC%9E%90","title":"프론트엔드 개발자","origin":"식스샵","start_date":"02/20 ","newbie":"경력","content":["\n        주요 업무\n                    [주요 업무]전자상거래 플랫폼 전반에 걸친 유려한 사용자 경험을 만들기 위한 프론트엔드 고도화[식스샵은 뭐 하는 곳인가요?]식스샵은 생애 첫 온라인 창업을 준비하는 초보 창업자들이 보다 손쉽게 온라인 비즈니스를 시작할 수 있는 올인원 쇼핑몰 플랫폼 서비스를 제공하고 있습니다. 식스샵을 사용하면 어려운 기술에 대한 전문 지식 없이 혼자서도 멋진 웹사이…\n            더 보기\n            [주요 업무]전자상거래 플랫폼 전반에 걸친 유려한 사용자 경험을 만들기 위한 프론트엔드 고도화[식스샵은 뭐 하는 곳인가요?]식스샵은 생애 첫 온라인 창업을 준비하는 초보 창업자들이 보다 손쉽게 온라인 비즈니스를 시작할 수 있는 올인원 쇼핑몰 플랫폼 서비스를 제공하고 있습니다. 식스샵을 사용하면 어려운 기술에 대한 전문 지식 없이 혼자서도 멋진 웹사이트를 만들어 상품 판매를 시작 할 수 있습니다.[식스샵의 미션은 무엇인가요?]식스샵의 미션은 '새로운 가치를 창조하는 사람들의 성공을 돕는 것'입니다. 우리는 고객들의 아이디어가 성공적인 기업의 형태로 발전해 나가는 여정을 함께하고 있으며 고객이 우리의 자산이자 경쟁력이라는 것을 믿고 매일 같이 그들의 성공을 돕기 위해 노력하고 있습니다.[식스샵의 고객은 누구인가요?]'나만의 브랜드를 만들어 가는 초보 창업자'가 식스샵의 핵심 고객입니다.기존에 없던 새로운 가치 혹은 기존의 것을 발전시킨 무언가를 선보이고 전파하는 식스샵의 고객들은 주로 1-5인 규모의 팀으로 이루어져 있으며 자체 제작 상품, 아이디어 상품 등을 주로 판매하며 독자적인 브랜드를 구축하고자 하는 사람들입니다. 우리의 고객은 더 저렴하게 더 많은 상품을 판매하고자 하는 오픈 마켓의 사용자와는 다른 방식의 성장을 원하고 있습니다.우리는 매일 고객을 마주하고 그들을 배우며 그들을 위한 최고의 서비스가 되기 위해 노력합니다.[식스샵의 근무 환경은 어떤가요?]식스샵은 20대~30대 초중반으로 구성된 젊은 팀으로 ’~님’ 호칭을 사용하여 자유롭게 의견을 개진할 수 있는 환경을 중시합니다.또한 일과 삶의 밸런스를 중시하는 사람은 퇴근 후의 소중한 시간을, 일에 매진하는 워커홀릭에게는 성과에 맞는 보상을 약속합니다.마지막으로, 식스샵은 구성원의 배움을 매우 중요하게 생각합니다. 도서 구매비는 물론 교육과 세미나 참가비 등 업무 역량을 강화하기 위한 학습 비용을 적극적으로 지원합니다.[혜택 및 복지]- 업계 최고 수준의 보상 (직전 연봉 대비 최소 20% 인상 보장)- 최신 사양의 최고급 장비 및 소프트웨어 제공- 도서 구매비, 교육비, 세미나 참가비 등 역량 계발 비용 지원- 자유로운 휴가 사용 (반반차 / 반차 / 연차)- 경조사 지원금 제공[수습 기간]- 3개월 (급여는 동일하게 지급되며, 팀의 문화, 그리고 직무와 잘 맞는지 서로 확인하는 기간입니다.)[지원 방법]- 로켓 펀치에 이력서 업로드 (업무 역량과 관계없는 다음 사항은 가급적 빼주세요: 사진, 성별, 결혼 여부, 가족 관계, 현재 연봉 등)[채용 절차]- 서류 검토 \u003e 코딩테스트 \u003e 실무 면접 \u003e 대표 면접- 면접 방문시 편한 복장 착용- 면접 방문시 소정의 교통비 제공[주요 개발 환경 및 사용 서비스]- AWS- AWS CodeBuild \u0026 Travis CI- Spring- Java- JRebel- AWS Aurora- Github- IntelliJ- Jira[개발 문화]- 애자일 방법론의 Sprint, Scrum을 적용하여 운영하고 있습니다.- 본인의 업무에 장시간 동안 집중할 수 있도록 회의는 2~3주에 한 번씩 하는 스프린트 회의 때 몰아서 합니다.- 코드 리뷰를 통한 품질 개선 및 노하우 공유를 중요하게 생각합니다.- 기록을 남기는 것을 중요하게 생각합니다.- 모든 PR은 리뷰를 거치며, 리뷰 시 GitHub의 리뷰 시스템을 이용하여 구체적으로 코멘트들을 기록합니다.- 함께 식스샵의 개발 문화를 발전시켜나갈 분을 찾습니다.\n\n      ","\n        업무 관련 기술 / 활동 분야\n        \n          React.js\n          jQuery\n          CSS\n          HTML\n          JavaScript\n        \n      ","\n        채용 상세\n                    [자격요건]- 2년 이상의 웹 프론트엔드 개발 경력 또는 그에 준하는 완성도 높은 결과물 구현 능력- Vanilla Javascript 및 웹 환경에 대한 깊은 이해[우대사항]이런 경험이 있으시다면 더욱 좋습니다.- 백엔드 개발 경험 혹은 하나의 온전한 웹 서비스를 주도적으로 만들어본 경험- ES6+, Babel 등 자바스크립트의 최신 동향에 대한 …\n            더 보기\n            [자격요건]- 2년 이상의 웹 프론트엔드 개발 경력 또는 그에 준하는 완성도 높은 결과물 구현 능력- Vanilla Javascript 및 웹 환경에 대한 깊은 이해[우대사항]이런 경험이 있으시다면 더욱 좋습니다.- 백엔드 개발 경험 혹은 하나의 온전한 웹 서비스를 주도적으로 만들어본 경험- ES6+, Babel 등 자바스크립트의 최신 동향에 대한 집착- Webpack, Parcel 등 Javascript 기반 Bundler 사용 경험- React, Vue, Angular 중 한 가지 이상의 모던 프레임워크를 이용한 서비스 개발 경험- MobX 또는 Redux, Redux-Saga 등 state-management library 사용 경험- Require.js, Backbone 등 사용 경험- 서비스의 레거시를 개선하기 위한 구조 개선/리팩토링 경험- 커머스 업종에 대한 경험이 있으신 분- 커머스 도메인에 대한 지식이 있으신 분\n"]}