{"url":"https://www.rocketpunch.com//jobs/68228/%EC%9B%B9-%EC%95%B1-%EA%B0%9C%EB%B0%9C%EC%9C%A0%EB%8B%88%ED%8B%B0-html5-%EA%B0%9C%EB%B0%9C-%EC%A3%BC%EB%8B%88%EC%96%B4-%EA%B0%9C%EB%B0%9C%EC%9E%90%EB%A5%BC-%EB%AA%A8%EC%8B%AD%EB%8B%88%EB%8B%A4","title":"웹, 앱 개발/유니티, html5 개발 주니어 개발자를 모십니다","origin":"엔티유","start_date":"12/28 ","newbie":"인턴신입경력","content":["\n        주요 업무\n        향후 저희 회사의 프로젝트는 다음과 같습니다.1. 유니티, html5 앱, 페이스북, 구글 플랫폼 게임 개발2. 글로벌 라이센스 취득과 관련 게임, 서비스 개발3. 카카오와의 협업을 통한 블록체인 기반 게임 개발4. 머신러닝을 기반으로 한 글로벌 AI 서비스 개발5. 블록체인 시스템 연계한 웹, 앱 서비스 개발 및 론칭6. 블록체인 dapp 개발 및 서비스 론칭7. 토큰 개발 및 리버스 ICO, IEO 준비8. 화상통화 개념을 기반으로 한 글로벌 프로젝트 진행새로운 프로젝트를 추진하게 되면서 관련 개발 업무에 인원확충이 필요해서열정있고 우수한 인재를 모시고 일을 하고자 합니다.\n      ","\n        업무 관련 기술 / 활동 분야\n        \n          iOS\n          Android\n          MySQL\n          Java\n        \n      ","\n        채용 상세\n        1. 구인 직책 : 시니어급(경력 7년이상) 개발자 1명 / 주니어급(경력 무관) 개발자 1명2. 근무 장소 : 양천구 오목교역3. 급여 : 협의4. 필요스펙주니어- Java 언어 숙지- 웹,앱 개발 경험 또는 개발할 의지- 풀스텍 지향 마인드- 머신러닝에 관심 있으신분5. 우대사항- 네이티브 앱 개발 경험- 유니티 개발 경험- html5 개발 경험- CentOS 7.0 서버 설치 경험- 블록체인 네이티브 월렛 설치 경험- ERC20 dapp 개발 경험- NodeJS, SPA 등을 이용한 웹 개발 가능- TypeScript에 대한 이해- RDBMS(MariaDB, Postgresql 등...) 사용경험- 외부 블록체인 지갑 api 이용 경험- 자체적인 블록체인 노드 api 개발열정적이고 관심 있으신 분들은 회사메일로 이력서를 보내주세요.저희 회사의 미래와 함께 하실 분들의 많은 지원 기대하겠습니다.이메일 : ceo@ntucorp.com"]}