{"url":"https://programmers.co.kr/job_positions/746","title":"웹서비스 풀스택 개발자","origin":"자란다","start_date":"","newbie":false,"content":["기술 스택\nES6 HTML5 Less.js TypeScript Angular Google Cloud Platform MySQL Python","업무 소개\n\n자란다 O2O 서비스 플랫폼 Front-end/Back-end 설계/개발\n\n추천시스템: 성향/기질/위치정보/스케줄 등의 데이터 분석 기반 추천 매칭 시스템\n방문/스케줄관리: 자란선생님 방문일정/스케줄 매니지먼트 시스템\njaranda.kr 웹사이트: 부모님/선생님을 위한 자란다 서비스 소개 랜딩페이지\n결제시스템: 카드결제, 계좌이체, 펌뱅킹, iamport, 카카오페이 등의 각종 결제시스템 구축 및 연동\n\n[업무 능력]\n\n웹 퍼블리싱: 화면 설계와 디자인을 HTML5, JavaScript, CSS 기반으로 구현\n데이터 시각화: 데이터를 수치/그래프 등으로 화면에 표현 (D3, Google Charts 등)\nFront-end 개발: Javascript 클라이언트 로직 구현 (Angular, TypeScript)\nDB 설계: MySQL, Firebase 등의 DB 설계 및 Query 작성, 최적화, 튜닝\n통계/스케줄러: 서비스 운영에 필요한 각종 통계 DB 구축 및 스케줄러에 의한 서비스 프로세스 제어/관리\nAPI 설계: 클라이언트(웹/앱)로부터의 각종 비즈니스 로직 처리 및 데이터 입출력을 위한 API 서버 구축 및 API 설계/작성\n메시징 서비스: 웹/앱 상에서 발생하는 각종 메시지, 카카오 알림톡, APNS/FCM Push 등을 통합적으로 처리하는 메시징 서비스 구축","자격 조건\n학력/경력 무관\nComputer Science에 대한 탄탄한 기초 지식을 보유하신 분\n새로운 개발 환경, 언어, 기술을 익히는 것에 대한 두려움이 없고 learning curve가 좋은 분\n합리적인 커뮤니케이션 스킬을 통해, 각 분야의 담당자들과 생산적인 협업을 하실 수 있는 분","우대 사항\npolyglot / devops 개발자\nAngular, VueJS 등 한 가지 이상의 Javascript Framework을 능숙하게 사용하시는 분 (자체제작 Framework도 인정)\nUI/UX의 차이점을 이해하고 고객 중심의 서비스를 설계하는데 익숙하신 분\nRESTful 서비스 설계, python 기반의 Back-end 개발 등 웹서비스의 전체적인 흐름을 이해하고 설계/개발할 수 있는 full stack 개발자\n데이터 분석/알고리즘 능력자 (선생님과 아이 간 매칭을 위한 추천시스템 고도화)\niPhone/Android 개발 (Webapp을 기반으로 한 모바일 앱 개발)"]}