{"url":"https://www.rocketpunch.com//jobs/66207/%EC%84%B1%EC%9E%A5%ED%95%98%EB%8A%94-%EC%97%90%EB%93%80%ED%85%8C%ED%81%AC-%EC%8A%A4%ED%83%80%ED%8A%B8%EC%97%85%EC%97%90%EC%84%9C-%EC%9B%B9-%EA%B0%9C%EB%B0%9C%EC%9E%90%EB%B6%84%EC%9D%84-%EB%AA%A8%EC%8B%AD%EB%8B%88%EB%8B%A4","title":"성장하는 에듀테크 스타트업에서 웹 개발자분을 모십니다.","origin":"키드파인드","start_date":"11/28 ","newbie":"인턴신입경력","content":["\n        주요 업무\n        키드파인드는 10월 런칭 후 빠르게 성장 중입니다.성장세에 맞춰 관리자페이지 리디자인 과정 및 웹플랫폼 런칭을 총괄해 주실 개발자분을 찾습니다.\n      ","\n        업무 관련 기술 / 활동 분야\n        \n          Java\n          MySQL\n          JSP\n          JavaScript\n          jQuery\n          HTML5\n          Front-end\n          Back-end\n          풀스택개발\n          CSS3\n          Spring MVC\n        \n      ","\n        채용 상세\n        담당업무- 관리자페이지 유지보수 및 리디자인.- 웹 플랫폼 개발 및 런칭.[필수요건]- 웹 개발 경력 3년 이상인 분. - Java 및 MySQL에 대한 이해가 높으신 분. - Spring framework 이용 개발 경력이 있으신 분. - JQuery, javascript, CSS 이용 개발 경력이 있으신 분. - 필수적인 프로그래밍 지식 및 개발경험, 그리고 git등을 통해 분산된 소프트웨어 팀에서 협업한 경험이 있으신 분. [우대요건]- 크로스 브라우징 대응 경험이 많으신 분. - CSS 응용능력이 높으신 분. - 관련자격증 (예: 정보처리기능사) 취득자."]}