{"url":"https://www.rocketpunch.com//jobs/63107/Devops-%EC%8B%9C%EC%8A%A4%ED%85%9C-%EC%97%94%EC%A7%80%EB%8B%88%EC%96%B4","title":"Devops \u0026 시스템 엔지니어","origin":"코멘토","start_date":"03/02 ","newbie":"소신입경력","content":["\n        주요 업무\n                    상세 업무 내용과 필요 요건- 코멘토 서비스 아키텍처를 고민하고 구축해나갑니다.- 사용중인 AWS 인프라를 최적으로 구축하고 운영해나갑니다.- 서비스를 안정적이고 빠르게 빌드하고 배포하는 환경을 만들어나갑니다.- 서비스 모니터링을 위한 로깅 및 알람을 구성하고 이슈가 있을시 즉각 팀에게 공유합니다.- 더 나은 개발문화를 위해 함께 고민합니다.코멘토에…\n            더 보기\n            상세 업무 내용과 필요 요건- 코멘토 서비스 아키텍처를 고민하고 구축해나갑니다.- 사용중인 AWS 인프라를 최적으로 구축하고 운영해나갑니다.- 서비스를 안정적이고 빠르게 빌드하고 배포하는 환경을 만들어나갑니다.- 서비스 모니터링을 위한 로깅 및 알람을 구성하고 이슈가 있을시 즉각 팀에게 공유합니다.- 더 나은 개발문화를 위해 함께 고민합니다.코멘토에서 함께 일 할 사람들 보러 가기- 함께 일 할 백엔드 개발자 보러 가기 : https://brunch.co.kr/@comento/119- 함께 일 할 개발팀장 보러 가기 : https://brunch.co.kr/@comento/120- 함께 일 할 프론트엔드 개발자 보러 가기 : https://brunch.co.kr/@comento/117- 함께 일 할 디자이너 보러 가기 : https://brunch.co.kr/@comento/116- 함께 일 할 그로스팀장 보러 가기 : https://brunch.co.kr/@comento/132- 함께 일 할 컬처디자인팀장 보러 가기 : https://brunch.co.kr/@comento/131- 함께 일 할 사업개발팀장님 보러가기 : https://brunch.co.kr/@comento/118\n\n      ","\n        업무 관련 기술 / 활동 분야\n        \n          aws\n          GCP\n          elk-stack\n          Docker\n          k8s\n        \n      ","\n        채용 상세\n                    [업무가 제공하는 성장 기회]1. 올바른 개발 실무의 기초를 배울 수 있습니다.2. 개발에 대한 높은 자유도가 있습니다.- 개발자 분들에게 개발 방법과 기술 선택에 대한 높은 자유도를 드립니다. 따라서 다양한 기술적 실험들을 해보고 그 과정에서 배우고 성장할 수 있습니다.3. LEAN하게 일하는 방법을 배울 수 있습니다.- 저희 팀은 수준 높은 'P…\n            더 보기\n            [업무가 제공하는 성장 기회]1. 올바른 개발 실무의 기초를 배울 수 있습니다.2. 개발에 대한 높은 자유도가 있습니다.- 개발자 분들에게 개발 방법과 기술 선택에 대한 높은 자유도를 드립니다. 따라서 다양한 기술적 실험들을 해보고 그 과정에서 배우고 성장할 수 있습니다.3. LEAN하게 일하는 방법을 배울 수 있습니다.- 저희 팀은 수준 높은 'Problem solving' 경험을 갖추고 있습니다. 팀에서 가설을 수립하고 문제를 해결하는 과정을 통해 개발 외적으로 팀 역량을 향상시킬 수 있습니다.4. 개발 문화는 함께 만들어 갔으면 좋겠습니다.- 코멘토는 아직 작은 팀입니다. 제대로 잘 갖춰진 개발문화를 알려드리고 학습시켜드릴 수는 없지만, 함께 좋은 문화를 만들어 보고 그 과정에서 배우고 성장하실 분이라면 좋겠습니다.[필요역량]- AWS, GCP등을 사용해서 웹 서비스를 구축해보신 분- 운영 및 배포 자동화 환경을 구성해보신 분- 한가지 이상 프로그래밍 언어에 능숙하신 분- 문제 해결 능력 및 책임감이 있으신 분- 더 나은 개발문화에 대한 고민이 있으신 분- 대학교 졸업 예정자 또는 졸업자[우대역량]- AWS 상에서 대용량 서비스를 경험해보신 분- DB, 캐시 최적화에 대해 경험해보신 분- ELK 스택을 운용해보신 분- Docker, k8s를 실제 서비스에 적용해보신 분- 높은 승부욕과 새로운 것을 빠르게 학습할 수 있는 능력이 있으신 분[전형 단계]1. 서류 전형 - 2. 과제 전형 - 3. 면접 전형(1차) - 4. 면접 전형 (2차) - 5. 최종 합격※ 서류 전형 합격자에 한하여 온라인으로 과제가 부여될 예정입니다.※ 지방 거주 시, 화상 면접으로 진행할 수 있습니다.※ 필요 시, 전화면접 전형이 추가될 수 있습니다.[제출 서류]- 이력서- 지원동기- 포트폴리오  ※ 별도 서류 업로드가 어려울 경우, 로켓펀치 내 메시지에 코멘토 지원동기를 작성하여도 무방\n"]}