{"url":"https://www.rocketpunch.com//jobs/69742/%EB%94%94%EC%8A%A4%EC%9D%B4%EC%A6%88%EC%97%94%EC%A7%80%EB%8B%88%EC%96%B4%EB%A7%81-Machine-Learning-%EA%B0%9C%EB%B0%9C%EC%9E%90-%EC%B1%84%EC%9A%A9","title":"[디스이즈엔지니어링] Machine Learning 개발자 채용","origin":"디스이즈엔지니어링","start_date":"02/18 ","newbie":"경력","content":["\n        주요 업무\n                    담당업무- 자율비행을 위한 Machine Learning 알고리즘 개발\n\n      ","\n        업무 관련 기술 / 활동 분야\n        \n          머신러닝\n          machine-learning\n          deep-learning\n          딥러닝\n          C C++\n          TensorFlow\n          Python\n          caffe\n          드론\n          drone\n        \n      ","\n        채용 상세\n                    담당업무- 자율비행을 위한 Machine Learning 알고리즘 개발자격요건 - 공학계열 학사 이상- 머신러닝 분야 경력 - TensorFlow / Pytorch / Caffe 등 deep learning 프레임웍 개발 경험- C/C++ 또는 Python으로 deep learning 알고리즘 개발 경험우대사항- 관련전공 석박사 학위자- C/C++ …\n            더 보기\n            담당업무- 자율비행을 위한 Machine Learning 알고리즘 개발자격요건 - 공학계열 학사 이상- 머신러닝 분야 경력 - TensorFlow / Pytorch / Caffe 등 deep learning 프레임웍 개발 경험- C/C++ 또는 Python으로 deep learning 알고리즘 개발 경험우대사항- 관련전공 석박사 학위자- C/C++ 개발 가능하신 분- 영상 관련 머신러닝 경험\n"]}