{"url":"https://www.rocketpunch.com//jobs/69354/%EC%9B%B9%EC%95%B1-%EC%84%9C%EB%B9%84%EC%8A%A4-%EA%B8%B0%ED%9A%8D%EC%9E%90-%EB%AA%A8%EC%A7%91","title":"웹/앱 서비스 기획자 모집","origin":"한터글로벌(한터차트)","start_date":"02/24 ","newbie":"소신입경력","content":["\n        주요 업무\n                    한터글로벌의 신규, 기존 웹/앱 서비스를 기획합니다.한터글로벌은 다음과 같은 서비스를 출시, 운영 중 또는 예정 중 에 있습니다.1. 한터차트 : 웹 서비스2. 한터뉴스 : 웹 서비스3. 후즈팬 : 앱 서비스4. HBA : 웹 서비스저희 서비스는 글로벌 서비스를 지의 신규, 기존 웹/앱 서비스를 기획합니다.한터글로벌은 다음과 같은 서비스를 출시, 운…\n            더 보기\n            한터글로벌의 신규, 기존 웹/앱 서비스를 기획합니다.한터글로벌은 다음과 같은 서비스를 출시, 운영 중 또는 예정 중 에 있습니다.1. 한터차트 : 웹 서비스2. 한터뉴스 : 웹 서비스3. 후즈팬 : 앱 서비스4. HBA : 웹 서비스저희 서비스는 글로벌 서비스를 지의 신규, 기존 웹/앱 서비스를 기획합니다.한터글로벌은 다음과 같은 서비스를 출시, 운영 중 또는 예정 중 에 있습니다.1. 한터차트 : 웹 서비스2. 한터뉴스 : 웹 서비스3. 후즈팬 : 앱 서비스4. HBA : 웹 서비스저희 서비스는 글로벌 서비스를 지향하고 있기 때문에북미, 남미, 유럽, 아시아 등 여러 국가를 상대로 일해 보실 수 있습니다.또한 K-pop 관련 컨텐츠를 주력으로 하기 때문에 K-pop을 사랑하시는 분이라면 더욱 즐겁게 일하실 수 있습니다^^\n\n      ","\n        업무 관련 기술 / 활동 분야\n        \n          서비스 기획\n          컨텐츠 기획\n          기획•운영\n          브랜드기획\n        \n      ","\n        채용 상세\n                    담당업무- 기존 서비스 고도화 기획- 신규 서비스 기획자격요건- 웹/앱 서비스를 기획 해본자 (실제 출시와 관계 없이 포폴도 무관)- 협업을 위한 원활한 커뮤니케이션 능력을 갖춘자우대사항- 영어가능자- 글로벌 서비스 운영 경험이 있는자* 3월부터 강남구(봉은사역 도보 5분 이내)로 근무지 변경 예정\n            더 보기\n            담당업무- 기존 서비스 고도화 기획- 신규 서비스 기획자격요건- 웹/앱 서비스를 기획 해본자 (실제 출시와 관계 없이 포폴도 무관)- 협업을 위한 원활한 커뮤니케이션 능력을 갖춘자우대사항- 영어가능자- 글로벌 서비스 운영 경험이 있는자* 3월부터 강남구(봉은사역 도보 5분 이내)로 근무지 변경 예정\n"]}