{"url":"https://www.rocketpunch.com//jobs/70169/No1-%EC%8B%AC%EB%A6%AC-%EC%8A%A4%ED%83%80%ED%8A%B8%EC%97%85-%EC%95%84%ED%86%A0%EB%A8%B8%EC%8A%A4%EC%A3%BC%EC%97%90%EC%84%9C-iOS-%EA%B0%9C%EB%B0%9C%EC%9E%90%EB%A5%BC-%EC%B0%BE%EC%8A%B5%EB%8B%88%EB%8B%A4","title":"No.1 심리 스타트업, 아토머스(주)에서 iOS 개발자를 찾습니다.","origin":"아토머스","start_date":"03/03 ","newbie":"신입경력","content":["\n        주요 업무\n                    - 심리상담 어플리케이션 \"마인드카페\", \"마인드카페 Pro\" iOS 개발 - AI 챗봇 등 개발기술 iOS 적용 등  \u003c어플리케이션 다운로드\u003e  마인드카페 : http://onelink.to/fddxbp  마인드카페 PRO : http://onelink.to/hfryzk\n            더 보기\n            - 심리상담 어플리케이션 \"마인드카페\", \"마인드카페 Pro\" iOS 개발 - AI 챗봇 등 개발기술 iOS 적용 등  \u003c어플리케이션 다운로드\u003e  마인드카페 : http://onelink.to/fddxbp  마인드카페 PRO : http://onelink.to/hfryzk\n\n      ","\n        업무 관련 기술 / 활동 분야\n        \n          iOS\n          Swift\n          RxSwift\n          autolayout\n          App push\n        \n      ","\n        채용 상세\n                    ‘아토머스㈜’에서 현대인의 아픈 마음을 치유하며 세상을 함께 변화시킬 전문성과 사명감을 지닌 인재를 찾습니다. 우리는 심리적으로 취약해지고 있지만 마음과 정신건강에 대한 서비스에 대한 인식과 접근성은 여전히 부족합니다.  \"마음이 다치면, 세상도 닫힙니다.\" 하지만, \"함께하면 변화가 시작됩니다\" 라는 슬로건하에정신건강의학 전문의, 심리상담전문가, …\n            더 보기\n            ‘아토머스㈜’에서 현대인의 아픈 마음을 치유하며 세상을 함께 변화시킬 전문성과 사명감을 지닌 인재를 찾습니다. 우리는 심리적으로 취약해지고 있지만 마음과 정신건강에 대한 서비스에 대한 인식과 접근성은 여전히 부족합니다.  \"마음이 다치면, 세상도 닫힙니다.\" 하지만, \"함께하면 변화가 시작됩니다\" 라는 슬로건하에정신건강의학 전문의, 심리상담전문가, IT 전문가가 모여 정신건강 플랫폼인 \"마인드카페\"와 \"마인드카페 Pro\" 서비스를 만들어 오고 있습니다. 국내 최대 규모의 심리상담 관련 데이터를 확보하고 있으며 이를 바탕으로서비스 고도화와 AI 기반 대화 엔진, 자가 심리치유프로그램을 개발하고 있습니다.  아직은 부족한 점도, 개발이 필요한 부분도 많지만 성장의 가능성은 자신있게 말씀드릴 수 있을 것 같습니다.저희와 함께하실 개발자 분을 기다립니다. [모집부문 및 자격요건]모집부문 : iOS 개발자모집인원 : 1명 [자격요건] 아래 사항에 경험이 있으시고 팀원을 중요하게 생각하시는 분을 모십니다.- Swift 5- AutoLayout, Storyboard- RestAPI - 푸시 서비스 개발[우대사항]아래 사항에 경험이 있으신 분을 환영합니다.- RxSwift- CocoaPods- Kingfisher- Alamofire- ObjectMapper- Facebook SDK - Firebase- RealmSwift[근무조건] 근무형태 : 정규직근무요일 : 주 5일(월~금)급여 : 면접 후 협의 [전형절차]1.서류전형 2.기술인터뷰(포트폴리오 리뷰)3.상호인터뷰 ※서류 검토 후 개별적으로 인터뷰에 대해 안내드리겠습니다.[제출서류 및 지원방법]지원방법: e-mail 접수 (recruit@atommerce.com)접수기간 : 채용시 마감 제출서류 : 1. 이력서 및 자기소개서 (자유형식) 2. 포트폴리오※ \"왜 아토머스에 지원하게 되었는지 / 어떤 부분에서 아토머스에 기여하고 싶은지 수 있을지 /     아토머스와 함께하면서 어떤 부분에서 어떻게 성장하고 싶으신지\" 를 함께 적어 보내주시면     검토에 큰 도움이 되겠습니다.관심을 가져주셔서 감사합니다.함께 아토머스를 만들어나갈 좋은 동료를 기다립니다.\n"]}