{"url":"https://www.rocketpunch.com//jobs/58776/%EC%9B%B9%EB%94%94%EC%9E%90%EC%9D%B8","title":"웹디자인","origin":"비알스톰","start_date":"02/07 ","newbie":"경력","content":["\n        주요 업무\n                    - sns/광고, 상품페이지 등 자사 서비스 컨텐츠 디자인\n\n      ","\n        업무 관련 기술 / 활동 분야\n        \n          UI/UX디자인\n          웹디자인\n          UI디자인\n          모바일디자인\n          UX디자인\n          콘텐츠디자인\n          모바일/웹디자인\n          앱디자인\n          웹디자이너\n          앱디자이너\n          HTML5, CSS3, jQuery, javascript\n          HTML\n          CSS\n          jQuery\n          js\n        \n      ","\n        채용 상세\n                    자격요건- 포토샵, 일러스트레이터 등 웹 디자인 관련 툴 활용 가능자- 시간을 효율적으로 잘 매니지 하시는 분- 의사표현을 적극적으로 할 수 있는 분- 소신과 방향성을 고려할 수 있는 분- 머트리얼 디자인 트렌드 이해하시는분- 퍼블리싱 가능자 우대 (필수아님)- 경력 1년 이상우대사항-해당직무 근무경험-퍼블리싱 가능자\n            더 보기\n            자격요건- 포토샵, 일러스트레이터 등 웹 디자인 관련 툴 활용 가능자- 시간을 효율적으로 잘 매니지 하시는 분- 의사표현을 적극적으로 할 수 있는 분- 소신과 방향성을 고려할 수 있는 분- 머트리얼 디자인 트렌드 이해하시는분- 퍼블리싱 가능자 우대 (필수아님)- 경력 1년 이상우대사항-해당직무 근무경험-퍼블리싱 가능자\n\n            \n              \n                  \n                  \n                \n            \n          \n            \n              \n                  \n                \n            \n          \n            \n              \n                  \n+3                \n            \n          \n            \n              \n                  \n                \n            \n          \n            \n              \n                  \n                \n            \n          \n            \n              \n                  \n                \n            \n          "]}