{"url":"https://www.rocketpunch.com//jobs/67302/%EC%A4%91%EA%B5%AD-%EC%A0%84%EC%9E%90%EC%83%81%EA%B1%B0%EB%9E%98-%ED%9A%8C%EC%82%AC%EC%9D%98-%EA%B2%BD%EC%98%81%EC%A7%80%EC%9B%90-%ED%8C%80%EC%9E%A5%EA%B8%89-%EC%9D%B8%EC%9E%AC%EB%A5%BC-%EA%B8%B0%EB%8B%A4%EB%A6%BD%EB%8B%88%EB%8B%A4","title":"중국 전자상거래 회사의 경영지원 팀장급 인재를 기다립니다.","origin":"바이마로지스틱스","start_date":"12/24 ","newbie":"인턴신입경력","content":["\n        주요 업무\n        저희 BAIMA LOGISTICS는 중국 광저우에 본사를두고 있으며홍콩,웨이하이에 지사가 있습니다. 전자상거래 물류회사 이며 국가지부처 투자로 한국의 우체국과 같은 EMSCHINAPOST의 직영점입니다. 주 업무내용으로는 경영지원 및 마케팅 기업간의 구매대행 부서 관리 개인의 해외직구\u0026 구매대행 사이트 부서 관리 팀장급 인재를 기다립니다.\n      ","\n        업무 관련 기술 / 활동 분야\n        \n          온라인마케팅\n          바이럴마케팅\n        \n      ","\n        채용 상세\n        담당업무-기업간의 구매대행 부서 관리 -개인의 해외직구\u0026 구매대행 사이트 부서 관리--자격요건-마케팅의 전반적인 개념을 숙지하고 계신분 -보다 진취적인 사고를 가지신 분 -우대사항- 창업동아리 활동이력 - 스타트업 창업 이력 -\n            \n              \n                  \n                \n            \n          \n            \n              \n                  \n                  \n                \n            \n          "]}