{"url":"https://www.rocketpunch.com//jobs/69593/iOS%EA%B0%9C%EB%B0%9C%EC%9E%90","title":"iOS개발자","origin":"굿닥","start_date":"02/19 ","newbie":"경력","content":["\n        주요 업무\n                    •굿닥 iOS 앱 신규 기능 개발 및 유지보수•더 좋은 개발문화 함께 만들어가기개발환경•사용언어: Swift, Objective-C•주요 라이브러리: Alamofire, ObjectMapper, Kingfisher, URLNavigator, SnapKit\n\n      ","\n        업무 관련 기술 / 활동 분야\n        \n          iOS\n          Swift\n        \n      ","\n        채용 상세\n                    담당업무- 굿닥 iOS 앱 서비스 개발자격요건- iOS 네이티브 앱 개발 경력 3년 이상 또는 그에 준하는 실력을 갖추신 분- UIKit, Foundation Framework 사용에 능숙하신 분- 네트워크 환경에서 작동하는 앱 서비스 개발에 능숙하신 분- iOS 최신 트렌드를 이용한 개발 경험우대사항- 앱 서비스 런칭 경험과 유저들과의 호흡을 통한…\n            더 보기\n            담당업무- 굿닥 iOS 앱 서비스 개발자격요건- iOS 네이티브 앱 개발 경력 3년 이상 또는 그에 준하는 실력을 갖추신 분- UIKit, Foundation Framework 사용에 능숙하신 분- 네트워크 환경에서 작동하는 앱 서비스 개발에 능숙하신 분- iOS 최신 트렌드를 이용한 개발 경험우대사항- 앱 서비스 런칭 경험과 유저들과의 호흡을 통한 서비스를 개발한 경험- Git 소스 관리에 능숙하신 분- 오픈소스 라이브러리를 잘 활용하시는 분- 디자인 패턴과 프로토콜 지향 프로그래밍을 실무에 적용해본 경험- Reactive Programing 을 이해하고 적용해본 경험- Unit Test, UI Test 개발 경험 및 TDD를 적용해본 경험- 성능 도구 및 최적화 기술에 대한 적용 경험[ 젊고 소통하는 근무 환경을 지향합니다 ]- 신사역에서 5분! 핫한 가로수길에 위치한 굿닥 오피스- 클럽 굿닥 \u0026 테라스 : 굿닥몬들의 자유로운 업무를 위한 카페 공간- 모든 구성원이 함께 하는 회의, 수요일 마다 열리는 '수요 굿닥회'- 굿닥 모닝 : 매일 아침 다 같이 사진 촬영을 통한 소통의 시간- 수요 문화의 날 : 매월 마지막 수요일 조기 퇴근 후 문화 생활[ 리프레시 할 수 있는 환경을 지원합니다 ]- 탄력적인 출퇴근 제도: 09:00 ~ 10:00 출근 / 18:00 ~19:00 퇴근- 먼저간데이 \u0026 늦게온데이 : 한 달에 한 번 5시 퇴근 혹은 12시 출근할 수 있는 찬스!- 눈치 1도 보지 않고 사용 가능한 연차- 간식 \u0026 커피머신 무제한 제공- 주말엔 굿닥 카페 공간을 마음껏 대관할 수 있는 찬스![ 개인의 성장을 굿닥이 지원합니다 ]- 사내 Dev Day를 통한 연사 초청 강의 및 노하우 공유- 업무 관련 도서 무제한 지원!- 업무 관련 강의 및 세미나 참가 지원!\n\n            \n              \n                  \n                \n            \n          \n            \n              \n                  \n                \n            \n          \n            \n              \n                  \n+1                \n            \n          \n            \n              \n                  \n                \n            \n          "]}