{"url":"https://www.rocketpunch.com//jobs/69397/%EC%BD%98%ED%85%90%EC%B8%A0%EB%A7%88%EC%BC%93%ED%8C%85-%EA%B2%BD%EB%A0%A5%EC%9E%90","title":"콘텐츠마켓팅 경력자","origin":"아빠컴퍼니","start_date":"12/11 ","newbie":"경력","content":["\n        주요 업무\n                    '우리동네엔 없지만 우리집에서는 맛있게 먹는 전국 맛집요리 '요리버리’를 서비스하는 (주)아빠컴퍼니 입니다년 검색량 4,000만건 사람들의 관심이 많은 '맛집'은 현실속엔 TV속 판타지 같은 존재이런 판타지한 음식들을 가정의 먹거리로 만들어 국민먹거리를 혁신하고지역 식당의 전국화로 소상공인의 성장을 돕는 서비스입니다혁시적인 일을 원하는 능동적인 성향…\n            더 보기\n            '우리동네엔 없지만 우리집에서는 맛있게 먹는 전국 맛집요리 '요리버리’를 서비스하는 (주)아빠컴퍼니 입니다년 검색량 4,000만건 사람들의 관심이 많은 '맛집'은 현실속엔 TV속 판타지 같은 존재이런 판타지한 음식들을 가정의 먹거리로 만들어 국민먹거리를 혁신하고지역 식당의 전국화로 소상공인의 성장을 돕는 서비스입니다혁시적인 일을 원하는 능동적인 성향이면서 푸드 카테고에 관심이 많으신 분!어려워도 두려워 않고 디자인 씽크의 태도로 하나씩 풀어가는 높은 인사이트의 건강한 인재 기다립니다'맛집요리를 집에서 간편하게' 함께 하실분 연락 주세요^^서비스타겟 30~40대 주부로 근무자들의 대부분은 30대 전후 입니다\n\n      ","\n        업무 관련 기술 / 활동 분야\n        \n          온라인마케팅\n          바이럴마케팅\n          소셜마케팅\n          그로스해킹\n          콘텐츠마케팅\n          디지털마케팅\n        \n      ","\n        채용 상세\n                    담당업무-SNS 채널별 콘텐츠 기획 및 제작-SNS 채널별 콘텐츠 성과 측정 및 분석-광고 문구 기획 및 작성-콘텐츠 A/B 테스트 및 분석자격요건-관련 업무 경력 2년 이상이신 분-포토샵 능숙자 -SNS 마케팅용 콘텐츠 기획과 제작 경험이 있는 분우대사항-스타트업에 대한 이해가 있는 분-영상 기획*제작이 가능한 분 -페이스북, 인스타그램, 유튜브 …\n            더 보기\n            담당업무-SNS 채널별 콘텐츠 기획 및 제작-SNS 채널별 콘텐츠 성과 측정 및 분석-광고 문구 기획 및 작성-콘텐츠 A/B 테스트 및 분석자격요건-관련 업무 경력 2년 이상이신 분-포토샵 능숙자 -SNS 마케팅용 콘텐츠 기획과 제작 경험이 있는 분우대사항-스타트업에 대한 이해가 있는 분-영상 기획*제작이 가능한 분 -페이스북, 인스타그램, 유튜브 등 SNS 또는 디지털 미디어 운영 경험이 있는 분-콘텐츠 마케팅에 관심이 많은 분-30대~40대 여성의 이해도가 넓은 분\n"]}