{"url":"https://www.rocketpunch.com//jobs/69194/Deep-Learning-Application-%EA%B0%9C%EB%B0%9C%EC%9E%90%EB%A5%BC-%EC%B0%BE%EC%8A%B5%EB%8B%88%EB%8B%A4","title":"Deep Learning Application 개발자를 찾습니다.","origin":"라온버드","start_date":"02/07 ","newbie":"신입경력","content":["\n        주요 업무\n                    딥러닝 솔루션을 개발하고 고도화 하는 개발 업무를 담당하실 개발자 분을 찾고 있습니다.저희는 연구에 그치지 않고 솔루션을 개발하는 업무를 병행하기 때문에,엔지니어링 실력이 중요합니다.함께 하는 동안 다양한 엔지니어링 경험을 함께 쌓으실 수 있습니다.넓고 평탄한 삶보다는 \"뾰족한 치열한 삶\"을 살고 싶다고 생각하시는 분의 많은 지원바랍니다.뛰어난 개발…\n            더 보기\n            딥러닝 솔루션을 개발하고 고도화 하는 개발 업무를 담당하실 개발자 분을 찾고 있습니다.저희는 연구에 그치지 않고 솔루션을 개발하는 업무를 병행하기 때문에,엔지니어링 실력이 중요합니다.함께 하는 동안 다양한 엔지니어링 경험을 함께 쌓으실 수 있습니다.넓고 평탄한 삶보다는 \"뾰족한 치열한 삶\"을 살고 싶다고 생각하시는 분의 많은 지원바랍니다.뛰어난 개발자들과 함께 개발을 하면서 성장하실 수 있는 기회가 될 것입니다.\n\n      ","\n        업무 관련 기술 / 활동 분야\n        \n          DeepLearning\n          computer-vision\n          tts\n          image-recognition\n          딥러닝이미지분석\n          텐서플로우\n          컴퓨터비전\n          object-detection\n          Object Classification\n          TensorFlow\n          인공지능\n        \n      ","\n        채용 상세\n                    라온버드는 인공지능 스타트업입니다.2017년 자체 개발한 Deep Learning Framework \"LaonSill\"이 NVidia 프레임워크 목록에 등재되었습니다.2019년 AI Grand Challenge에서 상황인지 부분 1위를 했습니다.이미지/영상 데이터 내에 인식/검출 알고리즘을기반으로 대용량 데이터 내의 검색 서비스를 제공하기 위한 서비…\n            더 보기\n            라온버드는 인공지능 스타트업입니다.2017년 자체 개발한 Deep Learning Framework \"LaonSill\"이 NVidia 프레임워크 목록에 등재되었습니다.2019년 AI Grand Challenge에서 상황인지 부분 1위를 했습니다.이미지/영상 데이터 내에 인식/검출 알고리즘을기반으로 대용량 데이터 내의 검색 서비스를 제공하기 위한 서비스를 개발하고 있습니다.딥러닝 솔루션을 개발하고 고도화 하는 개발 업무를 담당하실 개발자 분을 찾고 있습니다.저희는 연구에 그치지 않고 솔루션을 개발하는 업무를 병행하기 때문에,엔지니어링 실력이 중요합니다.함께 하는 동안 다양한 엔지니어링 경험을 함께 쌓으실 수 있습니다.담당업무- 객체 검출 및 추적 솔루션 개발- 얼굴 인식 솔루션 개발- Visual Search 솔루션 개발자격요건- 딥러닝 관련 전공 석사 이상 졸업\n"]}