{"url":"https://www.rocketpunch.com//jobs/69622/%EC%98%81%EC%97%85-%EA%B3%B5%EC%A0%95%EB%AC%B4%EC%97%AD-%EB%B8%8C%EB%9E%9C%EB%93%9C-%EC%96%B4%EC%8A%A4%EB%A7%A8%EC%97%90%EC%84%9C-%EC%98%81%EC%97%85%ED%8C%80%EC%9E%A5%EC%9D%84-%EC%B0%BE%EC%8A%B5%EB%8B%88%EB%8B%A4","title":"[영업] 공정무역 브랜드 어스맨에서 영업팀장을 찾습니다","origin":"어스맨","start_date":"02/15 ","newbie":"경력","content":["\n        주요 업무\n                    • 신규 유통채널 확대 • 기존 거래처 커뮤니케이션 및 채널 관리 • 협업이 가능한 파트너 발굴 및 공동 프로젝트 기획   • 유관 전시회 및 행사 참가\n\n      ","\n        업무 관련 기술 / 활동 분야\n        \n          영업기획\n          영업전략\n          영업\n          B2B/B2C영업\n          B2B/B2C 영업마케팅\n          업무제휴\n        \n      ","\n        채용 상세\n                    어스맨은 사람이 중심이 되는 무역을 통해 지구촌 곳곳에 지속가능한 삶을 확산시키는 공정무역 브랜드입니다. 단순히 가난한 이들을 돕는 착한 무역이 아닌, 사람과 사람을 연결하는 징검다리로서의 무역을 합니다. 사람, 자연, 마음에 근본한 보통의, 상식적인 무역을 실현합니다.어스맨은 작지만 젊고 기민한 조직문화를 지닌 공정무역 회사입니다. 히말라야와 인도…\n            더 보기\n            어스맨은 사람이 중심이 되는 무역을 통해 지구촌 곳곳에 지속가능한 삶을 확산시키는 공정무역 브랜드입니다. 단순히 가난한 이들을 돕는 착한 무역이 아닌, 사람과 사람을 연결하는 징검다리로서의 무역을 합니다. 사람, 자연, 마음에 근본한 보통의, 상식적인 무역을 실현합니다.어스맨은 작지만 젊고 기민한 조직문화를 지닌 공정무역 회사입니다. 히말라야와 인도양 섬나라의 농부들이 정직하게 생산하는 건강한 먹거리를 1천 여 곳의 온오프라인 채널에서 판매하고 있습니다. 어스맨의 제품이 더 많은 소비자들에게 닿을 수 있도록 시장 접점을 넓혀줄 영업담당자를 찾고 있습니다. 어스맨의 영업담당자는 채널특성에 맞는 영업전략을 수립, 실행하고 온오프라인 유통채널을 관리하며, 신규 BM을 개발합니다. # 채용분야: 영업팀 • 신규 유통채널 확대 • 기존 거래처 커뮤니케이션 및 채널 관리 • 협업이 가능한 파트너 발굴 및 공동 프로젝트 기획   • 유관 전시회 및 행사 참가 # 우대사항• 식품 관련 트렌드를 폭넓게 인지하고 있는 분 • 영업부문 3년 이상 경력  # 근무조건•급여: 협의 후 결정•근무형태: 3개월 근무 후 정규직 전환여부 결정•근무시간: 10시-7시 근무가 기본이나 필요시 논의 후 조정가능, 주 5일 근무 •근무지: 서울시 은평구 통일로 684 서울혁신파크 상상청 301호 •근무시작일: 협의# 채용절차•서류접수 – 1차 면접 – 최종 합격•서류전형: 이메일(heejin@earthman.asia)로 지원서 접수•자유형식의 이력서와 자기소개서(필수)•면접전형: 서류합격자에 한해 개별연락* 문의: 02-6212-1258혹은 heejin@earthman.asia * 제출된 서류는 반환하지 않습니다.\n"]}