{"url":"https://www.rocketpunch.com//jobs/66620/%EC%86%8C%ED%86%B5%EC%9D%B4-%EC%A2%8B%EC%9D%80-%EA%B0%9C%EB%B0%9C%ED%8C%80%EC%97%90%EC%84%9C-%EC%84%9C%EB%B2%84-%EA%B0%9C%EB%B0%9C%EC%9E%90%EB%A5%BC-%EC%B0%BE%EC%8A%B5%EB%8B%88%EB%8B%A4","title":"소통이 좋은 개발팀에서 서버 개발자를 찾습니다.","origin":"도너츠","start_date":"02/24 ","newbie":"경력","content":["\n        주요 업무\n                    •팀에서 새롭게 준비하는 서비스의 서버 개발•기존의 개발 팀원들과 협업하여 기존 서비스 서버 개발\n\n      ","\n        업무 관련 기술 / 활동 분야\n        \n          Java\n          Spring MVC\n          Gradle\n          Tomcat\n          Google Cloud Platform (GCP)\n          Linux\n        \n      ","\n        채용 상세\n                    안녕하세요 주식회사 도너츠에 관심을 가져주셔서 감사합니다.Donuts는 2011년 일본에서 창업한 벤처기업으로,탄탄하게 성장하고 있는 게임 엔터테인먼트 및 IT서비스 기업입니다.Donuts는 빠르고 유연한 의사결정 구조를 가지고 가파르게 성장해왔으며,덕분에 외부 자금 조달 없이 최대 연 1500%의 성장을 실현해 왔습니다.현재 한국지사에서는 20명 …\n            더 보기\n            안녕하세요 주식회사 도너츠에 관심을 가져주셔서 감사합니다.Donuts는 2011년 일본에서 창업한 벤처기업으로,탄탄하게 성장하고 있는 게임 엔터테인먼트 및 IT서비스 기업입니다.Donuts는 빠르고 유연한 의사결정 구조를 가지고 가파르게 성장해왔으며,덕분에 외부 자금 조달 없이 최대 연 1500%의 성장을 실현해 왔습니다.현재 한국지사에서는 20명 안팍의 팀원들이 근무하고 있으며, 한국 시장은 물론 글로벌 시장에 걸맞은 서비스들을 개발 중에 있습니다.-도너츠팀에는 이런 성향의 사람들이 모여 있습니다.• 도너츠에는 팀원들과 활발하게 의견을 주고받기를 좋아하는 사람들이 모여 있습니다. 더 나은 서비스와 제품을 만들기 위해 누구나 의견을 말할 수 있다고 믿으며 동료의 의견을 기꺼이 듣고자 하는 사람들입니다.• 도너츠에는 의미있는 일을 한다는 자부심을 가지고 스스로 동기부여하는 사람들이 모여 있습니다. 우리는 실행력 있게 높은 퀄리티의 결과물을 만들어 자신의 능력을 증명하는 것을 즐깁니다. 스스로 맡은 바를 끝까지 제대로 완수하는 것을 좋아합니다.• 도너츠에는 빠르게 학습하는 사람들이 모여 있습니다. 일을 하다가 혹시 잘 모르는 부분이 발생하면, 당황하지 않고 빠르게 배워서 적용하려고 노력합니다.-개발팀에는 어떤 경력의 사람들이 일하고 있는지 궁금하세요?현재, 개발팀에는 뛰어난 실력을 가진 개발자들이 함께하고 있어요.• CTO 출신의 9년차 iOS 개발자Wishpoke, 인싸티콘, 신한은행 SBank/Smail, 대한통운, PetStation, 롯데월드 등의 앱을 만들었어요.• 다재다능한 3년차 웹 서버 백엔드 개발자전주시 이러닝개발, 전국안전관리연합회웹개발, 인싸티콘API, 건국대 및 DGIST 안전관리시스템 개발, MIDAS 회계관리 등의 프로젝트를 수행했어요.• 빠른 성장을 하고 있는 3년차 Android 개발자다양한 플랫폼 서비스들을 개발은 물론, 재미있는 캐주얼 게임들도 개발했어요.• 앞날이 기대되는 주니어 웹 개발자신칸센 열차차량 시스템 개발, 동경전력 웹개발 등의 프로젝트들을 개발했어요• 스타트업 대표출신의 개발자 인턴까지!!-함께할 팀에는 어떤 경력의 사람들이 일하고 있는지 궁금하세요?현재, 기획 \u0026 마케팅팀에는 뛰어난 실력을 가진분들이 함께하고 있어요.•외국계 대기업 한국 지사 대표 10년 이상 경력의 능력자•다양한 필드의 스타트업 대표 경험자들•현재 상용화 된 여러 서비스를 실제 처음부터 개발하고 서비스한 기획\u0026마케팅\u0026개발 팀-그래서 이런 일을 맡아주실 분을 찾고 있어요• 신규 서비스를 반드시 성공시키기 위해 달려가고 있는데요개발자들과 협업해 팀의 서버 개발을 함께 맡아주실 분을 열심히 찾고 있습니다.(중요) 아래 내용에 꼭 맞는 분이면 좋겠어요• Java SpringMVC + Gradle Template + Tomcat + (linux OS 환경 능숙) 개발 2년 이상 경험• 지속적 통합 서비스 유경험자 (ex : jenkins)• Restful API 작성 가능하신 분• 어떤 의견을 주고 받을 때든지, 상대를 배려하는 말하기를 하시는 분• 팀과 '함께' 성장하기를 기대하는 분• 건강한 토론과 의견 교환에 적극적으로 참여하는 것이 편안한 분• 지금도 끊임없이 노력하는 분아래에 해당하신다면 더욱 환영이죠!• DB 관리에 능숙하신분 (JPA 유경험자 우대)• Github를 통한 협업 경험자• GCP 혹은 AWS 등의 Cloud Platform 서비스 경험자• 개발 백그라운드가 없는 타 직군(마케터, 기획자 등)의 동료와 협업할 때에도 차근차근 소통하실 수 있는 분-전형 절차는 총 3단계입니다 [1단계] 서류 전형• 자유 이력서 1부와 포트폴리오를 검토합니다.[2단계] 대면 인터뷰• 9호선 언주역, 선정릉역 사이의 인근 사무실에서 최종 인터뷰를 진행합니다.• 근무 환경을 직접 확인해 보실 수 있습니다.• 협업할 동료들과 함께 인터뷰를 진행합니다.[3단계] 대표이사 인터뷰 • 최종적으로 합격한 분은 대표이사님과의 인터뷰가 있습니다.• 대표이사님이 자리를 비우시지 않았다면, 바로 대표이사 인터뷰가 가능하지만, 대표이사님이 자리에 안계시다면 다시 한번 사무실로 방문해주세요.• 9호선 언주역, 선정릉역 사이의 인근 사무실에서 최종 인터뷰를 진행합니다.-접수기간 및 방법은 아래와 같습니다 ✍• 접수기간: 2020년 3월 1일(일) 23시 까지• 접수방법: 자유 이력서 1부와 포트폴리오(깃허브 등 필수)를 kevin@donutskorea.com 로 보내주세요\n"]}