{"url":"https://www.rocketpunch.com//jobs/65954/UIUX-%ED%8D%BC%EB%B8%94%EB%A6%AC%EC%8B%B1","title":"UI/UX 퍼블리싱","origin":"비알스톰","start_date":"02/07 ","newbie":"경력","content":["\n        주요 업무\n        - 디비디비 서비스 웹/앱/마케팅 디자인- HTML/CSS/JQuery/JS\n      ","\n        업무 관련 기술 / 활동 분야\n        \n          UI/UX디자인\n          UX디자인\n          UI디자인\n          모바일디자인\n          HTML\n          HTML\u0026CSS3\n          CSS\n          웹 프론트엔드 개발(HTML5/CSS3/JavaScript/Vue.js)\n          js\n          jQuery\n          HTML5, CSS3, jQuery, javascript\n        \n      ","\n        채용 상세\n        자격요건- 경력 1년 이상- 시간을 효율적으로 잘 매니지 하시는 분- 의사표현을 적극적으로 할 수 있는 분- 소신과 방향성을 고려할 수 있는 분- 머트리얼 디자인 트렌드 이해하시는분- 웹디자인 겸업 가능자 우대 (필수아님)우대사항-해당직무 경험-웹디자인 겸업 가능자\n            \n              \n                  \n                  \n                \n            \n          \n            \n              \n                  \n                \n            \n          \n            \n              \n                  \n+2                \n            \n          \n            \n              \n                  \n                \n            \n          \n            \n              \n                  \n                \n            \n          "]}