{"url":"https://www.rocketpunch.com//jobs/70385/%EC%A3%BC%EC%96%BC%EB%A6%AC-%EC%BB%A4%EB%A8%B8%EC%8A%A4-AMONDZ-%EB%B6%80%EB%AC%B8%EB%B3%84-%EA%B0%9C%EB%B0%9C%EC%9E%90-%EC%8B%A0%EC%9E%85%EA%B2%BD%EB%A0%A5","title":"주얼리 커머스 AMONDZ 부문별 개발자 (신입/경력)","origin":"(주)비주얼","start_date":"03/03 ","newbie":"신입경력","content":["\n        주요 업무\n                    1.  DevOps \u0026 웹 백엔드2.  node \u0026react 웹 개발 3.  android 앱 개발4.  ios 앱 개발\n\n      ","\n        업무 관련 기술 / 활동 분야\n        \n          Node.js\n          Java\n          Back-end\n        \n      ","\n        채용 상세\n                    1.  DevOps \u0026 웹 백엔드 (신입/경력) ▣ 자격요건  - 학력 : 대졸 이상 (4년)  - 성별 무관  - 백엔드 개발을 경험해보신 분 (go, python, node.js)  - AWS 서비스 5개 이상 사용 해보신분  - 리눅스 사용에 어려움이 없으신 분▣ 우대사항  - Docker 사용 경험  - 새로운 기술에 대한 거부감이 없…\n            더 보기\n            1.  DevOps \u0026 웹 백엔드 (신입/경력) ▣ 자격요건  - 학력 : 대졸 이상 (4년)  - 성별 무관  - 백엔드 개발을 경험해보신 분 (go, python, node.js)  - AWS 서비스 5개 이상 사용 해보신분  - 리눅스 사용에 어려움이 없으신 분▣ 우대사항  - Docker 사용 경험  - 새로운 기술에 대한 거부감이 없으신분  - OSI 7계층에 대한 이해도가 있으신분2.  node \u0026react 웹 개발 ▣ 자격요건   - 학력 : 대졸 이상 (4년)   - 성별 : 무관   - node, react 개발 경력이 최소 1년이상이신분 혹은 웹 개발 경력 3년 이상이신 분   - CSS 경험이 풍부하신분   - git 을 이용해 코드 형상관리를 경험해보신분   - UI 기획 및 개발 가능자 ▣ 우대사항   - 빌드 및 배포 자동화 경험이 있으신분   - mysql 등 관계형 데이터베이스 유경험자   - 제플린을 통해 UI \u0026 UX 협업을 경험해보신분   - AWS 를 사용해보거나 관리해본 경험이 있는자   - E-Commerce 분야 서비스 개발 경험이 있으신분   - 타입스크립트를 이용해 개발을 경험해보신분   - flux 패턴을 사용해보신분3.  android 앱 개발▣ 자격요건   - 학력 : 대졸 이상 (4년)   - 성별 : 무관   - 모집인원 : 0명   - Android native app 개발 경력이 3~5년이상 이신분   - 코틀린 기반 Android 앱 개발 가능자   - REST API 기반 개발에 대한 전반적인 이해를 갖추신 분   - 외부 라이브러리, 오픈소스 연동 경험하신 분 ▣ 우대사항   - Custom View 및 각종 Animation 경험   - Reactive 프로그래밍에 대한 이해 및 RxJava 사용 경험   - 협업 개발 툴 사용 경험 (jira, git 등)   - GA, Firebase 등 각종 통계, 트래킹 툴 연동 경험   - java 개발 경험이 있으신분 (앱 또는 웹)4.  ios 앱 개발▣ 자격요건   - 학력 : 대졸 이상 (4년)   - 성별 무관   - IOS native app 개발 경력이 3~5년이상이신분   - XCODE 를 이용해 Swift 개발을 경험해보신분     - Alamofire을 사용해 네트워킹 연동이 가능하신분   - git 을 이용해 코드 형상관리를 경험해보신분   - Firebase등 각종 통계, 트래킹 툴 연동경험이 있으신분   - UI 기획 및 개발 가능자 ▣ 우대사항   - Reactive 프로그래밍에 대한 이해 및 RxSwift 사용 경험   - SwiftUI 사용 경험   - GA, Firebase 등 각종 통계, 트래킹 툴 연동 경험   - IOS 빌드 및 배포 자동화 경험이 있으신분   - 제플린을 통해 UI \u0026 UX 협업을 경험해보신분   - E-Commerce 분야 서비스 개발 경험이 있으신분\n"]}