{"url":"https://www.rocketpunch.com//jobs/70005/%EC%A3%BC%EB%8B%88%EC%96%B4%EC%8B%9C%EB%8B%88%EC%96%B4-Backend-%EA%B0%9C%EB%B0%9C%EC%9E%90-%EC%B1%84%EC%9A%A9","title":"주니어/시니어 Backend 개발자 채용","origin":"하이퍼하이어","start_date":"02/24 ","newbie":"신입경력","content":["\n        주요 업무\n                    많은 인구, 적은 일자리로 대표되는 해당 시장의 가장 큰 문제점은 적절한 후보자를 선별해내는 '스크리닝(Screening)'입니다. 이 문제를 해결하기 위해 인도의 HR manager(인사 담당자)는 사내추천 채용 및 외부 헤드헌터를 통해 채용을 해결하고 있습니다.저희는 이러한 협업에 최적화된 HR manager(인사 담당자)용 메신저를 개발하고자 …\n            더 보기\n            많은 인구, 적은 일자리로 대표되는 해당 시장의 가장 큰 문제점은 적절한 후보자를 선별해내는 '스크리닝(Screening)'입니다. 이 문제를 해결하기 위해 인도의 HR manager(인사 담당자)는 사내추천 채용 및 외부 헤드헌터를 통해 채용을 해결하고 있습니다.저희는 이러한 협업에 최적화된 HR manager(인사 담당자)용 메신저를 개발하고자 합니다. 현재 사내 협업툴로 많이 사용되고 있는 Slack 또는 잔디(Jandi)와 비슷한 형태의 프로덕트로, 해당 메신저는 prototype을 통해 유저 테스트 및 검증이 완료된 상태입니다.해당 포지션은 HR manager(인사 담당자)용 메신저 앱의 초기 개발을 담당하게 됩니다.\n\n      ","\n        업무 관련 기술 / 활동 분야\n        \n          Java\n          aws\n        \n      ","\n        채용 상세\n                    담당업무- 앱 Backend 개발자격요건- 라이브 서비스 운영 경험 (Full-product)- 서버 개발 경험우대사항- --\n"]}