{"url":"https://www.rocketpunch.com//jobs/59226/%EA%B2%BD%EB%A0%A5-%ED%94%84%EB%A1%9C%EB%8D%95%ED%8A%B8-%EB%94%94%EC%9E%90%EC%9D%B4%EB%84%88","title":"[경력] 프로덕트 디자이너","origin":"주식회사 클라썸","start_date":"02/16 ","newbie":"경력","content":["\n        주요 업무\n                    CLASSUM 서비스(웹, Android앱, iOS앱) 기획 및 UI/UX 디자인\n\n      ","\n        업무 관련 기술 / 활동 분야\n        \n          UI/UX디자인\n          figma\n          반응형웹디자인\n          앱디자인\n          모바일디자인\n        \n      ","\n        채용 상세\n                    📣 현재 산업기능요원 병역특례업체입니다. 보충역 시작과 병특 전직 모두 가능합니다.👉자세한 채용 정보 : bit.ly/hello_classum1. 담당업무    - 클라썸 서비스 UX 리서치 및 서비스 디자인 방향 설계    - 프로덕트 GUI 디자인 및 인터렉션 디자인    - UI 프로토타입 제작2. 자격요건    - UI/UX 디자인 경력이 3…\n            더 보기\n            📣 현재 산업기능요원 병역특례업체입니다. 보충역 시작과 병특 전직 모두 가능합니다.👉자세한 채용 정보 : bit.ly/hello_classum1. 담당업무    - 클라썸 서비스 UX 리서치 및 서비스 디자인 방향 설계    - 프로덕트 GUI 디자인 및 인터렉션 디자인    - UI 프로토타입 제작2. 자격요건    - UI/UX 디자인 경력이 3년 이상인 분    - 2년 이상 상용 서비스를 실제 운영한 경험이 있으신 분    - 사용자 피드백을 바탕으로 프로덕트를 성공적으로 개선한 경험이 있으신 분    - 모바일앱과 반응형 웹을 모두 디자인한 경험이 있으신 분    - Figma 또는 Sketch/Zeplin을 활용하여 디자인 시스템을 제작한 경험이 있으신 분    - 자유로운 근무환경에서 스스로의 목표와 일정을 관리할 수 있는 분    - 배움에 대한 열정을 갖고, 지속적이고 효과적으로 피드백을 주고 받는 분    - 맡은 작업에 대한 오너쉽을 갖고, 이를 완성시키는 일에 열정이 있는 분3. 우대사항   - GA, Hotjar 등 데이터 관련 툴이나 A/B 테스트를 통해 디자인 개선한 경험이 있으신 분   - 글로벌하게 운영되는 서비스를 디자인한 경험이 있으신 분   - Protopie, Principle, Flinto 등의 툴을 통해 프로토타입 제작이 가능하신 분   - 성장하는 스타트업에서의 업무 경험이 있으신 분   - Free Talking 가능한 영어 실력을 갖춘 분   - 프로젝트를 리드해서 디자인한 경험이 있으신 분   - BX에 대해 깊은 이해와 경험이 있으신 분\n"]}