{"url":"https://www.rocketpunch.com//jobs/64241/%EA%B5%AD%EB%82%B4-1%EC%9C%84-%EA%B8%80%EB%9E%A8%EC%9D%98-%ED%92%80%EC%8A%A4%ED%83%9DFull-stack-%EA%B0%9C%EB%B0%9C%EC%9E%90%EB%A5%BC-%EB%AA%A8%EC%8B%AD%EB%8B%88%EB%8B%A4","title":"국내 1위 글램의 '풀스택(Full-stack) 개발자'를 모십니다!","origin":"큐피스트","start_date":"02/05 ","newbie":"경력","content":["\n        주요 업무\n                    현재 큐피스트에서는 PHP와 Python을 메인 백엔드 언어로 사용 중이며 점진적으로 Python으로 이전하는 작업을 진행 중 입니다. 또 서비스의 규모가 커짐에 따라 자연스럽게 마이크로서비스 환경으로 분산되었고 이는 지속해서 발전하는 중입니다. 데이팅 서비스를 글로벌 SNS 서비스로 발전시키고 있는 중요한 과정인 만큼 업계 최고 수준의 보상으로 엔…\n            더 보기\n            현재 큐피스트에서는 PHP와 Python을 메인 백엔드 언어로 사용 중이며 점진적으로 Python으로 이전하는 작업을 진행 중 입니다. 또 서비스의 규모가 커짐에 따라 자연스럽게 마이크로서비스 환경으로 분산되었고 이는 지속해서 발전하는 중입니다. 데이팅 서비스를 글로벌 SNS 서비스로 발전시키고 있는 중요한 과정인 만큼 업계 최고 수준의 보상으로 엔지니어분들을 모시고자 합니다. 서비스를 한 번 개발하고 단순 관리만 하는 것이 아닌, 아이를 키우듯 계속해서 성장하는 서비스를 함께 만들어 봅시다.\n\n      ","\n        업무 관련 기술 / 활동 분야\n        \n          iOS\n          PHP\n          Android\n          Python\n          Ruby\n          Java\n          Django\n          Flask\n          Spring\n          Rails\n          aws\n          GCP\n          Azure\n          Vue.js\n          Laravel\n        \n      ","\n        채용 상세\n                    [자격요건]• Python, PHP, Ruby, Java 등 1개 이상의 능숙한 언어 보유• Web Framework (Django, Flask, Laravel, Spring, Rails 등)을 사용한 웹 서비스 개발 경험• 관계형 데이터베이스를 활용한 업무 경험• 웹 프론트 개발 경험[우대사항]• 클라우드 컴퓨팅 플랫폼(AWS, GCP, Azure…\n            더 보기\n            [자격요건]• Python, PHP, Ruby, Java 등 1개 이상의 능숙한 언어 보유• Web Framework (Django, Flask, Laravel, Spring, Rails 등)을 사용한 웹 서비스 개발 경험• 관계형 데이터베이스를 활용한 업무 경험• 웹 프론트 개발 경험[우대사항]• 클라우드 컴퓨팅 플랫폼(AWS, GCP, Azure 등)을 활용한 업무 경험• Vue.js를 이용한 개발 경험• Laravel을 이용한 개발 경험• 동남아, 글로벌 프로젝트 진행 경험이 있으신 분[혜택 및 복지]• 업계 최고 수준의 보상• iMac, Macbook Pro 및 듀얼 모니터 등 최고급 업무장비 지원• 매주 업무 시간 중 10%를 개인 스터디로 제공• 성장을 위한 자유로운 지원(도서 무제한 구입, 세미나 참석 등• 자유로운 연차/반차/반반차 사용• 시차출퇴근 제도 (09:00 ~ 11:00 사이 원하는 시간에 자유롭게 출근)• 장기 근속 유급 휴가 및 휴가비 지원• 4대 보험 및 종합건강검진 지원• 간식 및 커피 제공 및 야근 시 석식비 지원* 큐피스트 복지의 모든 것 :https://www.notion.so/cupist/CUPIST-3880b83504074eec8138a552dbaab746\n"]}