{"url":"https://www.rocketpunch.com//jobs/68628/%ED%95%98%EC%9D%B4%EB%B8%8C%EB%A6%AC%EB%93%9C-%EC%95%B1-React-Natvie-%ED%8D%BC%EB%B8%94%EB%A6%AC%EC%8B%B1","title":"하이브리드 앱 React Natvie 퍼블리싱","origin":"빌덤","start_date":"01/26 ","newbie":"신입경력","content":["\n        주요 업무\n        1. 업무 내용- 하이브리드 앱 디자인 퍼블리싱 작업, 전체 약 90여 페이지 내외2. 우대 사항(1) 퍼블리싱 가능하신 분3. 기타(1) 기간 : 약 3~4일 예상 (20.01.27~20.01.31)(2) on-line근무도 가능함.(단 1회 미팅 필요.)(3) 입찰가격은 입찰기준가격을 참고하신 후 자유롭게 제시해주십시오.(4) 지속적으로 작업 할 수 있는 분들이면 더욱 좋습니다.감사합니다.\n      ","\n        업무 관련 기술 / 활동 분야\n        \n          react-native\n          Front-end\n          HTML5\n          React\n        \n      ","\n        채용 상세\n        담당업무---자격요건----우대사항---"]}