{"url":"https://www.rocketpunch.com//jobs/67409/%EC%82%AC%EC%9D%B4%EB%93%9C%ED%94%84%EB%A1%9C%EC%A0%9D%ED%8A%B8-%ED%8C%80%EC%9D%98-%EA%B0%9C%EB%B0%9C%EC%B4%9D%EA%B4%84%EC%9D%B8%EB%A0%A5","title":"사이드프로젝트 팀의 개발총괄인력","origin":"열정페이","start_date":"12/29 ","newbie":"인턴신입경력","content":["\n        주요 업무\n        - 사이드프로젝트를 함께 진행하고, 성공을 위한 각 포지션 별 작업- 종교인들을 위한 글로벌 앱 개발- 리워드 앱 개발- 가끔 본업에서 벗어나 자신의 새로운 가치를 찾아내고 발전시키는 작업\n      ","\n        업무 관련 기술 / 활동 분야\n        \n          ios 앱개발\n          Android앱개발\n          서버개발\n          안드로이드 앱개발\n          아이폰개발자\n          어플리케이션 개발\n        \n      ","\n        채용 상세\n        안녕하세요, 사이드 프로젝트 전문 팀 열정페이 입니다. 열정페이라는 말이 국내에서 참 안좋은 의미로 쓰여졌었죠? 저희는 그 의미를 제대로 세우고자 우리들의 열정이 정당한 가치로 변화시킬 수 있다는 믿음으로,  과감하게 팀 이름을 열정페이로 정했습니다. 우리는 현재 2개의 프로젝트를 준비하고 있습니다. 먼저 그 시작은, 간단하게 한 번의 버튼으로 게임의 요소를 가미한 리워드 앱 입니다. 기존의 리워드 앱 시장은 성장을 벗어나 포화상태이지만,  현재에도 꾸준히 많은 사용자들이 찾고 있는 시장이면서 서비스 입니다. 현재 기획은 종료, 디자인은 약 90% 정도 완료 된 상황입니다. 물론, 개발을 고려하지 않고 진행했던 아이템이기 때문에, 개발잔미 합류 후 수정 사항이 발생될 수 있습니다. 그 다음 서비스를 준비하고 있는 아이템은 기독교인들을 위한 새로운 서비스 입니다. 종교인들을 위한 서비스라고 하면, 대부분 성경책 서비스를 생각하고 있고, 지금도 시장에 굉장히 많은 성경책 어플리케이션이 있지만 저희는 조금 더 다른 방향에서 서비스를 기획하고 작업을 진행하고 있습니다. 현재 기획 90%, 디자인 80% 정도 종료 되어 있습니다. 종교 서비스는 시작부터 글로벌 서비스를 목표로 하며, 인앱 결제와 광고 수익을 목표로 하고 있습니다. 저희는 6년차 기획자와 7년차 디자이너가 함께 있는 팀 입니다. 월 1회 정도 만나서 서비스의 가치를 발굴해내고 기획과 디자인 작업을 진행하고 있습니다. 이제는 개발이 필요한 시점이라, 함께 할 개발자 분을 구하고 있습니다. 남자, 여자를 가리지 않으며 연차를 가리지 않습니다. 단, 개발을 총괄하시는 만큼 최소한의 개발 능력 및 지식이 있는 분이셨으면 좋겠습니다. 저희는 모두 본업이 있기 때문에 사이드 프로젝트로 진행하고 있습니다.이 말은, 서비스에서 수익이 나지 않는 이상 급여 형태로 지불되는 경제적 지원이 없다는 것을 의미 합니다.또한 고정된 사무실이 없기 때문에 각자 집에서 혹은 가끔 만나서 미팅을 하는 정도로 진행 됩니다.사이드 프로젝트가 생각보다 힘이 듭니다.회사에서 퇴근 후 또 다른 일을 한다는 것이 쉬운 일은 아니지요.하지만, 시작부터 수익을 목표로 기획되고 진행되고 있는 사이드 프로젝트이니 만큼,수익 발생 시 참여 인원 모두가 균등하게 쉐어 할 것을 약속 드립니다.원하실 경우 공증 및 서류 작업 진행해드립니다.추가로 서비스 안정화 및 수익 발생 시 함께 창업할 생각까지 갖고 계신 분이셨으면 좋겠습니다.혹은 혼자서 백/프론트를 모두 담당하지 못 하더라도,함께 장기적으로 개인의 스펙 및 스킬을 쌓으면서 새로운 작업을 해보고 싶으신 분들도 언제든지 환영입니다.hello@passionpay.team 으로 간단한 자기소개 정도 보내주시면실제 찾아뵙고 커피 한 잔 나누면서 자세한 이야기 나누고 싶습니다.저희는 모두 서울에 거주 중이며, 30대 초반입니다.많은 연락 기다리겠습니다.감사합니다."]}