{"url":"https://www.rocketpunch.com//jobs/65879/%EC%82%AC%EC%97%85%EA%B0%9C%EB%B0%9C%EB%B6%80%EB%AC%B8-%EC%84%B8%EC%9D%BC%EC%A6%88-%EB%B0%8F-%EA%B3%A0%EA%B0%9D%EA%B4%80%EB%A6%AC","title":"사업개발부문 (세일즈 및 고객관리)","origin":"딥서치","start_date":"11/20 ","newbie":"경력","content":["\n        주요 업무\n        딥서치는 자체개발한 검색/연산/인공지능 기술을 이용해 기업발굴, 산업분석, M\u0026A, 보고서작성 등 리서치와 비즈니스 의사결정과정에 필요한 방대한 기업/문서정보를 자유롭게 검색하고 가공할 수 있는 비즈니스용 검색엔진을 개발하는 회사입니다.현재 서비스 중인 “딥서치 애널리틱스”의 성장과 함께 할 사업개발부문 인재를 모시고자 합니다.\n      ","\n        업무 관련 기술 / 활동 분야\n        \n          디지털마케팅\n          그로스해킹\n          Google Analytics\n          B2B영업\n          고객커뮤니케이션\n          사업개발, 사업기획\n          사용자경험\n          사용자/관리자 가이드 작성\n        \n      ","\n        채용 상세\n        담당업무- 딥서치 애널리틱스 신규영업 전략 수립- 딥서치 애널리틱스 B2B 세일즈 전반- 세일즈이후 고객관리 및 사용자 정기 교육- 고객사 피드백 기반 B2B 서비스 및 운영 프로세스 개선자격요건- 영업 및 사업개발 관련 경력 5년 이상- B2B 금융정보서비스에 대한 높은 수준의 이해- 고객과의 커뮤니케이션 스킬과 협상능력- 데이터 가공/분석 스킬 및 관련직무에 대한 기본적인 이해우대사항- 컨설팅 경력, 리서치 경력, 기술영업 경력, 금융/투자 관련 자격증 (CFA, CPA, FRM등)- 영어 커뮤니케이션 능력- 고객/사용자 분석 지표 관리 및 모니터링 경험- 학교 성적 우수자\n            \n              \n                  \n                  \n                \n            \n          \n            \n              \n                  \n                  \n                \n            \n          \n            \n              \n                  \n                  \n+1                \n            \n          \n            \n              \n                  \n                  \n                \n            \n          "]}