{"url":"https://www.rocketpunch.com//jobs/66825/%EC%84%9C%EB%B9%84%EC%8A%A4%EA%B8%B0%ED%9A%8D-%EC%9B%B9%ED%94%8C%EB%9E%AB%ED%8F%BC","title":"서비스기획 (웹/플랫폼)","origin":"미스터홈즈","start_date":"02/24 ","newbie":"경력","content":["\n        주요 업무\n                    r.Homes는 1인가구 주거공간을 기획, 디자인하고 운영하는 스타트업으로, 도심임대주택 브랜드 홈즈 스튜디오와 공유주거공간 홈즈 리빙라운지를 운영하고 있습니다. Mr.Homes는 입주민을 위한 1인가구 서비스와 커뮤니티, 이벤트를 제공합니다. 홈즈의 미션은 더 많은 사람들이 더 좋은 집에 살게 하는 것입니다. 입주민 서비스를 위한 전용 앱과 콜서비…\n            더 보기\n            r.Homes는 1인가구 주거공간을 기획, 디자인하고 운영하는 스타트업으로, 도심임대주택 브랜드 홈즈 스튜디오와 공유주거공간 홈즈 리빙라운지를 운영하고 있습니다. Mr.Homes는 입주민을 위한 1인가구 서비스와 커뮤니티, 이벤트를 제공합니다. 홈즈의 미션은 더 많은 사람들이 더 좋은 집에 살게 하는 것입니다. 입주민 서비스를 위한 전용 앱과 콜서비스, 관리툴을 기획하고 보다 좋은 입주민 서비스를 기획해주실 서비스기획PM을 찾고 있습니다.\n\n      ","\n        업무 관련 기술 / 활동 분야\n        \n          서비스 기획\n          UI/UX \n          웹/앱 기획\n          솔루션기획\n          스토리보드\n          운영\n        \n      ","\n        채용 상세\n                    [주요업무]• 임대관리 홈페이지 기획 • 물건관리 CMS 기획/운영• 입주민 서비스 플랫폼 기획/운영자격요건• 웹서비스 및 백오피스 기획경력• 정책기획 및 스토리보드 작성 가능자• 프로젝트 리딩 (PM) 경험자• 개발자/디자이너와 원활한 의사소통과 협업 경험이 있으신 분우대사항• 데이터 분석 및 데이터 기반 개선사항 도출과 전략수립이 가능한 분\n            더 보기\n            [주요업무]• 임대관리 홈페이지 기획 • 물건관리 CMS 기획/운영• 입주민 서비스 플랫폼 기획/운영자격요건• 웹서비스 및 백오피스 기획경력• 정책기획 및 스토리보드 작성 가능자• 프로젝트 리딩 (PM) 경험자• 개발자/디자이너와 원활한 의사소통과 협업 경험이 있으신 분우대사항• 데이터 분석 및 데이터 기반 개선사항 도출과 전략수립이 가능한 분\n"]}