{"url":"https://www.rocketpunch.com//jobs/70289/%ED%85%8C%ED%81%AC%EC%82%AC%EC%97%85%EB%B6%80-%EC%BD%98%ED%85%90%EC%B8%A0-UI-%EB%94%94%EC%9E%90%EC%9D%B4%EB%84%88","title":"[테크사업부] 콘텐츠 \u0026 UI 디자이너","origin":"매드업","start_date":"03/02 ","newbie":"경력","content":["\n        주요 업무\n                    -자사 웹사이트 디자인(반응형 디자인)-프로모션 디자인-배너 및 SNS 소재 디자인\n\n      ","\n        업무 관련 기술 / 활동 분야\n        \n          UI디자인\n          UI/UX디자인\n          Adobe Photoshop\n        \n      ","\n        채용 상세\n                    매드업(MADUP)은 데이터 기술 기반 솔루션으로 마케팅 가치를 극대화하는 \u003c모바일 애드테크 전문 회사\u003e입니다.우리의 미션은 스타트업과 SMB(Small and Medium-sized Business)들이 온라인에서 가장 효과적으로 마케팅할 수 있도록 하는 것입니다. 많은 스타트업과 SMB들이 인력과 정보의 부족으로 겪는 마케팅의 어려움을…\n            더 보기\n            매드업(MADUP)은 데이터 기술 기반 솔루션으로 마케팅 가치를 극대화하는 \u003c모바일 애드테크 전문 회사\u003e입니다.우리의 미션은 스타트업과 SMB(Small and Medium-sized Business)들이 온라인에서 가장 효과적으로 마케팅할 수 있도록 하는 것입니다. 많은 스타트업과 SMB들이 인력과 정보의 부족으로 겪는 마케팅의 어려움을 해소하고자 합니다.우리는 마케팅에서의 정보의 격차를 해소하고 매체 운영을 자동화하는 '모두를 위한 마케팅 플랫폼'를 구축하고 있습니다. 이를 통해 스타트업들과 SMB들이 지금보다 더 빠르고, 크게 성장할 수 있습니다.우리는 2014년부터 많은 기업의 온라인 마케팅을 함께 진행해왔고, 자원의 효율적인 사용을 통하여 실제로 성장하는 성공 사례를 만들어 왔습니다. 그리고 이를 통해 축적된 지식을 활용한 비즈니스의 시장성과 가능성을 인정받아, 2018년에는 사모 펀드와 VC로부터 Pre IPO로 134억원의 투자를 유치하였습니다.우리의 제품과 비전이 많은 스타트업과 SMB들의 성공에 기여할 수 있을 뿐만 아니라, 높은 성장 가능성을 가지고 있다고 믿습니다.함께 문제를 해결하고, 멋진 성취를 이루어낼 동료들을 찾습니다.\u003c콘텐츠 \u0026 UI 디자이너\u003e#모집 인원- 경력(2~3년) 1명#주요 업무-자사 웹사이트 디자인(반응형 디자인)-웹사이트 유지보수-프로모션 디자인-배너 및 SNS 소재 디자인-그 외 역량에 따른 다양한 디자인#자격 요건-2~3년 경력의 UI 디자이너 혹은 그에 상응하는 실력이 있는 분-반응형 웹 디자인 작업 경험이 있는 분-여러 직군과 원활한 커뮤니케이션이 가능한 분-Visual Design에 대한 명확한 의도와 자신의 생각을 전달하실 수 있는 분-디자인에 대한 열정과 흥미를 가지신 분#우대 사항-마케팅에 대한 이해나 관심이 있는 분-자신만의 디자인 컨셉을 가지신 분-회사생활을 즐길 줄 아는 분 #지원 방법- 매드업 입사지원서 링크(https://forms.gle/p3pEkKLdZLfk1YEC7) 또는 로켓펀치를 통해 지원# 전형 절차- 서류 전형\u003e실무자 면접\u003e임원 면접\u003e연봉 및 처우 협의\u003e채용 확정#접수 기간- 채용 시까지#근무지- 서울시 서초구 서초대로 398 플래티넘 타워 1202호#복지 제도- 8-11시 출근(탄력근무제) / 12-2시 사이 자유로운 점심시간 이용 / 월 2회 재택근무- 자유로운 연차 사용 / 1년 만근 시 5일 쓰면 하루 더 받는 원스어게인 휴가 / 3, 5년 만근 시 각 10일, 20일의 리프레쉬 휴가 \u0026 휴가비 150만원 제공- 주택자금 대출이자 지원 / 복지포인트 매달 10만원 지급 / 생일 축하 포인트 5만원, 명절 및 1년 만근 축하 포인트 10만원 추가 지급 / 부모님 명절 선물 제공- 신규 입사자를 위한 웰컴박스 제공 / 신규 입사자 온보딩을 위한 버디 프로그램 진행- 커피머신 및 스낵바 구비 / 1시간이라도 추가 근무시 저녁식대 지원- 실무교육 및 컨퍼런스 참가 지원 / 업무관련 도서 무한 지원 / 와인, 레저스포츠, 영화, 독서 등 다양한 사내 동아리 지원#업무 환경- 업무에 필요한 개인용 PC 및 주변기기 구매를 지원합니다.- 영어 호칭 사용으로 직급 없이 수평적으로 소통합니다.- Slack, Jira, Notion, GitHub 등의 툴을 이용하여 업무를 투명하게 공유합니다.- 업무 장소에 구애받지 않고 사무실 어디서든, 인근 카페에서든 자유롭게 일합니다.#매드업X매드잇이 알고 싶다! '문화 및 면접 소개 편' YouTubehttps://www.youtube.com/watch?v=6eegjYQv9WM\u0026feature=youtu.be#매드업X매드잇이 알고 싶다! '장점\u0026단점 편' YouTubehttps://www.youtube.com/watch?v=4r6D8bP53IE\u0026t=724s\n"]}