{"url":"https://programmers.co.kr/job_positions/747","title":"프론트엔드 개발자","origin":"자란다","start_date":"","newbie":false,"content":["기술 스택\nES6 Angular Less.js HTML5 TypeScript","업무 소개\n\n자란다 O2O 서비스 플랫폼 Front-end 개발\n\n추천시스템: 성향/기질/위치정보/스케줄 등의 데이터 분석 기반 추천 매칭 시스템\n방문/스케줄관리: 자란선생님 방문일정/스케줄 매니지먼트 시스템\njaranda.kr 웹사이트: 부모님/선생님을 위한 자란다 서비스 소개 랜딩페이지\n\n[업무 능력]\n\n웹 퍼블리싱: 화면 설계와 디자인\n데이터 시각화: 데이터를 수치/그래프 등으로 화면에 표현\nFront-end 개발: 클라이언트 로직 구현","자격 조건\n학력/경력 무관\nComputer Science에 대한 탄탄한 기초 지식을 보유하신 분\n새로운 개발 환경, 언어, 기술을 익히는 것에 대한 두려움이 없고 learning curve가 좋은 분\n합리적인 커뮤니케이션 스킬을 통해, 각 분야의 담당자들과 생산적인 협업을 하실 수 있는 분","우대 사항\n\n아래 내용은 부가적인 우대사항이며, Front-end 개발 분야를 깊숙히 파시는 분도 동일하게 우대합니다.\n\nAngular, VueJS 등 한 가지 이상의 Javascript Framework을 능숙하게 사용하시는 분 (자체제작 Framework도 인정)\nUI/UX의 차이점을 이해하고 고객 중심의 서비스를 설계하는데 익숙하신 분\nRESTful 서비스 설계, python 기반의 Back-end 개발 등 웹서비스의 전체적인 흐름을 이해하고 설계/개발할 수 있는 full stack 개발자\n데이터 분석/알고리즘 능력자 (선생님과 아이 간 매칭을 위한 추천시스템 고도화)\niPhone/Android 개발 (Webapp을 기반으로 한 모바일 앱 개발)"]}