{"url":"https://www.rocketpunch.com//jobs/67655/Javascript-SDK-%EC%97%94%EC%A7%80%EB%8B%88%EC%96%B4-WebRTC","title":"Javascript SDK 엔지니어 - WebRTC","origin":"리모트몬스터","start_date":"01/03 ","newbie":"신입경력","content":["\n        주요 업무\n        1. 주요 업무    - 리모트몬스터의 JavaScript 기반 SDK 개발 유지/보수    - 리모트몬스터의 다양한 신규 기능 개발    - npm 및 jsDeliver 패키지 버전 관리 및 배포    - 백엔드 팀과 긴밀한 협업2. 자격 요건    - JavaScript ES6+ 문법의 코딩 간결한 스타일을 추구하시는 분        - ❤️Async, Await, Object Destructuring, Constants...    - Functional, Immutability 에 친숙하신 분        - ❤️map, reduce, filter, entries, includes, flat...    - npm 라이브러리 운영 경험    - RESTful API 및 WebSocket 통신 경험3. 우대 사항    - 오픈소스 프로젝트 운영 및 기여 경험    - WebRTC 기반 데이터 스트리밍 경험    - 코드 리뷰에 익숙한분    - Bundling 툴 사용 경험        - Rollup, Parcel 등\n      ","\n        업무 관련 기술 / 활동 분야\n        \n          JavaScript\n          Node.js\n          webrtc\n        \n      ","\n        채용 상세\n        리모트몬스터는 통신회사 출신의 젊은 엔지니어들이 모여 만든 새로운 세대의 방송통신회사입니다. 알렉산더 그레이엄 벨과 안토니오 무치가 전화기를 개발한 이후로 통신은 우리에게 없어서는 안될 산업 핵심이 되었지만 통신산업을 이루는 규제 중심, 거대 기업과 폐쇄적인 정보와 기술 기반의 문화는 변하지 않았습니다.리모트몬스터는 WebRTC기술을 기반으로 이러한 기존의 통신 산업과는 다른 방식으로 통신 산업에 작지만 새로운 바람을 일으켜 보고자 합니다. 대화를 이메일이나 메세징 처럼 글로 읽을 수도 있고, 사람과 사람 뿐 아니라 사람과 로봇의 대화, 영상 통화를 넘어 VR/AR 통화, 실시간 방송에서 시청자의 동적인 참여와 같이 무한히 많은 새로운 가능성을 가지고 있습니다.리모트몬스터가 만든 방송 통신 환경이 새로운, 미지의, 놀라운, 존재 할 꺼라 기대하지 못했던 “대화”를 나타나게 하리라 믿습니다.## **리모트몬스터는요,**- **우리는 이런 기업문화를 가지고 있어요.**    1. 기업뿐만 아니라 개개인이 성장하는 것도 중요하게 생각해요.    2. 모두에게 열린 커뮤니케이션을 지향하고 자신의 의견은 언제 발언 할 수 있어요.    3. 개발자가 고객인 회사이고 개발자 개개인의 특성과 성향에 맞는 문화를 지향해요.- **우리는 이렇게 일해요.**    1. 업무 관련 정보는 **모두에게 투명하게 공개**해요.    2. 한 달 단위로 일거리를 나누고 월 말에 회고를 진행해요.    3. 재밌게 문제를 해결한 경험이 있다면 팀 내/외로 공유하려고 해요. (블로그 운영)- **우리는 이런 동료와 함께 일하고 싶어요.**    1. 직급, 직군과 관계 없이 적극적인 커뮤니케이션을 하려고 노력하시는 분    2. 어떻게하면 팀과 기업 모두가 함께 성장 할 수 있을지 고민 하시는 분- **우리는 이런 환경에서 일해요.**    - 정기적으로 WebRTC Meet-up을 개최하고 참여하고 있어요.    - 분기에 한 번 이상은 원격 근무를 시행하고 있어요.    - 업무에 필요한 장비는 최대한 지원하고 있어요.    - 다양한 과자와 음료수를 제공하고 있어요. (먹고 싶은 간식 신청 가능)    - 다양한 툴(Slack, Notion, Google Drive 등)을 유료로 사용하고 있고, **좋은 툴이 있다면 제안하고 함께 사용할 수 있도록 언제나 열려 있어요.**꾸준히 성장하고 있는 리모트몬스터 (API 서비스 유료 이용자 수)- [리모트몬스터 홈페이지](https://www.remotemonster.com/)- [리모트몬스터 블로그](https://blog.remotemonster.com/)## 리모트 몬스터와 함께 성장할 당신을 찾고 있어요!이 글을 읽고 조금이라도 흥미를 느끼셨나요? 주저하지 말고 recruit@remotemonster.com 로 자유롭게 입사 지원 메일을 보내주세요. 지원 분야를 메일 제목에 적어주세요. 채용 관련 문의는 언제나 환영입니다. 여기까지 읽어주셔서 고맙습니다. 당신과 함께 할 수 있기를 바랍니다 :)"]}