{"url":"https://programmers.co.kr/job_positions/1409","title":"Back-end Software Engineer ","origin":"더쿠스","start_date":"","newbie":false,"content":["기술 스택\nNode.js Go Python","업무 소개\n서버 API 개발 및 운영\n콘텐츠 Crawler 개발 및 개인화/추천 시스템 개발","자격 조건\n경력 3년 이상이신 분 중에,\nPython, Go, Node.Js 언어를 이용한 서버 API 및 Crawler 개발 경험 있으시면 좋구요\nOpen API 연동 및 구축에 대한 경험 및 이해있으신 분,\nRDBMS(MySQL), NoSQL, Redis 등 데이터베이스 경험 및 이해가 있으신 분,\nGit 버전 관리 사용 경험하신 분을 찾습니다.","우대 사항\nAWS 인프라 운영 경험 우대합니다\nMVC/MVVM Architecture Framework에 대한 경험 및 이해도가 높으신 분 좋습니다\nAgile 방법론 경험하시면 저희와 일하시기 더 좋습니다\n빌드/배포/테스트 자동화에 대한 이해도 (CI, TDD 등) 우대합니다\n코드 리뷰에 적극적이며 품질 좋은 소프트웨어 개발을 위해 함께 노력하실 분 더할나위 없이 좋습니다"]}