{"url":"https://www.rocketpunch.com//jobs/70333/%EC%A4%91%EA%B3%A0%EB%82%98%EB%9D%BC-%EA%B0%9C%EB%B0%9C%EB%B6%80%EB%AC%B8-%EC%95%88%EB%93%9C%EB%A1%9C%EC%9D%B4%EB%93%9C-%EC%A0%84%EB%AC%B8%EA%B0%80-%EC%B1%84%EC%9A%A9","title":"[중고나라] 개발부문 안드로이드 전문가 채용","origin":"중고나라","start_date":"03/02 ","newbie":"경력","content":["\n        주요 업무\n                    ㆍ중고나라 서비스 Android 앱 개발 업무\n\n      ","\n        업무 관련 기술 / 활동 분야\n        \n          Android\n          Java\n          Kotlin\n        \n      ","\n        채용 상세\n                    자격요건ㆍAndroid 앱 개발 경험 보유ㆍJava 등 안드로이드 플랫폼 이해도 보유자ㆍ외부 라이브러리, 오픈소스(커스텀마이징) 연동ㆍ코드리뷰를 너무 좋아하는 자우대사항ㆍ안드로이드 앱출시 경험자ㆍKotlin, RxJava 등 안드로이드 플랫폼 이해도 보유자ㆍE-Commerce 경험자ㆍ다양한 개발경험에 대한 의지가 있는 자ㆍ기술스펙보다 문제해결능력 중…\n            더 보기\n            자격요건ㆍAndroid 앱 개발 경험 보유ㆍJava 등 안드로이드 플랫폼 이해도 보유자ㆍ외부 라이브러리, 오픈소스(커스텀마이징) 연동ㆍ코드리뷰를 너무 좋아하는 자우대사항ㆍ안드로이드 앱출시 경험자ㆍKotlin, RxJava 등 안드로이드 플랫폼 이해도 보유자ㆍE-Commerce 경험자ㆍ다양한 개발경험에 대한 의지가 있는 자ㆍ기술스펙보다 문제해결능력 중시ㆍ최신 개발 트렌드에 대해서 관심이 있고 공유하기를 좋아하는 분ㆍ타 부서의 업무를 이해하고 원활하게 커뮤니케이션이 가능하신 분ㆍ긍정적인 마인드와 빠른 실행력을 보유하신 분\n"]}