{"url":"https://www.rocketpunch.com//jobs/69950/CS%EC%87%BC%ED%95%91%EB%AA%B0-%EC%9D%B8%EB%B0%94%EC%9A%B4%EB%93%9C-%EC%9D%91%EB%8C%80%EC%A3%BC%EA%B8%89-%EC%A7%80%EA%B8%89","title":"[CS]쇼핑몰 인바운드 응대(주급 지급)","origin":"크프","start_date":"02/11 ","newbie":"신입경력","content":["\n        주요 업무\n        \u003c 시급 9000원이고 일주일에 2일 출근 \u003e - 매주 금요일에 주급으로 지급. - 출근 10시~ 퇴근 오후 5시. 하루 근무시간 6시간(한시간은 식사시간 - 회사에서 무상 제공합니다) - - 카카오톡/네이버 톡톡/전화(전화응대는 3월 중에 없어질 예정) 로 들어오는 고객 상담을 처리하는 업무입니다. - 95%의 상담의 내용은 배송문의/상품재고문의로 거의 반복적인 업무입니다. - 고객과의 대부분 소통은 카톡으로 진행됩니다. - 컴퓨터 다루는 손이 빠르시면 업무를 하시기에 편하십니다. - 쇼핑몰 관리자페이지를 통해 결제/환불/취소 주문건들의 운영을 담당하십니다.  아래 중에 하나를 선택해주시면 됩니다.(추후에도 유동적으로 변경가능)\n      ","\n        업무 관련 기술 / 활동 분야\n        \n          고객관리\n          서비스운영\n          고객상담\n          고객지원\n        \n      ","\n        채용 상세\n        \u003c 크프는 이런 회사 \u003e- 빠르게 성장하는 스타트업임.- 최근에 투자유치를 마무리하고 2020년에 신나게 달려볼 준비를 하고 있음.- 투자사에 대한 정보는 로켓펀치 회사 정보에도 나와있음.(아주 아주 좋은 곳에서 투자를 받았다고 자부함_자본주의만세)- 모두 영어로 호칭함. 직급 없음. 라떼는 말이야 식의 꼰대짓 없음.- 토익 토플 점수 보지 않음(대표는 토익을 본적도 없다함)- 대학교 학점 보지 않음. 졸업장 없어도 상관없음.- 음식 지식에 해박해서 팀 점심 테이블에 소스 아이템 추가의 은혜를 내려주실 분(현재 사무실에는 스리라차 소스와 트러플 오일까지 구비되어있음)- 휴가는 그날 아침에 Feel 꽂혀도 쓸 수 있어야 진정한 휴가임(우리는 그러함. Slack으로 일방통보)- 점심은 회사에서 냄(요기요 VVIP임)- 회식 없음(창립이래 해본적이 한번도 없음). 항상 점심을 다같이 먹고 있음.\u003c 팀 소개 \u003ehttps://www.notion.so/crunchprice/29-767aa3d121834717a28c9cdd17b59633\u003c 채용 영상 \u003e https://www.youtube.com/watch?v=Tf6NNWhUH1Q\u003c 아 맞다 업무적으로는, \u003e- iMac, Macbook을 잘 다뤄줄 수 있는 분(다뤄본적이 없으시면 이번에 한번 배워보실 분)- 쿠팡의 로켓배송을 사용해본적이 있고, 배달의 민족에서 치킨 시켜본적이 있는 분- 본인의 실력이 경험과 경력에 비해서 훨씬 뛰어나지만, 꿈을 펼쳐보지 못하셨던 분(우리는 경력, 경험보다 실력이 중요함) \u003c 담당업무 \u003e- 카톡,네이버 톡톡 등 고객 문의 응대 - 전화 고객 문의 응대(하루에 전화는 10통 정도이고 대부분의 문의가 카톡으로 들어옴) \u003c 회사위치 및 근무 환경 \u003e- 강남역, 역삼역, 양재역에서 내리면 버스 1회 혹은 킥보드 1회로 올수 있는 거리임.- 항상 간식들이 있고(대표가 건강에 미쳐있어서 에너지바가 항상 있음), 요즘은 커피 머신 렌탈을 알아보고 있음.- 회식은 없는데, 팀원끼리 안친한게 아니라 일끝나면 퇴근하고 집에가는 삶이 좋지 않은가 싶음(대표가 있든 없든 그냥 본인 일 끝나면 집에 다들감)\n            \n              \n                  \n                  \n                \n            \n          "]}