{"url":"https://www.rocketpunch.com//jobs/68281/%EC%98%81%EC%83%81-%EB%B0%8F-%EC%82%AC%EC%A7%84-%EC%B4%AC%EC%98%81%ED%8E%B8%EC%A7%91-%ED%81%AC%EB%A6%AC%EC%97%90%EC%9D%B4%ED%84%B0","title":"영상 및 사진 촬영/편집 크리에이터","origin":"세컨즈쓰리미디어","start_date":"02/28 ","newbie":"경력","content":["\n        주요 업무\n        Brand Building Corporation.세컨즈쓰리는 누구나 3초 안에 반할 수 있는 브랜드를 만들고 싶습니다.'3초 안에 반할 수 있는 브랜드를 만드는 기업' 이라는 미션을 만들어가는 세컨즈쓰리 입니다.현재 저희는 건강기능식품, 뷰티 제품들을 메인으로 기획, 제조 유통하고 있고 영업, 기획, 마케팅, 디자인, 크리에이티브를 담당하는 5명이 모여 2019/7/1일 설립하여 프리미엄 해양심층수 `물들다` , 숙취해소제 `취한저격` ,  식사대용식 `마더세이` 등 다양한 제품들을 출시했습니다.저희는 뷰티/건강기능식품 제조를 위한 OEM/ODM 시설에 대한 인프라를 갖추고 있고 철저한 소비자 위주의 가설 → 빠른 실행 → 검증 → 피드백의 데이터 기반의 의사결정을 지향하는 기업입니다.5명에서 현재 10명의 직원이 함께하고 있고 더 높은 목표를 위해 다같이 노력하고 있습니다.이미 성장한 회사, 체계가 잡힌 회사에서 본인의 역량을 펼치는 것은 좋습니다.하지만 성장중인 회사에 초기에 합류하여 많은 것들을 직접 만들어보는 건 아주 큰 경험이 될겁니다.아직 저희 세컨즈쓰리는 초기 스타트업이고, 많은 도전과 실패와 그를 통한 성장을 해나갈 것이며 겉과 속이 단단한 기업을 만들 것입니다.정말 많은 아이디어들이 모여있습니다. 하나하나 해나가고 있지만 이제는 정말 뛰어난 분을 모실 타이밍이 왔다고 생각합니다. 빠르게 성장하는 저희 세컨즈쓰리에 지금 바로 오셔서 함께 만들어 갔으면 좋겠습니다.\n      ","\n        업무 관련 기술 / 활동 분야\n        \n          영상편집\n          영상기획\n          프리미어\n          에프터이펙트\n          영상촬영\n          영상 편집\n          동영상 제작\n          콘텐츠제작\n          영상디자인\n          영상제작\n          영상\n          모션그래픽 디자인\n          motion graphic\n          일러스트\n          어도비포토샵\n          adebe Premiere\n          동영상편집\n          비디오 커머스\n        \n      ","\n        채용 상세\n        ## 담당업무- 비디오커머스 영상 컨텐츠 관련 기획, 촬영/편집 업무를 합니다.- 3초 마켓에 맞는 브랜드 컨텐츠를 기획하고 제작합니다.- 다양한 채널별 특징을 파악하고 채널별 문법에 맞는 컨텐츠 기획 제작, 배포 합니다.## 디테일 업무- 마케팅 관점의 이해하기 쉽고 매력적 광고 영상 컨텐츠 제작(기획/촬영/편집)- 채널에 대한 이해도를 바탕으로 빠르고 다양한 영상 컨텐츠 제작- 최소화 된 리소스로 영상을 제작하여 creative 가설을 검증하고 개선 후 반영- 브랜디드 콘텐츠 기획부터 편집까지 제작 전 과정 참여- 프로덕트 및 세컨즈쓰리 브랜딩에 필요한 creative 영상 제작## 자격 요건- DSLR급 장비 활용한 촬영, Premiere CC 활용한 편집, After Effect 활용한 편집 가능한 분- 일러스트, 포토샵 사용이 가능한 분- 다양한 채널의 광고/마케팅 기획 제작 경험이 있으신 분- 하나의 카테고리에 한정짓지 않고 다양한 카테고리에 도전하고 싶으신 분- 계속되는 고민보다 빠른 실행과 빠른 피드백을 받는 것에 익숙하신 분- 새로운 시도에 대한 두려움이 없으신 분- 자기 주도적 업무 수행이 가능한 분## 우대사항- 스타트업에 대한 이해도가 높으신 분- 비디오커머스 기업 경험자- 촬영 장비를 보유하고 있는 분## 3초가 애타게 기다리는 분1. 역동적이고, 도전적인 분2. 적어도 한가지의 전문분야가 있는 분(ex 운동, 마케팅, 독서 등등)3. 오너십이 강하고 자율과 책임을 전제로 본인이 할 일을 계획하고 직접 실행을 할 수 있는 분4. 성장에 대한 열망이 높은 분5. 소비자 최우선주의6. 데이터를 기반으로 하는 의사결정에 대한 이해도가 있는 분## 이런 것들을 하고 있어요- 업계 1위 드럭스토어 PB 상품 기획 및 유통- 국내 3대 리테일들의 PB 상품 기획 및 유통- 네트워크마케팅 기업 PB 상품 기획 및 공급- '3초 마켓' 관리- 퍼포먼스 마케팅 대행- 태국 수출 및 베트남 수출('취한저격')`다양한 카테고리(패션, 뷰티, 식품)의 상품 기획, 제조, 공급, 유통을 진행하고 있습니다`빠르게 성장하고 있는 기업에서 다양한 경험을 할 수 있습니다.## 기업 문화- 저희는 각자의 영역과 의견을 `존중`합니다.- 회사에 들이는 노력만큼 회사는 반드시 `최고의 보상`을 해드리려고 노력합니다.- 회사와 개인은 같이 `성장` 해야한다고 생각합니다.- 많은 도전들을 `응원과 지지`합니다.- `업무 효율`을 올리기 위해 많은 노력을 합니다.    Notion, G suite 활용- 직급보다 `좋은 의견`을 중요시합니다.- 회사에서는 복지만 관리합니다, 신뢰를 기반으로 개개인의 `자율`을 최대한 보장합니다.- 유기적으로 `소통`하며 업무를 합니다.## 사내 복지3초가 3일을 쏜다!1년에 한번 일주일 연속 리프레쉬 휴가 제공연차 사용에 대한 사유 공지 의무 없음.탄력 근무제`09:00-10:30` 자율 출근제하루 8시간 근무(점심시간 제외)자율 복장  상대에게 위화감을 주지 않는 선에서 자율 복장 가능경조휴일, 경조사비 지급중식 제공한달에 한번 오전 근무오후는 워크숍 진행(아이디에이션 회의)소풍, 카페 등 다른 장소에서 근무임신 중 본인 2시간 단축/유연 근무본인/배우자/자녀/부모님 생일 및 본인 결혼기념일에는 `오후 4시` 강제 퇴근장기 근속자 포상\n            \n              \n                  \n                \n            \n          "]}