{"url":"https://programmers.co.kr/job_positions/1263","title":"Software Engineer (C/C++) - MacOS","origin":"클로버추얼패션","start_date":"","newbie":false,"content":["기술 스택\nPython Git CAD Qt C++ C","업무 소개\nMacOS 환경에서 Qt 라이브러리를 사용한 sw 유지보수 및 개발환경 최적화 \n2D/3D CAD 기능 및 알고리즘 개발\n\n[개발환경]\n- Mac : Xcode 9 (or higher)\n- Window : Visual Studio 2017\n- Qt Library 사용하여 cross-platform application 개발\n- Python script\n- 버전 관리 도구 : SVN, Git\n- 빌드 자동화 : Teamcity","자격 조건\nMacOS 환경에서 개발 경력 2년 이상 (C/C++)\n전산/개발 관련 전공 혹은 그에 준하는 교육/훈련 이수(6개월 이상)","우대 사항\nMac에서 Qt를 사용하여 cross-platform 프로그램 개발 경험\nMac에서 XCode 또는 QtCreator 를 활용한 개발환경 구축\nMac에서 빌드 가속화 경험\n영어 회화 능력"]}