{"url":"https://www.rocketpunch.com//jobs/68173/%ED%94%84%EB%A1%A0%ED%8A%B8-%EA%B0%9C%EB%B0%9C%EC%9E%90-%EC%9B%B9-%ED%94%84%EB%A1%9C%EA%B7%B8%EB%9E%98%EB%A8%B8-%EC%B1%84%EC%9A%A9%ED%95%A9%EB%8B%88%EB%8B%A4","title":"프론트 개발자 (웹 프로그래머) 채용합니다.","origin":"에이펙서","start_date":"01/15 ","newbie":"신입경력","content":["\n        주요 업무\n        신규 플랫폼 및 고객사 웹서비스 프론트 개발\n      ","\n        업무 관련 기술 / 활동 분야\n        \n          JavaScript\n          React\n          vue\n          CSS\n          HTML\n          Git\n          Front-end\n          GitHub\n          Node JS\n        \n      ","\n        채용 상세\n        담당업무- 프론트 개발 자격요건- 학력: 학력무관- 경력: 신입 또는 경력1년↑- 기술:    React.js 또는 Vue.js ( es6 이상 )   HTML5 / CSS3   웹표준 및 크로스브라우징 기본 이해   컴포넌트 및 router, axios 사용 가능   Github 사용우대사항- redux 사용가능자,  next.js 사용가능자  typescript 사용가능자  node.js 또는 PHP 유경험자  MySQL 또는 MSSQL 유경험자  영어가능자 유관업무 경험자(인턴·알바)"]}