{"url":"https://www.rocketpunch.com//jobs/69076/%ED%94%84%EB%A1%A0%ED%8A%B8%EC%97%94%EB%93%9C-%EC%9B%B9%EA%B0%9C%EB%B0%9C%EC%9E%90","title":"프론트엔드 웹개발자","origin":"핏투게더","start_date":"02/12 ","newbie":"소신입경력","content":["\n        주요 업무\n                    핏투게더는 축구 데이터 분석 전문 스타트업입니다. 현재 K리그와 국내 유소년 팀들과 계약을 맺고 해당 팀 선수들의 데이터를 수집 및 분석 하고 있습니다. 국내 뿐만이 아닌 해외 진출 도약을 위해 ‘유럽' 의 구단과 현재 협상 진행 중에 있으며, 기타 긍정적인 부분들이 여러 방면에서 이루어지고 있습니다. 그 어떤 스타트업보다도 활발한 분위기 속에서 일…\n            더 보기\n            핏투게더는 축구 데이터 분석 전문 스타트업입니다. 현재 K리그와 국내 유소년 팀들과 계약을 맺고 해당 팀 선수들의 데이터를 수집 및 분석 하고 있습니다. 국내 뿐만이 아닌 해외 진출 도약을 위해 ‘유럽' 의 구단과 현재 협상 진행 중에 있으며, 기타 긍정적인 부분들이 여러 방면에서 이루어지고 있습니다. 그 어떤 스타트업보다도 활발한 분위기 속에서 일할 수 있으며 성장해 나가는 스타트업 속에서의 일원으로써 뿌듯함도 느낄 수 있을 것입니다. 핏투게더와 함께할 축구를 사랑하는 엔지니어분 언제든 환영합니다. 많은 지원부탁드립니다 :) [ 담당 업무 ]- 기존 서비스 기능 개선, 유지보수\n\n      ","\n        업무 관련 기술 / 활동 분야\n        \n          Javascrit\n          CSS\n          HTML\n          PHP\n          Highcharts\n          jQuery\n          Front-end\n        \n      ","\n        채용 상세\n                    [ 자격 요건 ]- 2년 이상의 프론트엔드, JavaScript 개발 경력 혹은 그에 준하는 실력- Vanilla JavaScript, HTML, CSS 에 대한 활용 능력이 높으신 분- Highchart API 활용 능력이 높으신 분- PHP에 대한 이해도가 높으신 분[ 우대 사항 ]- 직접 서비스를 개발해 본 경험이 있으신 분- ES6 이상의 M…\n            더 보기\n            [ 자격 요건 ]- 2년 이상의 프론트엔드, JavaScript 개발 경력 혹은 그에 준하는 실력- Vanilla JavaScript, HTML, CSS 에 대한 활용 능력이 높으신 분- Highchart API 활용 능력이 높으신 분- PHP에 대한 이해도가 높으신 분[ 우대 사항 ]- 직접 서비스를 개발해 본 경험이 있으신 분- ES6 이상의 Modern JavaScript 에 대한 이해가 있으신 분- 웹사이트 성능 측정 및 최적화 경험이 있으신 분- 스타트업에 대한 이해가 뛰어나신 분 [ 현재 회사에서 사용하고 있는 기술]- BackEnd : PHP, Java ( Spring boot, JPA )- FrontEnd : ES6, Vue.js, Vuex, Scss(Sass), Webpack, Babel, Jest- Infra : AWS ( EC2, S3, ECS, ECR, RDS, CloudWatch, CloudFront, Route53 등 )\tCircle Ci, Docker[ 채용형태 ]- 주 5일 출근 형태의 정규직- 급여 : 3000 만원 이상, 협의 가능[ 채용 과정 ]1. 서류 전형 ( 이력서와 포트폴리오를 첨부하여 지원 pdf 파일로 부탁드립니다 )2. 면접[복지 및 문화]- 식대 제공, 간식 및 커피 제공- 장비 : 맥북 프로 15인치, 듀얼 모니터 및 필요 악세사리 제공- 자율 휴가제 (연차 한도 내 원하는 날짜 눈치 전혀 안보고 사용 가능)- 성장에 대한 급여 인상 기회\n\n            \n              \n                  \n                \n            \n          \n            \n              \n                  \n                \n            \n          \n            \n              \n                  \n                \n            \n          "]}