{"url":"https://www.rocketpunch.com//jobs/68543/%EC%9B%B9%ED%94%84%EB%A1%A0%ED%8A%B8-%EA%B0%9C%EB%B0%9C%EC%9E%90%EB%A5%BC-%EB%AA%A8%EC%8B%AD%EB%8B%88%EB%8B%A4CarO-%EC%B0%A8%EB%9F%89%EA%B5%AC%EB%8F%85-%EC%84%9C%EB%B9%84%EC%8A%A4","title":"웹프론트 개발자를 모십니다.(CarO 차량구독 서비스)","origin":"비마이카","start_date":"02/21 ","newbie":"경력","content":["\n        주요 업무\n                    CarO 서비스(차량공유 서비스) - 웹페이지 및 모바일 웹 개발\n\n      ","\n        업무 관련 기술 / 활동 분야\n        \n          Front-end\n          JavaScript\n          CSS\n          HTML\n          Git\n          React\n        \n      ","\n        채용 상세\n                    담당업무• 웹페이지 및 모바일 웹 개발자격요건• html, css, reactjs, typescript 가능자우대사항• vue.js, node.js, nuxt.js, next.js\n"]}