{"url":"https://www.rocketpunch.com//jobs/64728/%EB%A7%98%EC%8B%9C%ED%84%B0-Android-%EC%95%B1%EA%B0%9C%EB%B0%9C%EC%9E%90-Java-Kotlin","title":"[맘시터] Android 앱개발자 (Java / Kotlin)","origin":"맘편한세상","start_date":"02/11 ","newbie":"경력","content":["\n        주요 업무\n                    \"맘시터팀은 바쁜 부모님들이 맘편하고 즐겁게 육아할 수 있는 세상을 꿈꿉니다.\"맘시터는 '믿을 수 있는 아이돌보미를 쉽고 빠르게 찾는' 서비스를 시작으로 400만 영유아 부모님들의 no.1 육아 종합 플랫폼을 꿈꾸며 성장하고 습니다.37만 회원을 달성한 아이돌보미 매칭 플랫폼 '맘시터'는 최근에 특히 성장속도가 가파러져서 6개월마다 2배 이상 성장하…\n            더 보기\n            \"맘시터팀은 바쁜 부모님들이 맘편하고 즐겁게 육아할 수 있는 세상을 꿈꿉니다.\"맘시터는 '믿을 수 있는 아이돌보미를 쉽고 빠르게 찾는' 서비스를 시작으로 400만 영유아 부모님들의 no.1 육아 종합 플랫폼을 꿈꾸며 성장하고 습니다.37만 회원을 달성한 아이돌보미 매칭 플랫폼 '맘시터'는 최근에 특히 성장속도가 가파러져서 6개월마다 2배 이상 성장하며, 18조원 이상으로 추정되고 있는 아이돌봄시장을 가장 빨리 혁신하고 있습니다. 본엔젤스, 미래에셋, 디티엔, 케이런에서 총 ~30억원을 투자받아 더 좋은 서비스를 만드는 것에 집중하며 본격적으로 달리기 시작했답니다.맘시터팀은 우리가 속도를 낼수록 우리들의 삶 속에 깊히 박혀 있는 '여성경력단절', '황혼육아', '어린이집 대란' 등의 사회문제를 해결되어, 살기 좋은 사회를 만드는 데에 이바지할 수 있다고 생각하며 똘똘 뭉쳐 자부심과 책임감을 갖고 일하고 있습니다.당신의 힘을 보태어주세요.\u003c우리는 이런 기업문화를 갖고 있어요.\u003e1. 작은 팀이지만 맘시터팀과 함께라면 못할 것이 없다고 생각해요.2. 팀원 개인의 성장이 곧 회사의 성장으로 연결된다고 생각해요.3. 같이 일하는 것이 재밌고, 서로 배울 수 있는 동료가 많은 회사를 만들어가고 싶어요.4. 개개인이 역량을 발휘하기 위해서는 명확한 권한과 책임, 그리고 자율성을 가져야 한다고 생각해요.5. 실패해도 배우는 것이 있다면 정말로 괜찮다고 생각해요.\u003c우리는 이렇게 일해요.\u003e1. 본인의 할일은 스스로 구상하고 결정해요.2. 맡은 업무에 대해 각자가 높은 책임감과 자율성을 갖고 일해요.3. 문제를 풀 수 있는 최선의 방법을 찾기 위해 치열하게 고민해요.4. 문제를 해결하기 위해서는 갈등을 두려워하지 않아요.5. 서로를 존중하며 실질에 집중한 협업을 지향해요.\u003c우리는 이런 동료를 찾고 있어요.\u003e1. 본인이 하는 일에 열정이 있고 욕심이 있으신 분2. 주도적으로 고민하고 일할 수 있는 분3. 동료들과 즐겁게 어울릴 수 있는 분4. 적극적이고 명확한 커뮤니케이션을 하려고 노력하는 분5. 아이키우기 좋은 세상을 만드는 것에 함께 하고 싶은 분\u003c우리는 이런 환경에서 일해요.\u003e- 9~11시 사이에 원할때 출근할 수 있어요.- 업무 관련된 도서는 언제든 살 수 있어요.- 세미나, 교육, 스터디 참석을 권장하고 비용을 지원하고 있어요.- 반차/반반차/붙여서 원하는대로 휴가를 사용할 수 있어요.- 최고급 하드웨어 및 업무시 필요한 소프트웨어 모두 제공해요.- 야근이 필요한 날에는 법카로 맛있는 걸 먹을 수 있어요.- 내가 원하는 간식이 상시 구비되어 있어요.- 다양한 툴(Notion, Git, Jandi 등)을 유료로 사용하고 있고, 좋은 툴이 있다면 제안하고 함께 사용할 수 있도록 언제나 열려 있어요.- 공덕역/대흥역 사이인 서울의 서쪽에 위치하고 있어요. (뉴한일빌딩 3층)*사용 기술: Java / Kotlin\n\n      ","\n        업무 관련 기술 / 활동 분야\n        \n          Android\n        \n      ","\n        채용 상세\n                    담당업무- 맘시터 안드로이드 애플리케이션 개발 (Java / Kotlin)자격요건- 안드로이드 앱 3년 이상의 개발 경력- 성장에 대한 의지가 충만하고, 노력하시는 분- 존중과 신뢰를 기반으로 적극적으로 커뮤니케이션하는 분우대사항- 사회 이슈에 관심이 있고, 해결해 나가는 것에 관심이 있는 분- 코드 품질 개선에 관심을 가지고 노력시는 분- TDD …\n            더 보기\n            담당업무- 맘시터 안드로이드 애플리케이션 개발 (Java / Kotlin)자격요건- 안드로이드 앱 3년 이상의 개발 경력- 성장에 대한 의지가 충만하고, 노력하시는 분- 존중과 신뢰를 기반으로 적극적으로 커뮤니케이션하는 분우대사항- 사회 이슈에 관심이 있고, 해결해 나가는 것에 관심이 있는 분- 코드 품질 개선에 관심을 가지고 노력시는 분- TDD 경험이 있으신 분- 상용 서비스 1년 이상 운영 경험\n\n            \n              \n                  \n                \n            \n          \n            \n              \n                  \n                \n            \n          \n            \n              \n                  \n+2                \n            \n          \n            \n              \n                  \n                \n            \n          \n            \n              \n                  \n                \n            \n          "]}