{"url":"https://www.rocketpunch.com//jobs/67950/%ED%94%84%EB%A1%9C%EB%8D%95%ED%8A%B8-%EB%A7%A4%EB%8B%88%EC%A0%80","title":"프로덕트 매니저","origin":"바이미","start_date":"01/09 ","newbie":"신입경력","content":["\n        주요 업무\n        클라이언트 커뮤니케이션, 캠페인 매니지먼트 유저 경험 프로세스 기획 및 업그레이드 포인트 발굴내,외부 멤버들과의 협업을 통한 프로젝트 리딩 (프로젝트 매니징)경력 5년이상 우대, 영어 능숙자 우대, 협의하에 자율 근무 가능 (remote work 가능)\n      ","\n        업무 관련 기술 / 활동 분야\n        \n          communication\n          브랜드관리\n          Problem solving\n          Business Analysis\n          business development\n        \n      ","\n        채용 상세\n        담당업무- 클라이언트 커뮤니케이션- 캠페인 매니지먼트 - 유저 경험 프로세스 기획 및 업그레이드 포인트 발굴- 내,외부 멤버들과의 협업을 통한 프로젝트 리딩 (프로젝트 매니징)우대사항- 유사 업무 경험 (경력 5년이상)- 영어 능숙자"]}