{"url":"https://www.rocketpunch.com//jobs/54215/%EB%AA%A8%ED%8A%B8%EB%AA%A8%ED%8A%B8-%EC%A0%84%EB%9E%B5-%EA%B8%B0%ED%9A%8D%ED%8C%80-%EC%A0%95%EA%B7%9C%EC%A7%81-%EC%9D%B8%ED%84%B4-%EC%B1%84%EC%9A%A9-%EC%84%9C%EB%B9%84%EC%8A%A4-%EA%B8%B0%ED%9A%8D-PM","title":"[모트모트] 전략 기획팀 정규직 / 인턴 채용 (서비스 기획 / PM)","origin":"모트모트","start_date":"02/23 ","newbie":"인턴신입경력","content":["\n        주요 업무\n                    - 모트모트의 마케터는 다양한 브랜드의 활동을 관찰하는 것과 트렌드에 관심이 많아야 합니다.- 또한 데이터를 기반으로 성과를 분석하고 새로운 인사이트를 얻어낼 수 있어야 합니다.- 결과적으로 브랜드의 이야기를 만드는 것에 흥분할 수 있는 분을 찾습니다.모트모트에 대해 더 알고 싶다면? https://bit.ly/328QIGh전략기획팀에 대해 더 알고…\n            더 보기\n            - 모트모트의 마케터는 다양한 브랜드의 활동을 관찰하는 것과 트렌드에 관심이 많아야 합니다.- 또한 데이터를 기반으로 성과를 분석하고 새로운 인사이트를 얻어낼 수 있어야 합니다.- 결과적으로 브랜드의 이야기를 만드는 것에 흥분할 수 있는 분을 찾습니다.모트모트에 대해 더 알고 싶다면? https://bit.ly/328QIGh전략기획팀에 대해 더 알고 싶다면? http://bit.ly/2uAGGTz\n\n      ","\n        업무 관련 기술 / 활동 분야\n        \n          온라인마케팅\n          퍼포먼스마케팅\n          소셜마케팅\n          컨텐츠관리\n          브랜드마케팅\n          Google Analytics\n          서비스 기획\n          컨텐츠 기획\n          PM\n          콘텐츠 기획\n          마케터\n          프로젝트 매니저\n          서비스운영\n          기획•운영\n          SNS 채널관리\n          sns 마케팅\n          콘텐츠마케팅\n          인스타그램\n          디지털마케팅\n          페이스북\n          카피라이팅\n          instagram\n        \n      ","\n        채용 상세\n                    ●담당업무- 서비스 기획 / PM- 커뮤니티 기획 및 운영- 컨텐츠 기획 및 제작●필요역량- 사람들이 성장하는 과정에 함께하고 도움을 주고 싶은 분- 새로운 서비스와 도구를 기획하고 만드는 일에 관심이 있는 분- 감이 아닌 데이터를 기반으로 사고하는 분- 인스타그램/유튜브 등 SNS 플랫폼에 관심이 많은 분 ●모집 분야- [정규직 0명] 계약직 2개…\n            더 보기\n            ●담당업무- 서비스 기획 / PM- 커뮤니티 기획 및 운영- 컨텐츠 기획 및 제작●필요역량- 사람들이 성장하는 과정에 함께하고 도움을 주고 싶은 분- 새로운 서비스와 도구를 기획하고 만드는 일에 관심이 있는 분- 감이 아닌 데이터를 기반으로 사고하는 분- 인스타그램/유튜브 등 SNS 플랫폼에 관심이 많은 분 ●모집 분야- [정규직 0명] 계약직 2개월 근무 후, 협의에 따라 정규직 전환- [인턴 0명] 최소 6개월 이상 근무●우대사항- 교육 / 멘토링 관련 경력이 있으신 분- 브랜드 SNS나 회사 블로그를 직접 운영해보신 분●근무 요일 및 시간- 월 - 금- 10시 - 19시 (점심시간 13시 - 14시)●근무지- 동대문역사문화공원역 (5호선 도보 1분)●급여- [정규직] 면접 후 결정- [인턴] 월 180만원●복리후생- 4대보험- 점심 식사 제공 (야근 시 저녁 식사 지원)- 자기계발비 월 최대 10만원 지원- 도서 구입비 지원- 각종 세미나 등 교육비 지원- 구성원이 원하는 간식과 커피 제공●지원방법- 이력서와 pdf파일 형식의 포트폴리오 제출 (로켓펀치 혹은 이메일 제출 people@motemote.kr)- 서류 접수 후 서면 인터뷰 제출 (소요시간 약 5분) : http://bit.ly/2uoBMsu\n\n            \n              \n                  \n                \n            \n          \n            \n              \n                  \n                \n            \n          "]}