{"url":"https://www.rocketpunch.com//jobs/66812/%EB%AA%A8%EB%B0%94%EC%9D%BC%EC%95%B1-%EA%B0%9C%EB%B0%9C%EC%9E%90","title":"모바일앱 개발자","origin":"미식의시대","start_date":"12/12 ","newbie":"경력","content":["\n        주요 업무\n        미식의시대는 2019년 10월 코스콤의 사내벤처로 분사한 스타트업입니다영화의 예상평점을 통한 개인화 큐레이션을 제공하는 왓차의 서비스를음식에 적용시킨 사업을 추진중에 있으며코스콤에서 주가예측 모델링 기술개발과 모바일 증권거래솔루션 개발을 진행했던핵심멤버들 위주로 구성되어 있는 빅데이터와 핀테크 전문기업입니다코스콤의 지원을 받으면서 기존의 배달서비스앱, 맛집메뉴추천서비스앱, 모바일원스톱 오더 서비스 기업과의 무한경쟁에 함께 도전하고 싶은 분을 모시고 싶습니다\n      ","\n        업무 관련 기술 / 활동 분야\n        \n          Android\n          iOS\n          Node.js\n        \n      ","\n        채용 상세\n        담당업무• 미식의시대 웹앱 서비스, 웹뷰 개발• 신규기능 웹앱서비스 개발자격요건• 웹 프론트엔드 개발 경력 3년 이상• Vue.js, React.js 프론트엔드 프레임워크 사용 경험• Git 사용 경험, REST API 클라이언트 개발 경험• HTML, CSS등 W3C 웹 표준규격에 대한 이해• JavaScript 에 대한 이해우대사항• TypeScript 사용 경험• Unit Test에 대한 이해와 사용 경험• Full Javascript Web Application 설계 및 개발 경험• Python, django 사용 경험• 데이터 시각화 개발 경험\n            \n              \n                  \n                \n            \n          \n            \n              \n                  \n                \n            \n          "]}