{"url":"https://www.rocketpunch.com//jobs/68825/%EC%95%84%EC%9D%B4%EA%B3%A0%EA%B3%A0-%EA%B0%9C%EB%B0%9C%EC%9E%90-%EC%B1%84%EC%9A%A9","title":"아이고고 개발자 채용","origin":"아이고고","start_date":"01/31 ","newbie":"경력","content":["\n        주요 업무\n                    **회사 소개**유아동을 대상으로 예체능, 취미 기반의 창의 클래스를 연결하는 플랫폼 아이고고를 운영하고 있습니다. 아이고고는 유아동 교육 전문가 분들의 다양한 클래스를 가정에서, 우리동네의 스튜디오에서 만날 수 있게 하는 서비스 입니다.우리는 보다 나은 교육을 제공하기 위해서 '교육자의 안정성'이 보장되어야 한다는 점에 주목하고 있습니다. '교육의…\n            더 보기\n            **회사 소개**유아동을 대상으로 예체능, 취미 기반의 창의 클래스를 연결하는 플랫폼 아이고고를 운영하고 있습니다. 아이고고는 유아동 교육 전문가 분들의 다양한 클래스를 가정에서, 우리동네의 스튜디오에서 만날 수 있게 하는 서비스 입니다.우리는 보다 나은 교육을 제공하기 위해서 '교육자의 안정성'이 보장되어야 한다는 점에 주목하고 있습니다. '교육의 질은 교사의 질을 넘을 수 없다' 는 문구에 공감합니다. 저희와 함께하는 유아동 교육 전문가 분들은 자신만의 클래스 커리큘럼을 개발하고 이를 교육하여 아이들에게 즐거운 추억을 안기고, 전인적인 발달을 도모하는 교육을 하시는 분들입니다.그런 분들께서 관습적인 계약구조, 전통 파견업체의 불합리한 비용구조 조건 등의 불편으로 커리어를 축적하며 안정적인 수익활동을 하기 힘든 상황에 놓여있습니다. 우리는 이런 분들에게 편의와 효과를 제공하고 이를 바탕으로 보다 높은 질의 교육을 아이들에게 전달하는 교육의 선 순환구조를 만드는데 기여하고자 합니다.아이고고는 훗날 사교육비의 평준 하향화와 함께, 가치 가득한 다채로운 교육과의 접근성을 높일 수 있는 에듀테크 서비스로 지속 성장할 것입니다.아이고고는 2018년 9월 오픈베타서비스 론칭을 시작으로, 2019년 11월 시드투자를 유치 했으며, 2019년 8월 투자를 새로이 유치하고 지속적으로 서비스를 개선시키고 고객을 확장시켜 나가고 있습니다. 우리와 함께 에듀테크의 혁신을 만들어내는데 관심이 있는 분이라면 누구든지 환영합니다.**아이고고의 기업문화**아이고고는 '개인의 성장'이 '조직의 성장'의 바탕이라는 생각으로 삶에 임하는 문화를 가지고 있습니다. 자유로운 분위기 속에서 자신의 일에 책임감을 가지고 업무에 참여합니다. 직무에 상관없이 '고객경험'에 대해서 높은 중요성을 강조하고 있습니다. 그렇기 때문에 직무에 상관없이 모든 팀원이 다양한 아이디어를 발제하고 이를 바탕으로 다양한 프로젝트를 운영합니다. 멈추지 않는 성장, 대한민국 교육 시장의 혁신에 공감하시는 분들은 많은 지원바랍니다 :)**아이고고가 꿈꾸는 미래** 현재 아이고고는 유아동 창의 플랫폼으로써, 다양한 튜터들의 활동, 그리고 부모님과의 교류를 통해서, 아이들을 위해 좋은 서비스를 만들어 오고 있습니다. 현재 웹으로 서비스를 하고 있는 부분을 좀 더 많은 분들이 편리하게 사용할 수 있도록 하기 위해서 모바일로의 서비스의 확대를 생각하고 있습니다. 기존에 웹의 시장에서 모바일로의 새로운 시장에 관심있는 분들의 많은 지원 부탁드립니다.**이런 분을 원해요! (웹앱 개발자)**- 안드로이드, 아이폰 개발 경험이 있는 분- 웹에서 웹앱에 관심이 있는 분- 새로운 웹앱을 A to Z 까지 함께 만들어 보고 싶은 분- 사수가 없이 혼자 개발하다가, 함께 개발을 통해서 성과를 거두고 싶은 분- Node.js 등의 서버 개발 경험이 있는 분- 리엑트 네이티브, 플러터, cordova 등 웹앱에 관심이 많은 분- 사람들과의 교류를 좋아하고 재밌는것을 좋아하는 분- 새로운 기술에 대해서 늘 흥미를 느끼는 분- git, notion, slack 등 최신 협업 도구 사용 및 VSC 툴을 이용하는 등등 다양한 기술을 접하고 싶은 분\n\n      ","\n        업무 관련 기술 / 활동 분야\n        \n          Node.js\n          MongoDB\n          JavaScript\n          React\n          Front-end\n          Git\n          Back-end\n          풀스택개발\n        \n      ","\n        채용 상세\n                    **현재 근무 인원 : 현 근무 개발자 (중고급 1명, 초중급 2명)**현 아이고고 기술 스택프론트: React, Antd, css/Sass백엔드: Meteor, Mongo DB, Node.js, PM2, Linux기타 협업 툴 : 슬랙, 노션, GitHub, VSC**현) 서비스 개발 방향성**클래스 매칭클래스 리포트클래스 알림 알림톡클래스 스케쥴…\n            더 보기\n            **현재 근무 인원 : 현 근무 개발자 (중고급 1명, 초중급 2명)**현 아이고고 기술 스택프론트: React, Antd, css/Sass백엔드: Meteor, Mongo DB, Node.js, PM2, Linux기타 협업 툴 : 슬랙, 노션, GitHub, VSC**현) 서비스 개발 방향성**클래스 매칭클래스 리포트클래스 알림 알림톡클래스 스케쥴 관리클래스 신청 및 클래스 생성튜터 페이지 관리**근무 환경**- 서울의 중심, 강남으로 출퇴근 (역삼역 도보 10분 이내)- 자율 출퇴근 (일 8시간 근무), 시간선택제(9~11시 사이 자율 출근)- 과자 및 음료수 등의 다양한 간식 항상 상비- 함께하면 즐거운 동료(일할 때는 집중, 잡담시에는 함께 즐기기)- 월 2회 재택 리모트 근무 가능!- 연차 15일 (담당 프로젝트 관련 동료들의 동의만 있다면 장기 연차 무관)- 업무 생산성에 필요한 기자재 회사 지원- 업무 및 직무개발을 위한 도서와 교육 회사 지원\n\n            \n              \n                  \n                \n            \n          \n            \n              \n                  \n                \n            \n          \n            \n              \n                  \n                \n            \n          "]}