{"url":"https://www.rocketpunch.com//jobs/69805/%EC%A0%84%EB%A0%A5O2O-%EB%A7%88%EC%BC%80%ED%8C%85%EB%8C%80%ED%95%99%EC%83%9D-%EC%9D%B8%ED%84%B4","title":"전력O2O 마케팅(대학생 인턴)","origin":"(주) 에이치에너지","start_date":"02/22 ","newbie":"소인턴","content":["\n        주요 업무\n                    공유옥상, 우리집RE100 서비스의 가치를 포지셔닝하고, 고객을 확보합니다. Hub가 될 5개 광역지자체에 가상발전소 사업을 런칭하였습니다. 이 지역에서 새로운 서비스를 사업화하고 전국으로 확대합니다. 타겟마케팅, 직접발굴, 채널을 가동하여, 현장방문, 제안, 상품수정 등의 단계를 거치며 공유옥상을 확보하고, 이 과정을 통해 공유옥상이란 새로운 시장…\n            더 보기\n            공유옥상, 우리집RE100 서비스의 가치를 포지셔닝하고, 고객을 확보합니다. Hub가 될 5개 광역지자체에 가상발전소 사업을 런칭하였습니다. 이 지역에서 새로운 서비스를 사업화하고 전국으로 확대합니다. 타겟마케팅, 직접발굴, 채널을 가동하여, 현장방문, 제안, 상품수정 등의 단계를 거치며 공유옥상을 확보하고, 이 과정을 통해 공유옥상이란 새로운 시장을 개척합니다.*사업분야유틸리티 중심의 전력산업을, 소비자, 소기업들이 참여하는 플랫폼기반의 거래시장으로 변환시킵니다.가상발전소(Virtual Power Plant, VPP) 플랫폼을 기반으로, #공유옥상태양광 시장을 만들고, 일반 소비자들에게 #우리집RE100 서비스를 제공하며, #전력O2O 서비스로 지역내 다양한 소비자, 사업자들이 에너지사업을 전개할 수 있도록 합니다.시민, 우리집RE100 세대를 모집하여 협동조합을 구성하고, 공유옥상을 확보하여 태양광발전사업을 전개하며, O2O서비스를 통해 소기업, 소비자들도 플랫폼 기반 에너지사업에 참여할 수 있도록 합니다.\n\n      ","\n        업무 관련 기술 / 활동 분야\n        \n          바이럴마케팅\n        \n      ","\n        채용 상세\n                    담당업무- 우리집RE100, 공유옥상 상품 타겟마케팅- 상품/서비스설명, 현장방문제안, 사업지원자격요건- 대학 재학생 또는 대졸우대사항---\n"]}