{"url":"https://programmers.co.kr/job_positions/423","title":"[서비스인프라개발팀] 웹프로그래머","origin":"카페24","start_date":"","newbie":false,"content":["기술 스택\nJava MySQL PHP Linux Python Apache Tomcat AngularJS Elasticsearch JavaScript jQuery Node.js Redis ReactJS","업무 소개\n카페24 결제/빌링 서비스 개발 및 관리","자격 조건\n3 ~ 8년 경력자\n웹개발을 위한 기본(Apache, PHP, Mysql) 개발 가능자\nJavascript 및 JQuery 개발 가능자\n웹개발 Trend 에 관심이 많고, 새로운 기술 도입을 즐기는 자\n긍정적이고 적극적인 사고와 커뮤니케이션 능력을 지닌 자","우대 사항\n빌링 서비스 개발/운영 경험자\nPG사 서비스/개발/연동 경험자\nPostgreSQL 개발 가능자\nLinux서버 운용 지식을 갖춘 자\n다양한 언어로 개발하고 도전하는데 의욕이 있는 자\n대용량데이터 처리시스템 개발 경험자\n재무회계 분야의 기본 지식 보유자\n장애인 및 보훈대상자"]}