{"url":"https://www.rocketpunch.com//jobs/65157/%EC%9D%8C%EC%8B%9D%EC%9D%84-%EC%82%AC%EB%9E%91%ED%95%98%EB%8A%94-Back-end-%EA%B0%9C%EB%B0%9C%EC%9E%90%EB%A5%BC-%EB%AA%A8%EC%8B%AD%EB%8B%88%EB%8B%A4","title":"음식을 사랑하는 Back-end 개발자를 모십니다.","origin":"플레이팅","start_date":"01/20 ","newbie":"경력","content":["\n        주요 업무\n                    \"훌륭한 음식일수록 널리 소비되어야 한다\"이 간단하고 당연하지만 실현하기 무척 어려운 전제를 풀기 위해 음식과 기술을 연결하려고 합니다. 푸드 분야에서는 기술 자체만으로는 가치를 창출하기 어렵지만, 실제 서비스와 운영 프로세스에 잘 접목시키면 무궁무진한 가능성이 열려있다고 생각합니다.이것의 근간에는 \"음식은 무조건 맛있어야 한다\"라는 신념이 있습니다…\n            더 보기\n            \"훌륭한 음식일수록 널리 소비되어야 한다\"이 간단하고 당연하지만 실현하기 무척 어려운 전제를 풀기 위해 음식과 기술을 연결하려고 합니다. 푸드 분야에서는 기술 자체만으로는 가치를 창출하기 어렵지만, 실제 서비스와 운영 프로세스에 잘 접목시키면 무궁무진한 가능성이 열려있다고 생각합니다.이것의 근간에는 \"음식은 무조건 맛있어야 한다\"라는 신념이 있습니다. 그래서 플레이팅은 지난 4년간 셰프들이 행복하게 요리에만 집중할 수 있는 환경을 만드는데 집중했습니다. Software 기업에서 개발자들이 가장 핵심적인 인적자원인 것처럼, 푸드 기업에서는 식재료, 레시피, 조리 기술을 자유자재로 다룰 수 있는 셰프들이 핵심 자원이기 때문입니다.그 결과 \"셰프의 요리\"를 간편식으로 만들어 자체 모바일앱을 통해 누적 30만인분을 판매했고, 현재는 \"찾아가는 구내식당\" 서비스를 통해 셰프가 만든 다양하고 훌륭한 음식을 직장인들이 매일 즐길 수 있도록 하고 있습니다. B2B 서비스 출시 1년 만에 5배 이상 성장할 정도로 고객사들의 뜨거운 반응을 이끌어내고 있고 손익분기를 달성하는 등 사업 안정성도 확보했습니다.이제는 조금 더 먼 미래를 위한 투자를 시작하려고 합니다. 플레이팅은 향후 다양한 사람들의 취향을 이해하고 더 좋은 음식을 제공할 수 있는 데이터 기반의 푸드테크 회사로 발전하고 싶습니다. 그 씨앗을 함께 뿌릴, 음식을 사랑하는 개발자 여러분을 기다립니다 :)[담당업무]• 플레이팅의 기존, 신규 서비스 개발• 키친, 운영팀의 업무효율을 높여주는 Back Office Tool 개발• 신규 및 기존 프로젝트 설계 관리\n\n      ","\n        업무 관련 기술 / 활동 분야\n        \n          Node.js\n          MySQL\n          Amazon AWS\n          Back-end\n          GitHub\n          Git\n          풀스택개발\n          서버관리\n          JavaScript\n          Javascript(ES6+)\n          express.js\n          Amazon EC2\n          Docker/Kubernetes\n          Docker\n          Traefik\n        \n      ","\n        채용 상세\n                    [담당업무]• 플레이팅의 기존, 신규 서비스 개발• 키친, 운영팀의 업무효율을 높여주는 Back Office Tool 개발• 신규 및 기존 프로젝트 설계 관리[자격요건]• 백엔드 개발 경력 3년 이상• Javascript(ES6+) 에 대한 이해가 깊으신분• Node.js (express.js), RDBMS (MySQL) 개발에 능숙하신 분• AWS…\n            더 보기\n            [담당업무]• 플레이팅의 기존, 신규 서비스 개발• 키친, 운영팀의 업무효율을 높여주는 Back Office Tool 개발• 신규 및 기존 프로젝트 설계 관리[자격요건]• 백엔드 개발 경력 3년 이상• Javascript(ES6+) 에 대한 이해가 깊으신분• Node.js (express.js), RDBMS (MySQL) 개발에 능숙하신 분• AWS, Docker를 통해 서비스 배포 경험이 있으신 분 (docker-compose, eks, ecs 등)[우대사항]• 딥러닝 기술에 관심을 가지고 계신 분• React, Vue등의 라이브러리로 Single Page Application을 구현이 가능하신 분[기술스택]• Web: React JS, Redux, Webpack, Babel, Emotion• Backend: Node.js, express.js, Objection(knex), Sequelize, MySQL• Infrastructure: AWS, Docker, Jenkins, EKS, Traefik[제출서류]• 자유이력서 및 경력기술서\n"]}