{"url":"https://www.rocketpunch.com//jobs/69486/%EC%9E%AC%EB%AC%B4%ED%9A%8C%EA%B3%84-%ED%8C%80%EC%9E%A5-%EB%AA%A8%EC%A7%91","title":"재무회계 팀장 모집","origin":"포티투마루","start_date":"02/12 ","newbie":"경력","content":["\n        주요 업무\n                    *하기 참고바랍니다.\n\n      ","\n        업무 관련 기술 / 활동 분야\n        \n          재무\n          회계\n          세무\n          자금관리\n          재무회계\n        \n      ","\n        채용 상세\n                    %모집분야- 재무회계 팀장% 직무- 재무회계 실무총괄- 세무 실무총괄(법인세/부가세/소득세 등)- 스타트업 정부사업 예산관리% 자격요건- 유관 경력 7년차 이상- 법인결산/법인세/정산업무 5년 이상 경험- 재무제표 작성 경험- MS Office(EXCEL) 상급 사용- 해외여행에 결격사유 없는 분% 우대사항- 스타트업 재무/회계 경험- 영어 비즈니스…\n            더 보기\n            %모집분야- 재무회계 팀장% 직무- 재무회계 실무총괄- 세무 실무총괄(법인세/부가세/소득세 등)- 스타트업 정부사업 예산관리% 자격요건- 유관 경력 7년차 이상- 법인결산/법인세/정산업무 5년 이상 경험- 재무제표 작성 경험- MS Office(EXCEL) 상급 사용- 해외여행에 결격사유 없는 분% 우대사항- 스타트업 재무/회계 경험- 영어 비즈니스 회화가능자\n"]}