{"url":"https://programmers.co.kr/job_positions/1464","title":"경력직 안드로이드 엔지니어","origin":"플랫팜","start_date":"","newbie":false,"content":["기술 스택\nKotlin Android Java Gradle RxJava","업무 소개\n\n- 이모티콘 솔루션 Mojitok 의 안드로이드 클라이언트(app/sdk) 개발\napp 참고) https://apps.apple.com/us/app/mojitok-stickers/id1401180608?l=ko\u0026ls=1\n- 높은 MAU의 app/sdk의 최적화/트라블슈팅/안정성 설계 및 구현","자격 조건\n\n3년 이상의 안드로이드 네이티브 앱 개발 경력 혹은 준하는 실력\n프로덕트를 개선하고 새로운 기술을 배우는 것에 재미를 느끼시는 분\nNetwork/Database/OS/알고리즘에 대한 깊이 있는 이해와 경험","우대 사항\n\n높은 DAU의 앱을 설계, 트라블슈팅 해본 경험\ngame.mojitok.com 에서 결과 상위 5% 이상이신 분 특별 우대 "]}