{"url":"https://www.rocketpunch.com//jobs/69838/DApp-%EA%B0%9C%EB%B0%9C%EC%9E%90","title":"DApp 개발자","origin":"SPIN Protocol","start_date":"02/19 ","newbie":"신입경력","content":["\n        주요 업무\n        [ 회사 소개 ]- 스핀프로토콜은 블록체인 기술과 플랫폼 파워를 결합하여, E-Commerce 서비스에서 존재하는 불합리한 구조를 개선하여 '소비자, 인플루언서, 공급사, 플랫폼' 모두에게 합리적인 서비스 생태계를 구축하기 위한 프로젝트입니다.- 스핀프로토콜은 120만 사용자를 보유한 '우먼스톡' 서비스로부터 자생된 회사이며, 기 보유한 E-Commerce 플랫폼(우먼스톡)의 리소스를 활용하여 파급력있는 '인플루언서 마케팅' 프로젝트를 진행하고 있습니다.- 스핀프로토콜은 'Ground X'의 플랫폼을 모태로 카카오, 삼성의 블록체인 앱 런칭 및 이커머스 제휴 회사와의 연동을 하는 등 활발한 액션으로 서비스의 파이를 키워나가고 있는 프로젝트입니다.[ 개발 환경  ]- Cowork Tools : Jira, Confluence, Slack, Git- Architecture : MSA - Based serverless- Infra : Fully managed service on AWS - Blockchain : Klaytn- Back-End : AWS Lambda(REST API), DynamoDB, PostgreSQL ( Service API, Infra resource API, DApp API )- Front-End : Vue.js- Point language set : Javascript ( ES6+ ) - Based Functional programming[ 개발 프로세스 ]- 기획 \u003e 개발 \u003e 로컬 테스트 \u003e 코드 리뷰 \u003e 테스트 코드 작성 \u003e DEV 서버 반영 \u003e 크로스 체크 \u003e STAGING 서버 반영 \u003e QA \u003e PRODUCTION 서버 반영 \u003e 테스트 \u003e 태깅[ 채용 담당자의 P.S ]안녕하세요, 스핀프로토콜 채용 담당자 입니다.어떻게 회사소개를 작성해야, 지원자분들께 매력적으로 다가갈 수 있을까 고민을 많이 했습니다 ㅠ^ㅠ\"거짓으로라도 화려하게 포장을 해야할지, 행복한척을 해야할지...\" 여러 컨셉으로 엄청나게 고민을 했지만, 그건 저의 모토도 아닐뿐더러.. \"진짜\"를 모시기 위해선 저희의 진솔하고 가감없는 진짜 모습을 소개해 드려야 한다고 생각했습니다. 그래서 지금부터 낱낱이 공개하도록 하겠습니다!\u003e 문화 \u0026 복지아직 스핀프로토콜에는 이렇다할 복지도, 내세울 만한 문화도 없습니다. 하지만 본인의 일을 즐길 수 있는 분이시라면 업무에 무한 집중하실 수 있는 환경과 자유는 보장되는 곳입니다! 함께 성장하면서 좋은 복지도 문화도 만들어 나가기 위해 모두가 노력중에 있습니다. :)\u003e 업무 프로세스사실 각 팀마다 명확한 업무 프로세스가 존재하기는 합니다. 다만 업무 프로세스가 존재했었나(?) 싶을 정도로 다이나믹한 시기가 한 번씩 등장하곤 합니다. 여러가지의 비지니스 가설들을 입증하기 위해 미친듯이 몰두해야 하는 시점도, 1인 다역이 필요한 상황들이 발생하기도 한답니다. 하지만 노력에 대한 보상은 절대로 잊지 않는 곳이니, 함께 즐기기에는 나쁘지 않은 곳입니다.\u003e 위 아래 ( X )직급없이 누구든 명확한 논리만 있다면 비판도, 의견에 대한 수렴도 가능한 곳입니다! 사실 굉장히 젊은 조직원들로 구성되어 있어서 젊은 분위기속에서 일하고 있는 곳입니다. (물론 서로에 대한 존중은 필히 존재 합니다^^!) 하지만 서로에 대해 모든것을 알지 못하기에, 아직은 경험이 부족하기에... 엎치락뒤치락 하는 케이스도 있지만... 결국 똘똘 뭉쳐서 지금도 열심히 달리고 있는 중이랍니다 :)위 글만으로는 회사에 대한 충분한 설명이 되지는 않았겠지만, 그래도 조금이나마 흥미나 궁금한 점들이 생기셨다면 노크해 주시면 감사하겠습니다!\n      ","\n        업무 관련 기술 / 활동 분야\n        \n          JavaScript\n          Front-end\n          Back-end\n          Node.js\n          blockchain\n          Amazon AWS\n        \n      ","\n        채용 상세\n        [ 주요 업무 ]- 블록체인 DApp 개발 ( FE, DApp API )- Klaytn(Solidity) Smart Contract 개발[ 자격 요건 ]- Node 환경에서의 개발 경험- DApp, Solidity, Web3.js, Caver.js 개발 경험- Klaytn, Ethereum 블록체인 플랫폼에 대한 이해- 블록체인, 토큰 이코노미에 대한 관심과 이해[ 우대 사항 ]- DApp, Smart Contract 런칭 경험- 새로운 기술과 트렌드에 대한 관심과 열정[ 지원 방법 ]- 자유형식의 간략한 이력서 ( 프로젝트 경험 및 이력 위주의 내용 )[ 지원 절차 ]- 이력서/포트폴리오 검토 \u003e 전화 인터뷰 \u003e 대면 인터뷰 \u003e Offer[ 근무 조건 ]- 근무 형태 : 정규직- 근무 요일 : 주 5일(월 ~ 금)- 근무 시간 : 유연근무 (9:00 ~18:00 / 10:00 ~ 19:00)- 근무지 : 서울특별시 강남구 삼성1동 테헤란로 501 브이플렉스 3F (FASTFIVE 삼성2호점)- 급여 : 면접 후 결정[ 프로젝트 참고자료 ]- Homepage : http://spinprotocol.io- Influencer Marketing App : https://spinprotocol.com- E-Commerce : https://womanstalk.co.kr- White Paper : http://spinprotocol.io/pdf/SPIN_whitepaper_KR_v1.3.1.pdf- One pager : http://spinprotocol.io/pdf/SPIN_onepager_KR_v1.3.pdf- Brochure : http://spinprotocol.io/pdf/SPIN_brochure_EN_v1.3.1.pdf- Medium : https://medium.com/spinprotocol-kr- Other news : http://www.thebchain.co.kr/news/articleView.html?idxno=3100"]}