{"url":"https://programmers.co.kr/job_positions/643","title":"[개발팀] 개발 프로세스 고도화 PM","origin":"카페24","start_date":"","newbie":false,"content":["기술 스택\nCI/CD Java Node.js PHP NoSQL Git","업무 소개\n국내 및 해외지사 S/W 개발 프로세스 고도화 PM\nCI/CD 환경 구축 및 자동화 설계/지원\n해외지사 개발팀의 Agile/sprint/이슈 지원","자격 조건\n경력무관\n영어 회화 가능자(중급 이상)\nIT 업종 경력자(개발 경력 무관)\nAgile/DevOps/TDD에 대한 이해\nDBMS/NoSQL에 대한 이해\nJAVA/NodeJS/PHP 등 1개 이상의 웹어플리케이션용 개발언어에 대한 이해\n협업 및 커뮤니케이션이 원활한 자","우대 사항\n소스형상관리에 대한 이해 (Git/Mercurial/SVN 중 1개 이상)\n오픈소스에 대한 관심 및 프로젝트 참여 경험\n오픈소스 가상화/클라우드 시스템(KVM/Openstack) 등의 운용 경험\n아마존 AWS 등 상용 클라우드 시스템에 대한 개발/운용 경험\n신기술 습득에 대한 열정과 도전정신이 강한 자\nQA engineering 업무 영역에 관심이 많은 자\n장애인 및 보훈대상자"]}