{"url":"https://www.rocketpunch.com//jobs/67208/%EC%9B%B9-%EA%B0%9C%EB%B0%9C%EC%9E%90-%EB%B0%B1%EC%97%94%EB%93%9C-%EA%B0%9C%EB%B0%9C%EC%9E%90-%ED%92%80%EC%8A%A4%ED%83%9D-%EA%B0%9C%EB%B0%9C%EC%9E%90-Back-end-full-stack-%EC%8B%9C%EB%8B%88%EC%96%B4","title":"웹 개발자, 백엔드 개발자, 풀스택 개발자, Back-end, full-stack - 시니어","origin":"어퍼코리아","start_date":"02/18 ","newbie":"소경력","content":["\n        주요 업무\n                    정보경영(Information Management)을 위한 기업정보를 클라우드기반으로 실시간 제공하는 시스템 전문 개발 회사입니다. 기존의 ERP와는 전혀 다른 Backflush(역방향) 접근방법으로 고객의 행복과 개발의 기쁨을 누릴 수 있는 신개념 ERM입니다.또한, 개발과 판매를 분리하여 당사는 개발에 집중하며 판매는 관계회사(IT 상장법인)가담…\n            더 보기\n            정보경영(Information Management)을 위한 기업정보를 클라우드기반으로 실시간 제공하는 시스템 전문 개발 회사입니다. 기존의 ERP와는 전혀 다른 Backflush(역방향) 접근방법으로 고객의 행복과 개발의 기쁨을 누릴 수 있는 신개념 ERM입니다.또한, 개발과 판매를 분리하여 당사는 개발에 집중하며 판매는 관계회사(IT 상장법인)가담당하는 이원구조로써 다음과 같은 경영 motto를 추구하고 있습니다.Happiness for custormersRichness for suppliersGladness for us\n\n      ","\n        업무 관련 기술 / 활동 분야\n        \n          JavaScript\n          Node.js\n          Git\n          Back-end\n          풀스택개발\n          서버관리\n          Amazon AWS\n          React\n          devops\n          MySQL\n          HTML5\n          Graphql/Apollo\n          GitHub\n          MongoDB\n          Redis\n          nginx\n          Node JS\n          Web Service\n          웹서비스\n          full stack\n          full-stack development\n          Full-stack Engineer\n          백엔드개발자\n          백엔드\n          백엔드 개발\n          백앤드 개발\n        \n      ","\n        채용 상세\n                    # 하는 일90% 완성된 프로그램의 나머지 10%를 채우는 일글로벌 서비스를 위한 리팩토링경험과 노하우로 탄생할 인프라 구성 참여신사업 IMARS 신규 프로젝트 참여새로운 복지, 문화, 시스템을 원하는 대로 만드는 일# 진행주로 CEO 교수님이 제품에 대한 아이디어 및 설계 이슈를 생성합니다.전직원 모두 다같이 아이디어에 대한 토론을 하고,상세 셀로…\n            더 보기\n            # 하는 일90% 완성된 프로그램의 나머지 10%를 채우는 일글로벌 서비스를 위한 리팩토링경험과 노하우로 탄생할 인프라 구성 참여신사업 IMARS 신규 프로젝트 참여새로운 복지, 문화, 시스템을 원하는 대로 만드는 일# 진행주로 CEO 교수님이 제품에 대한 아이디어 및 설계 이슈를 생성합니다.전직원 모두 다같이 아이디어에 대한 토론을 하고,상세 셀로 나눠 스케줄을 생성하고,열심히 개발을 하고 제품을 업데이트 합니다.CS를 진행하고 리팩토링과 코트리뷰를 진행합니다.# 목표고정관념을 버린 개발팀본업 - 개발의 재미를 느낄 수 있는 팀, 본인의 능력만큼 대우를 받고 보상을 받는 시스템, 새로운 기술의 두려움을 다같이 분담하여 뒤쳐지지 않는 인프라, 번 아웃이 오지 않도록 관리하는 팀, 하루 뇌 용량의 한계를 이해해주는 대표님,개발 로직의 집중에 대해 출퇴근의 탄력적 시간 분배를 이해해주는 개발팀모두가 좋은 품질의 클라우드 서비스를 제공하고,그에 따른 보상을 받을 수 있는 회사.# 스택ReactJS, NextJS,  React Native, Node.js, GraphQL(Apollo), MobX, react-intl, i18next, Webpack, Babel, RethinkDB, HTML, CSS, AWS Lambda, Amazon EC2, Amazon Cloudfront, S3, Docker, Redis, Wercker CI추가 사용 예정Kubernetes, Rancher, CouchDB(foundationDB), TypeScript, testing-library, Cypress, CSS-in-JS(emotion), Github Actions, Kafka, ELK, Grafana# 우대사항대규모 트래픽 처리 경험프론트엔드 개발에 대한 이해TDD, 유닛테스트, 테스트 자동화 경험클라우드 기반의 인프라 구축 경험kubernetes 기반의 서비스 운영 경험다양한 부서와의 원활한 커뮤니케이션과 의사결정, 이슈 해결 가능한 협업 역량# 혜택 및 복지연봉 업계최고 대우300만 원 상당의 장비 구입 지원32\" 4k 모니터 지원중식, 간식, 커피 등 모든 먹거리 지원업무에 대한 이해 및 업무 할당이 가능한 기간(~3개월) 이후 주 1~3회 재택출퇴근 10 to 5 (탄력 근무제)개발에 필요한 모든 서적과 세미나 교육 지원 (평일가능, 발표자시 준비기간 제공)건강검진비용 지원자유로운 연차/휴가# 상세 채용 공고 \u0026 채용 과정보내주신 이력서 검토 후최대 이틀 내에 회신을 드립니다. 자유롭게 보내주세요.코딩 테스트 (프로그래머스)연차에 따른 난이도 문제와 기간을 제공해 드립니다.테스트 종료 후 일주일 내에 회신을 드립니다.실무진 인터뷰CTO와 실무진과 인터뷰 스킬체크임원 인터뷰합류궁금하신 사항 문의는 언제나 문의주세요.erpper.won@erpper.com\n\n            \n              \n                  \n                \n            \n          \n            \n              \n                  \n                \n            \n          \n            \n              \n                  \n+1                \n            \n          \n            \n              \n                  \n                \n            \n          "]}