{"url":"https://www.rocketpunch.com//jobs/69427/Product-Designer","title":"Product Designer","origin":"아토머스","start_date":"03/03 ","newbie":"경력","content":["\n        주요 업무\n                    디자이너, 개발팀, AI팀, 마케팅팀과 협업하여 UX 디자인, UI 디자인, 프로토타이핑을 통해 아토머스의 주요 제품의 성장을 이끄는 일\n\n      ","\n        업무 관련 기술 / 활동 분야\n        \n          product design\n        \n      ","\n        채용 상세\n                    누구에게나 힘든 시간은 오고 어떤 사람에게는 그 시간이 금방 지나가지만 어떤 사람에게는 오래 머뭅니다. 아토머스는 더 많은 사람이 힘든 시간보다 행복한 시간을 누리는 인생을 살 수 있게 되는 세상을 꿈꿉니다. 아토머스 팀에는 이 꿈에 한발짝 더 다가가는 것이 나의 삶에 중요한 가치라고 느끼는 사람들이 모여 있습니다.2016년 1월에 처음 선보인 ‘심…\n            더 보기\n            누구에게나 힘든 시간은 오고 어떤 사람에게는 그 시간이 금방 지나가지만 어떤 사람에게는 오래 머뭅니다. 아토머스는 더 많은 사람이 힘든 시간보다 행복한 시간을 누리는 인생을 살 수 있게 되는 세상을 꿈꿉니다. 아토머스 팀에는 이 꿈에 한발짝 더 다가가는 것이 나의 삶에 중요한 가치라고 느끼는 사람들이 모여 있습니다.2016년 1월에 처음 선보인 ‘심리상담 커뮤니티, 마인드카페’를 통해 지금까지 60만 명의 회원이 서로를 위로하고 응원하며 힘을 얻고 있습니다. 2019년 3월에는 ‘프리미엄 온라인 심리상담, 마인드카페 Pro’를 출시하여 상담센터를 방문하지 않고도 훨씬 적은 비용으로 심리전문가의 심리상담을 받을 수 있게 되었고, 네오위즈, GC 녹십자 등의 기업 임직원을 대상으로 EAP 근로자 지원 프로그램을 제공하고 있으며, 2020년 1월, 국내 최대 규모의 ‘마인드카페 심리케어센터’ 분당 본점을 오픈했습니다.현재까지 네이버, 녹십자, 포스코, 네오위즈, 천재교육 등으로부터 누적 50억 이상의 투자를 유치했고, 멘탈 헬스케어 분야에서 독보적인 길을 가고 있습니다.아토머스에서 모두가 더 행복해지는 데에 기여하는 일을 함께하실 Product Designer 님을 찾습니다.자격 요건3년 이상의 디지털 제품 디자인 경력 (컨셉부터 출시까지 완료 경험)사용자 중심 디자인에 대한 지식Sketch 등 UI 디자인 툴 활용Lo-fi \u0026 hi-fi 프로토타이핑Android, iOS, Web, Email 등 플랫폼의 특성을 알고 그에 맞게 디자인말과 글로 정확하고 경제적인 의사소통디자인 크리틱을 통해 영감을 얻고 반복적으로 디자인을 개선해나가려는 의지자기 스스로 동기부여우대 사항심리상담에 대한 직접 혹은 간접 경험혜택 및 복지60만 회원이 사용하는 제품을 성장시키는 경험야근이 없고 일과 삶의 균형 보장승인 절차 없이 자유롭게 휴가 사용명절 상품권 지급\n\n            \n              \n                  \n                \n            \n          \n            \n              \n                  \n                \n            \n          \n            \n              \n                  \n                \n            \n          "]}