{"url":"https://programmers.co.kr/job_positions/1222","title":"산업기능요원(보충역) Backend Engineer","origin":"마이뮤직테이스트","start_date":"","newbie":false,"content":["기술 스택\nPython MySQL","업무 소개\n\n- 성능향상과 Scalability를 위한 최적화\n- 보안과 데이터 보호\n- 데이터베이스 솔루션 디자인및 구현\n\n음악과 기술에 대한 열정이 넘치는 사람들로 가득한, 빠르며 혁신적인 회사입니다. 우리는 콘서트 시장의 패러다임을 획기적으로 바꿀 수 있는 서비스를 만들고 있습니다.\n이미 존재하고 있는 제품을 벤치 마크 할 수 있는 서비스가 아니어서 더 많은 고민을 하고 토론을 하면서 매 순간 새로운 것을 적용하며 즐겁게 만들어가고 있습니다.\n이에 따라 열정적이고 창의적으로, 즐겁게 함께 일할 사람들을 찾고 있습니다. 비록 힘은 들지만 재미있게 일할 수 있고 내가 기여한 부분이 즉각적으로 회사의 성공에 영향을 끼치는 것을 볼 수 있는 환경입니다.\n우리는 완전하지 않습니다. 많은 문제가 있음을 인정합니다. 우리는 개선하기 위해 끊임없이 노력 중이며 아직 해결해야할 문제들이 많이 남아있습니다. 그래서 아주 특별한 개발팀에서 일할 똑똑하고, 자발적으로 동기가 부여된 개발자를 찾습니다.","자격 조건\n\n- 비동기 프로그래밍에 대한 이해\n- 보안, 데이터 보호에 관한 기본적인 개념\n- 최소하나 이상의 Sql, nosql DB 관련 경험\n- Git을 통한 형상관리\n- 보충역 (전직자의 경우, 잔여 복무일 12개월 이상)\n- 정보처리 관련 전공학과 또는 경력기간 2년 이상\n- 정보처리기능사 자격증 + 정보처리 관련 전공학과 또는 경력기간 1년 이상","우대 사항\n\n- 새로운 기술에 대한 적극적인 관심\n- 기존 솔루션을 유지/보수하면서 적극적으로 문제를 해결하려는 자세\n- Multi region 대응 가능한 서비스관련지식\n- Database 관련 된 깊은 이해 (Mysql, redis, postgres, dynamodb, cassandra etc)\n- opensource contributions and/or maintenance\n  * big + if packaged and uploaded to pypi\n- Docker experience\n- Python 비동기 프로그래밍에 대한 이해 및 경험 (asyncio, coroutine, tasks, futures, etc)\n- 마이크로서비스(MSA) 관련된 경험 및 지식\n- 클라우드기반 컴퓨팅 경험 및 지식\n- 웹서버 개발 경험"]}