{"url":"https://programmers.co.kr/job_positions/910","title":"안드로이드 개발자 ","origin":"에이블리코퍼레이션","start_date":"","newbie":false,"content":["기술 스택\nKotlin Android","업무 소개\n'에이블리', 서비스 앱 설계·개발\n신규사업 서비스 구축 참여 및 유지보수\n앱 성능 향상을 위한 지속적인 업데이트 관리","자격 조건\nAndroid 개발 경력 최소 3년 이상 (병역 특례 지원자는 경력 제한 없음)\n앱 UI/UX에 대한 높은 이해도 보유\n주체적으로 일을 만들고 책임감 있게 리드 하시는 분\n타 직군과 함께 문제를 정의하고 해결책을 찾을수 있는 분\n전략 / 기획 / 디자인 파트와 유기적으로 소통하며 개발 구현 Git 활용 프로젝트 수행 경험","우대 사항\n\n(필수사항이 아닌 선호사항입니다 :) )\n\nAndroid 개발 경력 5년 이상\n상용 모바일 서비스 개발 및 운영 경험 \nRealm, ReactiveX관련 프로젝트 경험\nKotlin 사용경험\nTDD 경험\nDI에 대한 이해, 사용경험\nGit 사용 경험 혹은 버전 관리 시스템 사용 경험\n타 직군 개발 경험\n\n개발직무 공통 우대사항\n\n실제 시장에 런칭한 서비스 개발 경험\n플랫폼, 이커머스 서비스에 대한 이해 (결제부터 배송까지의 흐름)\n스타트업에 대한 관심과 이해\n준수하고 명확한 커뮤니케이션 스킬\n개발/코딩 관련 대회 수상 경험\n오픈소스 기여 경험\n자동화에 관심이 많으신 분"]}