{"url":"https://www.rocketpunch.com//jobs/70050/%EC%A7%B8%EA%B9%8D%EC%95%85%EC%96%B4-%EA%B2%BD%EC%98%81%EC%A7%80%EC%9B%90-%EA%B2%BD%EB%A0%A5%EC%A7%81-%EC%B1%84%EC%9A%A9-1%EB%85%84-%EC%9D%B4%EC%83%81","title":"[째깍악어] 경영지원 경력직 채용 (1년 이상)","origin":"째깍악어","start_date":"02/19 ","newbie":"경력","content":["\n        주요 업무\n                    •담당 업무-월별 손익계산서 \u0026 현금흐름표 등 재무 데이터 작성 및 관리 (10년 경력의 경영지원 팀장님이 계세요)-직원 급여, 세무관리 (세무법인/ 노무법인과 함께 일하고 있어요)-총무업무 (함께 해요)•필수 자격요건-경영지원 (회계, 세무) 업무 경력 최소 1년 이상•우대사항-스타트업 근무 경험자-회계 프로그램 사용 가능자 (더존 스마트A…\n            더 보기\n            •담당 업무-월별 손익계산서 \u0026 현금흐름표 등 재무 데이터 작성 및 관리 (10년 경력의 경영지원 팀장님이 계세요)-직원 급여, 세무관리 (세무법인/ 노무법인과 함께 일하고 있어요)-총무업무 (함께 해요)•필수 자격요건-경영지원 (회계, 세무) 업무 경력 최소 1년 이상•우대사항-스타트업 근무 경험자-회계 프로그램 사용 가능자 (더존 스마트A)-세무, 회계 관련 전공자-정부 지원금 관리 업무 경험자\n\n      ","\n        업무 관련 기술 / 활동 분야\n        \n          재무\n          회계\n          경영지원\n          총무\n          경리\n          사무\n          세무\n          행정\n          인사\n          재무분석\n          더존smartA\n          기장\n          세무\n          경리\n          세무신고\n          회계\n          결산\n          자금관리\n          경영지원\n          재무\n          법무\n          총무\n          더존\n          경영관리\n          재무회계\n          자산관리\n          비품관리\n          컴퓨터 활용능력\n          관리\n          세무회계\n          회계/세무\n        \n      ","\n        채용 상세\n                    대한민국 필수 육아앱. 시간제 아이돌봄 서비스, 째깍악어아이를 키우는 부모님이 가장 힘든 순간은, '몇 시간 아이 맡길 곳이 없어 아무것도 하지 못할 때' 입니다. 째깍악어는 시간제로 아이 맡길 곳이 필요한 부모님과, 철저하게 검증, 교육된 돌봄교사를 연결하는 온디맨드 매칭 플랫폼입니다.2016년 11월에 처음 공식 앱을 출시하였으며, 서비스 본격 …\n            더 보기\n            대한민국 필수 육아앱. 시간제 아이돌봄 서비스, 째깍악어아이를 키우는 부모님이 가장 힘든 순간은, '몇 시간 아이 맡길 곳이 없어 아무것도 하지 못할 때' 입니다. 째깍악어는 시간제로 아이 맡길 곳이 필요한 부모님과, 철저하게 검증, 교육된 돌봄교사를 연결하는 온디맨드 매칭 플랫폼입니다.2016년 11월에 처음 공식 앱을 출시하였으며, 서비스 본격 출시 5개월 만에 아이 돌봄 서비스 업계 최초로 임팩트 투자를 받으며 빠르게 성장하고 있는 중 입니다.고용노동부 예비 사회적 기업에 선정된 바 있으며, 2019년 한국인터넷대상 국무총리상, 여성가족부 '여성 친화적 사회적 기업 우수모델' 최우수 상, 중소기업벤처부 여성창업경진대회 장관상 등을 수상하였습니다.- 째깍악어 공식 홈페이지 https://www.tictoccroc.com- 째깍악어 공식 블로그 https://blog.naver.com/tictoc_croc- 째깍악어 공식 페이스북 https://facebook.com/tt.croc/째깍악어 더 알아보기보육·경력단절·일자리 세 가지 문제 동시해결 플랫폼 ‘째깍악어 http://www.eroun.net/72070“회사 이전에 사람이 먼저”… ‘째깍악어’가 지향하는 가치 http://platum.kr/archives/84857세바시 774회 육아가 교육과 성장의 기회가 된다면! | 김희정 째깍악어 대표https://www.youtube.com/watch?v=-kX-PbwB46c\u0026vl=ko째깍악어와 함께 동반 성장할 분을 찾습니다.•담당 업무-월별 손익계산서 \u0026 현금흐름표 등 재무 데이터 작성 및 관리 (10년 경력의 경영지원 팀장님이 계세요)-직원 급여, 세무관리 (세무법인/ 노무법인과 함께 일하고 있어요)-총무업무 (함께 해요)•필수 자격요건-경영지원 (회계, 세무) 업무 경력 최소 1년 이상•우대사항-스타트업 근무 경험자-회계 프로그램 사용 가능자 (더존 스마트A)-세무, 회계 관련 전공자-정부 지원금 관리 업무 경험자\n\n            \n              \n                  \n                  \n                \n            \n          "]}