{"url":"https://programmers.co.kr/job_positions/1633","title":"AI서비스 딥러닝/머신러닝 엔지니어 - 자연어 처리","origin":"마인드로직","start_date":"","newbie":false,"content":["기술 스택\nNLP Tensorflow PyTorch Python","업무 소개\n\nPython, Machinelearning 자연어 처리 및 챗봇용 신경망 구현\n\n(의도 파악, 맥락 반영, 문장 생성)","자격 조건\nTensorflow 및 Pytorch 프레임워크 사용 경험\n자연어처리, 챗봇 관련 논문들의 구현 경험\n딥러닝 모델 배포 경험","우대 사항\n\n상용 챗봇 운영 경험"]}