{"url":"https://www.rocketpunch.com//jobs/68020/%EC%95%8C%ED%8C%8C%EB%B8%8C%EB%9D%BC%EB%8D%94%EC%8A%A4-%EB%A7%88%EC%BC%80%ED%8C%85-CMO-%ED%8C%80%EC%9E%A5%EA%B8%89-%EC%9D%B8%EC%9E%AC%EB%A5%BC-%EB%AA%A8%EC%A7%91%ED%95%A9%EB%8B%88%EB%8B%A4","title":"[알파브라더스] 마케팅 CMO / 팀장급 인재를 모집합니다.","origin":"알파브라더스","start_date":"03/02 ","newbie":"경력","content":["\n        주요 업무\n                    1. 모집 분야   마케팅 전반 업무 (브랜드, 컨텐츠, 퍼포먼스 마케팅) 에 대한 기본적인 이해도가 있으며,   마케팅 프로젝트를 기획하여 리딩 및 책임질 수 있는 임원 / 팀장급 인재 2. 주요 업무  1) 브랜드 마케팅 : CI / BI 관련된 브랜드 스토리 제작    2) 컨텐츠 마케팅 : 제품별 상세페이지 및 광고 기획   3) 퍼포먼스 마…\n            더 보기\n            1. 모집 분야   마케팅 전반 업무 (브랜드, 컨텐츠, 퍼포먼스 마케팅) 에 대한 기본적인 이해도가 있으며,   마케팅 프로젝트를 기획하여 리딩 및 책임질 수 있는 임원 / 팀장급 인재 2. 주요 업무  1) 브랜드 마케팅 : CI / BI 관련된 브랜드 스토리 제작    2) 컨텐츠 마케팅 : 제품별 상세페이지 및 광고 기획   3) 퍼포먼스 마케팅 : 주요 매체에 대한 Media mix 및 KPI 수립, 운영 및 집행\n\n      ","\n        업무 관련 기술 / 활동 분야\n        \n          브랜드마케팅\n          콘텐츠 마케팅\n          퍼포먼스 마케팅\n          콘텐츠기획\n          SNS 채널관리\n          온라인홍보\n          마케팅캠페인\n          디지털마케팅\n          페이스북\n          인스타그램\n          블로그마케팅\n          온라인프로모션\n          카피라이팅\n          콘텐츠 제작/기획\n          바이럴마케팅\n          performancemarketing\n          소셜마케팅\n          온라인광고\n          GDN\n          GA\n          디지털 마케팅\n          Performance Marketing\n          마케팅분석\n          성과분석\n          유튜브\n          종합광고대행사\n          마케터\n          maketing\n          브랜드전략\n          그로스해킹\n          컨텐츠마케팅\n          콘텐츠마케팅\n          온라인 퍼포먼스 마케팅\n          콘텐츠 기획\n          컨텐츠관리\n          SNS마케팅\n          컨텐츠 기획\n          유튜브채널기획\n        \n      ","\n        채용 상세\n                    ■ 담당 업무 - 알파브라더스는 클라이언트를 요청 내용을 기반으로 일을 합니다.  - 기본적으로는 하기 3가지 업무에 대한 총괄 및 책임을 맡을 예정이며,    요청 내용에 따라 하기 업무 중 하나만 혹은 전부를 진행할 수 있습니다.  1. 브랜드 마케팅   1) 브랜드 스토리 개발 및 컨텐츠 기획   2) 브랜드 빌딩을 위한 IMC 전략 수립 2.…\n            더 보기\n            ■ 담당 업무 - 알파브라더스는 클라이언트를 요청 내용을 기반으로 일을 합니다.  - 기본적으로는 하기 3가지 업무에 대한 총괄 및 책임을 맡을 예정이며,    요청 내용에 따라 하기 업무 중 하나만 혹은 전부를 진행할 수 있습니다.  1. 브랜드 마케팅   1) 브랜드 스토리 개발 및 컨텐츠 기획   2) 브랜드 빌딩을 위한 IMC 전략 수립 2. 컨텐츠 마케팅   1) 블로그, 인스타그램, 페이스북 등 다양한 채널 컨텐츠 전략 수립 및 KPI 지표 관리  2) “매출상승\"를 가져올 수 있는 효과적인 채널 및 컨텐츠 발굴  3) 컨텐츠 캘린더 구축 및 계획된 스케쥴에 맞추어 다양한 포맷의 브랜디드 컨텐츠 기획 및 작성  4) 컨텐츠를 통한 구글, 네이버 SEO 최적화 및 오가닉 유입 증대  3. 퍼포먼스 마케팅   1) 검색 엔진 (네이버, 구글) / 소셜 플랫폼 (페이스북 / 인스타) 광고 집행   2) 데이터 분석 기반 광고 효율 개선 능력■ 자격 요건 1. 위에 설명한 3가지 마케팅 업무 프로세스를 숙지하고 계신 분  2. 맡은 바 업무를 책임지고 운영하실 수 있는 분 ■ 우대 사항   1. 사업계획서, 서비스 소개서, IR에 대한 작성 경험이 있으신 분  2. 정부정책과제 선정 경험이 있으신 분  (팀원으로 참여한 경험도 무방합니다)\n\n            \n              \n                  \n                  \n                \n            \n          \n            \n              \n                  \n                \n            \n          \n            \n              \n                  \n+7                \n            \n          \n            \n              \n                  \n                \n            \n          \n            \n              \n                  \n                \n            \n          \n            \n              \n                  \n                \n            \n          \n            \n              \n                  \n                \n            \n          \n            \n              \n                  \n                \n            \n          \n            \n              \n                  \n                \n            \n          \n            \n              \n                  \n                \n            \n          "]}