{"url":"https://www.rocketpunch.com//jobs/70100/%EB%B0%B1%EC%97%94%EB%93%9C-%EC%97%94%EC%A7%80%EB%8B%88%EC%96%B4-%EB%AA%A8%EC%A7%91","title":"백엔드 엔지니어 모집","origin":"거북선컴퍼니","start_date":"02/26 ","newbie":"신입경력","content":["\n        주요 업무\n                    거북선컴퍼니가 운영하는 \"터틀체인\"은 의류 소매점이 동대문 도매에 모바일 플랫폼을 활용하여 주문을 넣고 결제할 수 있는 B2B 결제 금융 플랫폼입니다. 현재 정식 버젼으로 출시되어있는 웹기반의 대시보드에 더불어 소매, 도매, 그리고 사입자를 위한 모바일 어플 개발 단계에 있습니다.저희 터틀체인 플랫폼은 2018년 6월에 런칭하였으며, 현재 월 50억…\n            더 보기\n            거북선컴퍼니가 운영하는 \"터틀체인\"은 의류 소매점이 동대문 도매에 모바일 플랫폼을 활용하여 주문을 넣고 결제할 수 있는 B2B 결제 금융 플랫폼입니다. 현재 정식 버젼으로 출시되어있는 웹기반의 대시보드에 더불어 소매, 도매, 그리고 사입자를 위한 모바일 어플 개발 단계에 있습니다.저희 터틀체인 플랫폼은 2018년 6월에 런칭하였으며, 현재 월 50억 원 수준의 거래액을 조금 더 빠르게 확장시켜나가기 위해 각 팀 팀원 충원을 결정하게 되었습니다.\n\n      ","\n        업무 관련 기술 / 활동 분야\n        \n          Python\n          Amazon AWS\n          Back-end\n          서버관리\n          Git\n          MySQL\n        \n      ","\n        채용 상세\n                    채용 상세담당업무- Microservice API 개발- Postman을 활용한 API 문서화 및 Mock Server - API 서버 관리 (CentOS + MariaDB)자격요건- Web server-side programming 및 RDBMS CRUD개발경험을 가진 개발자- 최소 3년 이상의 Django, Node.js, Spring 등의 웹 …\n            더 보기\n            채용 상세담당업무- Microservice API 개발- Postman을 활용한 API 문서화 및 Mock Server - API 서버 관리 (CentOS + MariaDB)자격요건- Web server-side programming 및 RDBMS CRUD개발경험을 가진 개발자- 최소 3년 이상의 Django, Node.js, Spring 등의 웹 프레임워크 개발경험, 혹은 그에 준하는 경험을 가진 개발자- REST API에 대한 이해와 실무 경험- Linux기반 시스템 프로그래밍- Stackoverflow 등 영어로 된 레퍼런스 문서들 이해 가능- 경력 3년 이하일 경우 컴퓨터 관련 학과 졸업, 혹은 공학계열 전공 필수우대사항- 좋은 커리어를 쌓아나가고 싶은 분 - 성과에 대해서 보상으로 피드백 받고 싶은 분- 기술스택을 상황에 따라 전략적으로 선택할 수 있는 분 - 점심메뉴 잘 고르시는 분 지원방법 및 진행계획- 서류 : 이력서(자기소개서) 및 경력기술서- 면접: 이력 리뷰 및 R\u0026R 논의 -\u003e 코딩 테스트 -\u003e 조인 시기 및 조건 조율 -\u003e JOIN!!!\n"]}