{"url":"https://www.rocketpunch.com//jobs/65319/Full-Stack%EC%9C%BC%EB%A1%9C-%EC%84%B1%EC%9E%A5%ED%95%98%EA%B3%A0-%EC%8B%B6%EC%9D%80-Vue-JS-%EA%B0%9C%EB%B0%9C%EC%9E%90%EB%A5%BC-%EA%B5%AC%ED%95%A9%EB%8B%88%EB%8B%A4","title":"Full Stack으로 성장하고 싶은 Vue. JS 개발자를  구합니다","origin":"런치팩","start_date":"  ","newbie":"신입경력","content":["\n        주요 업무\n                    런치팩은 현재 7명으로 이루어진 스타트업으로,웹 / 개발 혁신을 함께 꿈꾸고 이루고자 합니다.빠르게 성장하는 조직 안에서 의사 참여가 가능하고함께 고민하며 아이디어를 내어 실제 제품에 적용되는 경험을 해 보실 수 있습니다.런치팩은 1명이 1파트를 맡고 있고 모든 파트가 빠르게 성장해가며 이륙 전 활주로를 빠르게 달리고 있습니다.큰 비행기 일 수록 더…\n            더 보기\n            런치팩은 현재 7명으로 이루어진 스타트업으로,웹 / 개발 혁신을 함께 꿈꾸고 이루고자 합니다.빠르게 성장하는 조직 안에서 의사 참여가 가능하고함께 고민하며 아이디어를 내어 실제 제품에 적용되는 경험을 해 보실 수 있습니다.런치팩은 1명이 1파트를 맡고 있고 모든 파트가 빠르게 성장해가며 이륙 전 활주로를 빠르게 달리고 있습니다.큰 비행기 일 수록 더 긴 활주로와 빠른 속력이 필요합니다.더불어 저희는 이미 수많은 고객들이 있는 목적지가 있습니다.이 목적지에 도달할 수 있도록, 긴 활주로를 더 빠르게 달려 이륙할 수 있도록 큰 비행기에 새로운 추진력이 되실 분을 찾습니다.\n\n      ","\n        업무 관련 기술 / 활동 분야\n        \n          Vue.js\n          HTML5\n          JavaScript\n          CSS3\n          Front-end\n          React\n          AngularJS\n          Node.js\n        \n      ","\n        채용 상세\n                    이런 일을 하실 거에요.- 런치팩 솔루션 프론트엔드 개발- 기술 개발 지원이런 분을 찾아요.- Vue. Js 가능하신 분- Node. Js 이용경험이 있거나 공부하고 있는 분- Ajax 이용경험이 있거나 공부하고 있는 분- 반응형 웹 개발에 대한 이해와 경험이 있으신 분- 자기 분야에 대해 치열하게 고민하고 공부하시는 분우대사항- django web…\n            더 보기\n            이런 일을 하실 거에요.- 런치팩 솔루션 프론트엔드 개발- 기술 개발 지원이런 분을 찾아요.- Vue. Js 가능하신 분- Node. Js 이용경험이 있거나 공부하고 있는 분- Ajax 이용경험이 있거나 공부하고 있는 분- 반응형 웹 개발에 대한 이해와 경험이 있으신 분- 자기 분야에 대해 치열하게 고민하고 공부하시는 분우대사항- django webframework, postgresql DB 등 백엔드 개발 경험이 있으신 분- AWS 사용경험이 있으신 분- 풀스택 개발자로의 성장에 열의가 있으신 분- 다양한 API를 붙여보거나 부가서비스를 이용해 직접 서비스를 만들어 보신 분\n"]}