{"url":"https://www.rocketpunch.com//jobs/62357/%ED%95%91%ED%90%81-%EA%B8%B0%EC%88%A0%EA%B8%B0%ED%9A%8D%EC%9E%90","title":"[핑퐁] 기술기획자","origin":"스캐터랩","start_date":"01/11 ","newbie":"신입경력","content":["\n        주요 업무\n                    핑퐁은 인류 역사 최초로 사람과 관계를 맺을 수 있는 AI를 만들려고 해요.그래서 핑퐁팀은 어떻게 하면 AI가 사람처럼 친근하고 살아있는 대화를 할 수 있을지 고민하죠!우리는 AI가 반려동물만큼이나 의미 있고 사랑스러운 대상이 될 수 있으면 좋겠어요 :)핑퐁 팀의 기술 기획자는 머신러닝 엔지니어와 함께 일상 대화와 관련된 다양한 문제를 풀게 될 거예…\n            더 보기\n            핑퐁은 인류 역사 최초로 사람과 관계를 맺을 수 있는 AI를 만들려고 해요.그래서 핑퐁팀은 어떻게 하면 AI가 사람처럼 친근하고 살아있는 대화를 할 수 있을지 고민하죠!우리는 AI가 반려동물만큼이나 의미 있고 사랑스러운 대상이 될 수 있으면 좋겠어요 :)핑퐁 팀의 기술 기획자는 머신러닝 엔지니어와 함께 일상 대화와 관련된 다양한 문제를 풀게 될 거예요. 어떤 대화를 어떻게 구현해야 대화형 인공지능이 더 인간적으로 느껴질지 탐구하는 것도 함께 해야할 일이죠. 원대한 목표와 멋진 문화를 공유하는 핑퐁 팀에서 함께 어려운 문제를 풀어봐요.핑퐁에 대해 궁금하시다면 아래 홈페이지를 참고해주세요!- https://scatterlab.co.kr/pingpong/- https://pingpong.us\n\n      ","\n        업무 관련 기술 / 활동 분야\n        \n          기획\n          서비스기획\n          UI/UX기획\n          PM\n          데이터\n          데이터분석\n          채팅\n          NLP\n          머신러닝 NLP\n          일상대화\n          대화형인공지능\n          AI(인공지능)\n          챗봇\n          챗봇기획\n          챗봇개발\n          챗봇 UX\n          챗봇빌더\n        \n      ","\n        채용 상세\n                    [담당업무]• 일상대화 기술을 개발하는 데 시작부터 완성까지 필요한 일련의 기획 업무    • 기술이 풀고자하는 문제를 정의하는 일    • 기술의 목표와 메트릭을 설정하는 일    • 기술을 만드는 데 필요한 데이터셋을 구축하는 일    • 기술의 중간 버전을 테스트하고 피드백하는 일    • 완성된 기술을 실제로 검증하는 일 등기술 기획자로서 M…\n            더 보기\n            [담당업무]• 일상대화 기술을 개발하는 데 시작부터 완성까지 필요한 일련의 기획 업무    • 기술이 풀고자하는 문제를 정의하는 일    • 기술의 목표와 메트릭을 설정하는 일    • 기술을 만드는 데 필요한 데이터셋을 구축하는 일    • 기술의 중간 버전을 테스트하고 피드백하는 일    • 완성된 기술을 실제로 검증하는 일 등기술 기획자로서 ML 엔지니어와 함께 풀 문제 예시 (이게 전부는 아니지만 참고로 봐주세요)  • “나 지금 집에서 나가는 중”이라는 말에 대한 가장 적절한 후속 질문을 자동으로 생성하기  • “이제 마지막 시험만 치면 기말고사 끝난다!”라는 문장에 가장 어울리는 이모티콘 자동으로 선택하기  • “아 어제 에어콘 켜놓고 잤더니 감기 걸린 것 같아”라는 문장에서 ‘user.state.disease=cold’이라는 정보를 추출하고 저장하기  • “방금 영화 Her 봤어”라는 문장에 대해 “하.. 스칼렛 요한슨 목소리 너무 예쁘죠”라는 답변을 만들어낼 수 있도록 하기[자격요건]• 데이터와 논리적인 사고를 바탕으로 한 의사결정 능력• 협업 과정에서 다양한 배경의 팀원들과 적극적으로 소통하는 능력• 디테일까지 신경쓰는 꼼꼼함과 설정한 목표를 달성하려는 끈기• 대화형 인공지능 제품을 많이 사용해보고, 어떻게 하면 이들을 더 사람처럼 만들 수 있을지 고민해본 경험• 핑퐁의 비전에 공감하고 핑퐁 기술 및 서비스를 함께 성장시키고 싶은 강력한 의지[우대사항]• 자연어 처리나 챗봇/대화 관련 연구, 프로젝트 경험• 머신러닝 알고리즘에 대한 기본적인 이해• 사용자 경험(UX)에 대한 기초적인 지식• Self-starter, Multi-tasking 능력[채용 과정]• 서류 심사 → 사전 과제 → 과제 면접 → 팀 면접 → 최종 결정• 최대 3개월의 수습 기간 후 정식 채용을 결정합니다.[지원 방법]• hello@scatterlab.co.kr로 이력서를 PDF 파일로 보내주세요.• 이력서는 자유로운 형식으로 보내주시되, 당신이 이 역할을 잘 해낼 수 있는 사람이라는 걸 보여주는 관련 연구, 프로젝트, 실무 경험을 설명과 함께 보내주시면 좋을 것 같아요.• 메일 제목은 ‘[핑퐁/기술기획] 지원자 이름’ 형식으로 부탁드립니다.\n"]}