{"url":"https://www.rocketpunch.com//jobs/70376/%EC%9D%B8%EC%82%AC-%EB%8B%B4%EB%8B%B9%EC%9E%90","title":"인사 담당자","origin":"(주)올리브헬스케어","start_date":"01/01 ","newbie":"경력","content":["\n        주요 업무\n        - 평가/보상제도 개편 및 운영- 인사 평가 프로세스 모니터링 (목표설정, 분기평가 등)- 핵심 인재 발굴, 관리, 육성- 조직 문화 구축 및 운영 (기업문화 연계)\n      ","\n        업무 관련 기술 / 활동 분야\n        \n          인사(HR)\n          인사기획\n          인사관리\n        \n      ","\n        채용 상세\n        담당업무- 평가/보상제도 개편 및 운영- 인사 평가 프로세스 모니터링 (목표설정, 분기평가 등)- 핵심 인재 발굴, 관리, 육성- 후계자 육성 / 관리 프로그램 운영 및 기획- 직책임면 등을 위한 경영진 서포트- 조직 문화 구축 및 운영 (기업문화 연계)자격요건- 학력: 학사 이상- 경력: 해당 경력 5년 이상- 인사제도 기획 및 수립, 운영 경험자- 전략 사고 및 기획력 우수한 분- 내/외부 이행 관계자와의 소통 / 협업 역량- 후계자 육성 / 관리, 인사평가 및 승진제도 경험자- 보고서 작성 능력 우수한 분우대사항- 대기업 등에서 후계자 육성/관리 프로그램 기획 및 운영 경험자- HR 컨설팅 경험자- 공인 노무사 자격증 소지자"]}