{"url":"https://www.rocketpunch.com//jobs/69724/%EA%B3%A0%EA%B3%A0%EB%B0%B4-%EB%A7%88%EC%BC%80%ED%8C%85%ED%8C%80-%EB%94%94%EC%9E%90%EC%9D%B8-%EC%9D%B8%ED%84%B4-%EC%B1%84%EC%9A%A9","title":"고고밴 마케팅팀 디자인 인턴 채용","origin":"고고밴코리아","start_date":"03/01 ","newbie":"인턴신입경력","content":["\n        주요 업무\n                    고고밴 BI을 시각적으로 표현하고 전달할 수 있는 서비스 기획 및 디자인다양한 디자인 작업(제품, 온라인 광고 배너, 홍보물등 마케팅에 필요한 디자인 관련 작업 참여)사진 촬영 및 편집본사 및 유관부서 및 업체와 디자인 관련 코디네이션 업무디자인과 관련된 다양한 업무도 수행SNS 컨텐츠 기획 및 제작\n\n      ","\n        업무 관련 기술 / 활동 분야\n        \n          웹디자인\n          브랜드디자인\n          콘텐츠디자인\n          마케팅디자인\n          그래픽디자인\n          Adobe Photoshop\n          Adobe Illustrator\n          광고디자인\n          크리에이티브디자인\n          Sketch\n          편집디자인\n          서비스디자인\n        \n      ","\n        채용 상세\n                    * 핵심 직무 역량Illustrator, Photoshop, After Effect등 디자인 관련 Adobe tool 능숙하게 이용가능적극적이고 활달한 성격의 소유자로 대인관계가 원만한 사람주어진 업무에 대해 책임감을 가지고 성실히 수행할 수 있는 사람창의적이고 새로운 일을 시도하는 것에 두려움이 없는 사람빠르게 움직이는 스타트업 환경에 적응할 수 …\n            더 보기\n            * 핵심 직무 역량Illustrator, Photoshop, After Effect등 디자인 관련 Adobe tool 능숙하게 이용가능적극적이고 활달한 성격의 소유자로 대인관계가 원만한 사람주어진 업무에 대해 책임감을 가지고 성실히 수행할 수 있는 사람창의적이고 새로운 일을 시도하는 것에 두려움이 없는 사람빠르게 움직이는 스타트업 환경에 적응할 수 있는 사람* 우대 사항다양한 아르바이트/인턴 혹은 활동 경험대학 재학/졸업 예정자 및 졸업자 환영웹/앱 디자인 가능자 우대모션그래픽 제작\n\n            \n              \n                  \n                \n            \n          "]}