{"url":"https://www.rocketpunch.com//jobs/70258/%EC%A0%95%EA%B7%9C%EC%A7%81-%EC%A0%84%ED%99%98-%EC%9D%B8%ED%84%B4-HR-Team-member-%EB%AA%A8%EC%A7%91","title":"[정규직 전환 인턴] HR Team member 모집","origin":"스냅스","start_date":"03/01 ","newbie":"인턴신입","content":["\n        주요 업무\n        • HR / GA Support• Recruiting SupportHR 인턴의 경우 빠른 학습역량을 토대로 기본적인 HR 및 GA(총무) 업무를 수행하는 것이 우선적으로 담당할 일입니다.\n      ","\n        업무 관련 기술 / 활동 분야\n        \n          인사(HR)\n          HRM HRD\n          조직문화\n          조직문화기획\n          GA\n          채용\n          인사\n          인사관리\n          Recruting\n          채용\n          인사기획\n          기업문화\n          내부브랜딩\n          인사운영\n          인사채용\n          채용브랜딩\n          노무\n        \n      ","\n        채용 상세\n        [자격요건]• HR / GA 포지션에 대한 관심 (Ex : 왜 나는 HR/GA를 선택했는가?)• 커뮤니케이션 및 협업 능력이 우수한 분• H/W 및 S/W에 대한 기본적인 이해 (PC Setting 가능한 분)[우대사항]• 저는 모든 이력서를 꼼꼼하게 보는 편입니다. 맞춤법과 문장의 완결성은 지원자의 수준을 나타내는   바로미터입니다.• 다양한 HR 및 GA 분야에 성장욕구가 있는 분이면 더욱 좋습니다.• 일을 진행할 때 빠른 이해력과 꼼꼼한 성향은 모든 포지션에서 좋지만, 특히 HR담당자에게는 우대사항입니다.[채용전형]• 서류전형 - 인적성검사 - 1차면접(상황에 따라 2차면접 진행) - 처우협상\n            \n              \n                  \n                \n            \n          "]}