{"url":"https://programmers.co.kr/job_positions/1408","title":"배송서비스 백엔드 엔지니어","origin":"체인로지스","start_date":"","newbie":false,"content":["기술 스택\nSQL Amazon Web Services(AWS) ExpressJS REST API Android React Native ReactJS Python AWS RDS Node.js","업무 소개\n\n[주요 업무]\n체인로지스 배송 서비스 백엔드 개발 리드\n신규 서비스 백엔드 개발\n\n[담당 프로젝트]\n1)서울/수도권 4시간 당일 도착 배송서비스\n-주요 배포 플랫폼: 웹, 앱\n\n2)편의점택배 접수 서비스\n주요 배포 플랫폼: 웹, 앱","자격 조건\n\n[필수사항]\n\n주도적으로 개발 업무를 진행할 수 있는 분\n본인이 맡은 분야에 최고가 되기 위해 고민하고 공부하는 분\n적극적인 커뮤니케이션 스킬을 가지신 분\n다양한 동료와 커뮤니케이션, 협업에 문제 없는 분\n\n[찾고 있는 엔지니어]\n\nNode.js 및 Express 프레임워크 능숙한 사용\nAWS 주요 서비스들 사용 (EC2, RDS, S3, IAM …)\nRESTful API에 대한 이해\nRDB 데이터 모델링 및 성능 튜닝","우대 사항\n대규모 트래픽 서비스 개발 경험\n안드로이드 플랫폼에 대한 기본 이해 및 구현 능력\nReact.js 및 Javascript의 능숙한 사용"]}