{"url":"https://www.rocketpunch.com//jobs/67705/%EA%B3%B5%EC%9C%A0%EC%88%99%EB%B0%95-%EB%A7%88%EC%BC%80%ED%8C%85","title":"공유숙박 마케팅","origin":"위홈, 대한민국 합법적 공유숙박","start_date":"02/05 ","newbie":"인턴신입경력","content":["\n        주요 업무\n                    공유숙박 인트라바운드(내국인 게스트 대상) 및 인바운드(외국인 게스트) 온라인 마케팅을 진행할 분을 모십니다. 위홈은 정부로부터 공유숙박 특례 지정으로 한국에서 유일하게 내외국인 공유숙박을 합법적으로 제공할 수 있게 되었습니다. 이를 기반으로 '한국 공유숙박은 위홈'이 될 수 있는 서비스 개발과 마케팅을 진행할 예정입니다.  공유숙박과 관광에 관심 …\n            더 보기\n            공유숙박 인트라바운드(내국인 게스트 대상) 및 인바운드(외국인 게스트) 온라인 마케팅을 진행할 분을 모십니다. 위홈은 정부로부터 공유숙박 특례 지정으로 한국에서 유일하게 내외국인 공유숙박을 합법적으로 제공할 수 있게 되었습니다. 이를 기반으로 '한국 공유숙박은 위홈'이 될 수 있는 서비스 개발과 마케팅을 진행할 예정입니다.  공유숙박과 관광에 관심 있는 여러분을 모십니다.\n\n      ","\n        업무 관련 기술 / 활동 분야\n        \n          온라인마케팅\n          디지털마케팅\n          소셜마케팅\n          그로스해킹\n          블로그\n        \n      ","\n        채용 상세\n                    담당업무- 공유숙박 마케팅 기획- 공유숙박 온라인  마케팅 및 이벤트 추진- 마케팅 콘텐츠 작성자격요건- 공유경제 및 공유숙박에 대한 이해- 자발적이고 창의적인 업무 진행- -우대사항- 공유숙박 유경험자 (특히 호스팅 경험자)- 영어, 중국어, 일어 가능자- 여행관련 블로거\n            더 보기\n            담당업무- 공유숙박 마케팅 기획- 공유숙박 온라인  마케팅 및 이벤트 추진- 마케팅 콘텐츠 작성자격요건- 공유경제 및 공유숙박에 대한 이해- 자발적이고 창의적인 업무 진행- -우대사항- 공유숙박 유경험자 (특히 호스팅 경험자)- 영어, 중국어, 일어 가능자- 여행관련 블로거\n"]}