{"url":"https://www.rocketpunch.com//jobs/69987/%EB%AA%A8%EB%B9%8C%ED%85%8C%ED%81%AC-%EA%B8%B0%EC%88%A0%EA%B0%9C%EB%B0%9C%ED%8C%80-%EC%95%84%EB%82%A0%EB%A1%9C%EA%B7%B8-%EB%94%94%EC%A7%80%ED%84%B8-%ED%9A%8C%EB%A1%9C-%EC%84%A4%EA%B3%84-%EB%B0%8F-%EA%B0%9C%EB%B0%9C-%EB%AA%A8%EC%A7%91","title":"모빌테크 기술개발팀 아날로그 디지털 회로 설계 및 개발 모집","origin":"모빌테크","start_date":"02/24 ","newbie":"신입경력","content":["\n        주요 업무\n        - R\u0026D 아날로그 디지털 회로 설계 및 개발- ORCAD 사용 가능- 회로도 이해 및 분석 * [우대사항]- 관련 학과 및 경험자- 포트폴리오 첨부 필수\n      ","\n        업무 관련 기술 / 활동 분야\n        \n          Pcb artwork\n          회로PCB\n          orcad\n          하드웨어설계\n          하드웨어제작\n          전자회로\n          회로설계\n        \n      ","\n        채용 상세\n        사물의 눈을 밝혀 더 정밀한 세상을 만드는 \"모빌테크\"입니다.회사소개 영상[드림플러스]https://dreamplus.io/cmn/ct/view/299/?p=m2\u0026- R\u0026D 아날로그 디지털 회로 설계 및 개발- ORCAD 사용 가능- 회로도 이해 및 분석 * [우대사항]- 관련 학과 및 경험자- 포트폴리오 첨부 필수 자격요건- 학력 : 무관- 경력 : 신입 - 성별 : 무관- 모집인원 : 0명 채용 상세- 근무지 : 판교 제2 테크노밸리 기업성장센터 209호 - 급   여 : 회사내규 (협의 후 결정)- E-mail  : tech@mobiltech.io (모든 문의 사항은 E-mail 로 보내주세요)- 홈페이지 : www.mobiltech.io- 야근/주말 근무 없음- 자율 복장 근무- 자유양식 이력서 및 경력 기술서를 이메일로 제출 (관련 포트폴리오)- 기본 4대보험- 모빌테크에서 개발하는 솔루션에 필요한 전문적인 기술력 습득- 관련 포트폴리오 첨부 부탁드립니다.\n            \n              \n                  \n                \n            \n          \n            \n              \n                  \n                \n            \n          \n            \n              \n                  \n+1                \n            \n          \n            \n              \n                  \n                \n            \n          "]}