{"url":"https://programmers.co.kr/job_positions/642","title":"PHP 웹 개발자","origin":"캐럿글로벌","start_date":"","newbie":false,"content":["기술 스택\nPHP Laravel CodeIgniter Vue.js","업무 소개\nCl 또는 Laravel을 이용한 웹 서비스 개발\nVue.js를 이용한 프론트 개발","자격 조건\n웹 서비스 개발 경력 2년 이상\nLaravel 또는 Cl. Vue.js에 대한 경험자","우대 사항\n풀스택(Full-stack) 개발 경험자\nNativeScript-Vue를 이용한 모바일 앱 개발 가능자\nPython 개발 가능자\nAl또는 빅데이터 처리 개발 경험자"]}