{"url":"https://www.rocketpunch.com//jobs/68627/PM%EC%9A%B4%EC%98%81%EA%B8%B0%ED%9A%8D-%EB%AA%A8%EC%A7%91","title":"PM/운영기획 모집","origin":"라라스윗","start_date":"12/21 ","newbie":"신입경력","content":["\n        주요 업무\n                    라라스윗이 유통되는 온/오프라인 채널별 분석을 통해, 현재 상황을 분석하고 방향을 제시합니다\n\n      ","\n        업무 관련 기술 / 활동 분야\n        \n          엑셀\n        \n      ","\n        채용 상세\n                    ￭ Roles \u0026 Responsibilities 역할1. 신규 유통 채널 분석 및 PM2. 현 유통 채널별 전략수립 및 실행￭ Qualifications 자격요건1. 논리적/전략적인 사고방식으로 문제를 정의하고 해결하는 분     2. 숫자 및 데이터 분석에 능하신 분￭ 라라스윗 일하는 방식 및 팀문화 https://www.notion.so/…\n            더 보기\n            ￭ Roles \u0026 Responsibilities 역할1. 신규 유통 채널 분석 및 PM2. 현 유통 채널별 전략수립 및 실행￭ Qualifications 자격요건1. 논리적/전략적인 사고방식으로 문제를 정의하고 해결하는 분     2. 숫자 및 데이터 분석에 능하신 분￭ 라라스윗 일하는 방식 및 팀문화 https://www.notion.so/b5a990fb79db46d8a5953c4c7730a1a6￭ 제출서류 : 자유양식 소개서 및 이력서라라스윗에 대한 조사 및 이해도 없이 지원하실 경우, 대부분 불합격 처리됩니다.자기소개서와 이력서에 상투적인 표현은 최소화 하고 '모집 분야에 관련된 본인의 경력과 업무 역량' 또는 '왜 이 분야를 본인이 잘 수행할 수 있는지'에 대해 기술해주시기 바랍니다.\n\n            \n              \n                  \n                \n            \n          \n            \n              \n                  \n                \n            \n          "]}