{"url":"https://www.rocketpunch.com//jobs/69009/%EC%9B%B9%EB%94%94%EC%9E%90%EC%9D%B4%EB%84%88","title":"웹디자이너","origin":"잭슨카멜레온","start_date":"02/10 ","newbie":"경력","content":["\n        주요 업무\n                    쇼핑몰기획 및 관리 (카페24)\n\n      ","\n        업무 관련 기술 / 활동 분야\n        \n          web design\n          UX/UI Design \n          UI/UX \n          웹/앱 기획\n          모바일서비스기획\n          웹기획\n          MOBILE DESIGN\n          기획자\n          시각디자인\n          스토리보드\n        \n      ","\n        채용 상세\n                    담당업무- Html 및 각종 코딩 작업- 웹페이지 디자인자격요건- 학력 : 무관- 성별 : 무관- 연령 : 무관우대사항- 카페24관리 경험 있으신 분- 업계 경력 1년 이상\n\n            \n              \n                  \n                \n            \n          "]}