{"url":"https://www.rocketpunch.com//jobs/69845/%ED%94%84%EB%A1%A0%ED%8A%B8%EC%97%94%EB%93%9CFront-end-%EA%B0%9C%EB%B0%9C%EC%9E%90%EB%8B%98%EC%9D%84-%EC%A0%95%EC%A4%91%ED%9E%88-%EB%AA%A8%EC%8B%AD%EB%8B%88%EB%8B%A4","title":"프론트엔드(Front-end) 개발자님을 정중히 모십니다.","origin":"위솝","start_date":"02/26 ","newbie":"경력","content":["\n        주요 업무\n        ▶ 위솝의 서비스들을 함께 고민하고 나아갈 방향을 정함니다.- 위솝의 서비스 샵솔은 데이터BM입니다. 샵솔을 통해 수집된 청년들의 데이터를 기반으로 서비스를 확장해 나갑니다. 현재 편의점CU(가맹정 만3천여개) 커스터마이징 앱을 함께 완성시킨 후 2만개 이상의 사업장에서수집되는 데이터를 기반으로 더 좋은 환경을 만들기 위한 신규 서비스를 함께 하실 분을 모십니다. 성장단계의 스타트업으로 초기맴버로의 책임감을 가지고 함께 나아가실 분을 찾습니다.▶ 위솝의 서비스들을 함께 고민하고 나아갈 방향을 정함니다.- 톱니바퀴처럼 일하는 회사가 아닌, 서로의 의견을 공유하며 방향을 정해나갈 것 입니다.▶ 위솝 내에서 하고픈 새로운 아이디어를 공유합니다.- 번뜩이는 아이디어는 아이디어만으로 남기지 않고, 아이템으로 실현시켜 드립니다.▶ 현 단계에서의 개발 방향- 외주를 통한 react-native 변경 작업이 80% 완성되었습니다.- 개발 완료 후 react-native 프론트를 담당하게 됩니다.- 저희 위솝의 첫인상을 담당하시게 됩니다.\n      ","\n        업무 관련 기술 / 활동 분야\n        \n          Front-end\n          react-native\n          hybrid-mobile-app\n          JavaScript\n          Node.js\n          React\n        \n      ","\n        채용 상세\n        [위솝에서 하게 될 업무]- React Native 기반의 앱 프론트엔드 개발[이런 분과 함께하고 싶습니다]- 프론트엔드 개발 경력이 있으신 분- 새로운 기술에 대한 적극적인 관심을 가지고 계신 분- React Native 개발 경험을 보유하신 분[이런 분을 우대합니다]- 배우고자 하는 의욕이 넘치시는 분- 밝고 긍정적이며 원활한 의사소통이 가능하신 분- 본인의 맡은바 임무에 대한 책임감이 있는 분- 본인이 만든 것에 대한 애착을 가지고 자기 자식이라 생각하시는 분[업무환경]- 맥북 및 듀얼 모니터 제공- 유연근무제 시행- 중식 제공- 개발 관련 교육 지원-[근무기간 및 장소]- 근무기간 : 정규직- 근무시간 : 주 5일 근무- 근무장소 : 서울시 마포구 백범로 35 아루페관 3층(서강대학교)[기타 유의사항]- 입사지원 서류에 허위사실이 발견될 경우, 채용 확정 이후라도 채용이 취소될 수 있습니다.사업 확장에 따른 신규 채용입니다.간단히 티타임을 가진다는 느낌으로 부담 없이 연락주세요."]}