{"url":"https://www.rocketpunch.com//jobs/69332/%EC%8B%A0%EC%9E%85%EC%82%AC%EC%9B%90-%EB%AA%A8%EC%A7%91%ED%95%A9%EB%8B%88%EB%8B%A4-%EA%B8%B0%ED%9A%8D-PCO-%EB%A7%88%EC%BC%80%ED%8C%85","title":"신입사원 모집합니다. (기획, PCO, 마케팅)","origin":"두리커뮤니케이션","start_date":"02/10 ","newbie":"신입","content":["\n        주요 업무\n        두리커뮤니케이션 2020 신입사원 모집두리커뮤니케이션은 다양한 형태의 Conference와 Promotion을 전문으로 기획하고 대행하고 있습니다. 큰 규모의 회사는 아니지만 프로페셔널한 내구성으로 이 분야에서 12년째 탄탄하게 자리 잡고 있습니다.더욱 성장할 두리커뮤니케이션에서 함께 근무할 신입사원을 모집합니다.저희는 소중한 인재를 놓치고 싶지 않습니다.최대한 저희 회사와 담당업무에 대해 상세하게 기입해드리려고 합니다.꼼꼼하게 확인하신 후에 자유롭게 지원서를 보내주시기 바랍니다.열정이 넘치고 책임감이 있는 지원자분들을 기다리고 있으니, 많은 지원 바랍니다.● 모집부문모집 분야 ┃ 마케팅, 기획팀 신입 / 경력(2년 이하)자격 요건 ┃ 초대졸 2, 3년 이상 / 채용 후 즉시 근무 가능자우대 사항 ┃ 컴퓨터 활용능력 우수자(오피스), 관련 업종 경험자, 외국어 능통자● 근무조건근무 형태 ┃ 계약직 3개월 후 정규직 전환(계약기간의 급여는 정규직과 동일합니다.)근무 요일 ┃ 주 5일(월~금) /               행사 및 출장으로 주말근무 발생할 수 있으며 출장 및 주말근무 수당이 제공됩니다.근무 시간 ┃ 오전 10시 ~ 오후 6시 /               업무에 따라 야근 발생할 수 있으며 야근수당 및 석식, 교통비가 제공됩니다.근무 위치 ┃ 서울 서초구 신반포로 9-26 (논현역 7호선)● 급   여급       여 ┃ 220만원(신입 기준 월급, 세전) / 출장 및 야근 수당, 식대 별도● 담당업무행사 기획 ┃ 기획서 작성(PPT, 한글, 워드 등)행사 준비 ┃ 미팅, 행사 운영 자료 준비, 업체 조율행사 운영 ┃ 출장, 현장 운영, 결과보고기본적인 업무는 위와 같습니다.조금 더 쉬운 이해를 위해 아래 2019년 진행했던 주요 행사들을 참고 바랍니다.  \u003c2019년 진행 주요 행사\u003e· 대한면역학회 국제학술대회(KAI International Meeting)· 서울미래유산 홍보용역· 외국계 제약회사 제품설명회 등 다수· 공공기관 성과보고회, 시상식 등 다수· 기업 창업경진대회, 장학금 수여식 등 다수\n      ","\n        업무 관련 기술 / 활동 분야\n        \n          기획.제안서작성\n          행사운영\n          행사진행\n          행사기획\n          컨퍼런스\n          전시운영\n          컨벤션기획\n          이벤트기획\n        \n      ","\n        채용 상세\n        담당업무- 행사 기획 ┃ 기획서 작성(PPT, 한글, 워드 등)- 행사 준비 ┃ 미팅, 행사 운영 자료 준비, 업체 조율- 행사 운영 ┃ 출장, 현장 운영, 결과보고기본적인 업무는 위와 같습니다.조금 더 쉬운 이해를 위해 아래 2019년 진행했던 주요 행사들을 참고 바랍니다.  \u003c2019년 진행 주요 행사\u003e· 대한면역학회 국제학술대회(KAI International Meeting)· 서울미래유산 홍보용역· 외국계 제약회사 제품설명회 등 다수· 공공기관 성과보고회, 시상식 등 다수· 기업 창업경진대회, 장학금 수여식 등 다수자격요건- 초대졸 2, 3년 이상 / 채용 후 즉시 근무 가능자우대사항- 컴퓨터 활용능력 우수자(오피스), 관련 업종 경험자, 외국어 능통자\n            \n              \n                  \n                \n            \n          "]}