{"url":"https://www.rocketpunch.com//jobs/56767/%EC%84%9C%EB%B9%84%EC%8A%A4-%EB%94%94%EC%9E%90%EC%9D%B4%EB%84%88","title":"서비스 디자이너","origin":"주식회사 세나클소프트","start_date":"11/18 ","newbie":"경력","content":["\n        주요 업무\n                    신규 개발 중인 헬스케어 서비스와 의료용 SW의 웹/앱 디자인을 담당하게 됩니다.항상 최선을 다하며 언제나 옳은 일을 해야 하며 그 안에서 가치를 만들어내는 일을 해야 합니다.\n\n      ","\n        업무 관련 기술 / 활동 분야\n        \n          서비스디자인\n          웹디자인\n          zeplin\n          그래픽디자인\n          GUI디자인\n          UI/UX디자인\n          Sketch\n        \n      ","\n        채용 상세\n                    이런 일을 하실 수 있어야돼요. -PC 응용프로그램, 웹 또는 모바일 앱 서비스의 디자인 경험이 있으신 분  -3년 이상 경력이나 그에 준하는 역량을 보유하신 분  -UI디자인을 위한 툴 활용이 능숙하신 분 (Photoshop, Illustrator, Sketch, Zeplin 등)  -PC 응용프로그램, 웹 또는 모바일 앱(Android, iOS)…\n            더 보기\n            이런 일을 하실 수 있어야돼요. -PC 응용프로그램, 웹 또는 모바일 앱 서비스의 디자인 경험이 있으신 분  -3년 이상 경력이나 그에 준하는 역량을 보유하신 분  -UI디자인을 위한 툴 활용이 능숙하신 분 (Photoshop, Illustrator, Sketch, Zeplin 등)  -PC 응용프로그램, 웹 또는 모바일 앱(Android, iOS) 실무환경에 대한 이해  -좋은 비주얼과 디테일을 찾아내는 감각이 있는 분  -앱이나 그래픽디자인 뿐만 아니라, 넓은 의미의 디자인에 관심을 가지고, 항상 트렌드에 민감한 분  -헬스케어 서비스 또는 의료 IT 시장에 대한 관심이 있는 분  -항상 사용자 입장에서 고민하고, 불편했던 경험을 혁신하고 싶은 분  -구조적으로 사고하고 합리적 의사 결정을 지향하며 논의할 수 있으신 분  -팀으로 업무를 진행하고 여러 직군과 협업한 경험이 많으신 분  -끊임없이 배우고 성장하기 원하시는 분 이거까지 할 수 있으면 좋아요. -헬스케어 서비스 또는 의료용 SW 디자인을 경험하신 분 우대 -많은 사용자들을 대상으로 하는 서비스의 디자인을 경험하신 분 우대\n"]}