{"url":"https://www.rocketpunch.com//jobs/69406/%ED%94%84%EB%A1%A0%ED%8A%B8-%EC%97%94%EB%93%9C-%EA%B0%9C%EB%B0%9C%EC%9E%90","title":"프론트 엔드 개발자","origin":"비브릭","start_date":"01/23 ","newbie":"신입경력","content":["\n        주요 업무\n        비브릭의 컴퍼니 빌더 부서는 실생활에서 사용할 수 있는 블록체인 프로젝트를 기획, 개발 및 운영을 하고 있습니다. 현재 미술품 분할 소유 플랫폼인 프로라타아트, 파인 다이닝 예약 시스템인 에그다이닝을 비롯하여 스니커즈 및 콜렉터블 거래 플랫폼 또한 개발 중에 있습니다. 이러한 서비스를 개발하실 프론트 엔드 개발자를 모집합니다.\n      ","\n        업무 관련 기술 / 활동 분야\n        \n          JavaScript\n          HTML5\n          CSS\n          React\n          Amazon AWS\n        \n      ","\n        채용 상세\n        자격요건- 경력 1년 ~ 8년- javascript, React JS 개발- HTML5, CSS 유경험자- Restful API 연동 유경험자우대사항- Android / IOS 개발 가능자- IT 서비스 개발 및 런칭 경험- 스타트업 경험\n            \n              \n                  \n                \n            \n          \n            \n              \n                  \n                \n            \n          "]}