{"url":"https://www.rocketpunch.com//jobs/66699/%ED%94%84%EB%A1%A0%ED%8A%B8%EC%97%94%EB%93%9C-%EA%B0%9C%EB%B0%9C%EC%9E%90-%EC%B1%84%EC%9A%A9","title":"프론트엔드 개발자 채용","origin":"알고리즘랩스","start_date":"12/10 ","newbie":"신입경력","content":["\n        주요 업무\n                    알고리즘랩스는 A.I 인공지능 기반 알고리즘과 코딩 교육을 연구하는 에듀테크(edu-tech) 기업입니다. 다가올 4차 산업혁명 시대에 걸맞는 소프트웨어 인재를 양성하기 위한 최적의 교육커리큘럼을 연구개발하고 있습니다.현재 알고리즘랩스는 3가지 사업 부서를 운영하고 있습니다.▣ 알고리즘에듀(Algorithm EDU - https://www.algor…\n            더 보기\n            알고리즘랩스는 A.I 인공지능 기반 알고리즘과 코딩 교육을 연구하는 에듀테크(edu-tech) 기업입니다. 다가올 4차 산업혁명 시대에 걸맞는 소프트웨어 인재를 양성하기 위한 최적의 교육커리큘럼을 연구개발하고 있습니다.현재 알고리즘랩스는 3가지 사업 부서를 운영하고 있습니다.▣ 알고리즘에듀(Algorithm EDU - https://www.algorithmedu.io/)초/중/고 학생이 SW분야에 입문하여, 국가를 대표하는 수준의 인재로 성장하기 위한 교육과정 제공▣ 알고리즘잡스(Algorithm JOBS - https://www.algorithmjobs.io/)알고리즘 역량을 바탕으로 SW직군에 취업을 하기위해 최적화된 교육과정 제공▣ 알고리즘AI(Algorithm AI - https://algorithmai.io/)실제 각 산업에서 발생하는 문제를 인공지능을 바탕으로 해결하며, 인공지능 전문가 양성과정 제공알고리즘랩스의 컨텐츠와 시스템으로 공부한 사람들이라면남녀노소 누구나 새로운 미래의 주역으로 성장할 수 있습니다.우리는 더 좋은 교육 컨텐츠와 플랫폼을 구축하고자 합니다. 그러기 위해선 더 많은 동료들이 필요합니다. 알고리즘랩스는 미래를 위한 교육과정을 함께 만들어나갈 인재를 항상 찾고 있습니다.회사와 함께 성장하며 좋은 기업 문화를 만들어 나가실 열정 넘치는 인재들을 두 팔 벌려 환영합니다.주저말고 연락주세요\u003c 기업문화 \u003e -수평적인 조직 문화를 지향합니다.-호칭은 ‘ㅇㅇ님’으로 통일합니다.-서로 존중하고 존대합니다.-시간과 장소에 구애받지 않는 자유로운 근무환경을 추구합니다.-운동을 좋아하는 사람들과 함께 몸과마음을 모두 챙기는 문화를 지향합니다.\n\n      ","\n        업무 관련 기술 / 활동 분야\n        \n          Front-end\n          React\n          GitHub\n          react-redux\n          Styled-components\n          Pusher\n          Redux-saga\n          webpack\n          aws\n        \n      ","\n        채용 상세\n                    담당업무- LMS(Learning Management System) 웹클라이언트 개발 \u0026 유지보수- Restful API설계 및 구현자격요건- 1년 이상의 (개인 프로젝트를 제외한) 프론트엔드 개발 경력- HTML, CSS, ECMAScript 6, Web DOM등 (웹 환경기반 지식)- HTTP, RESTful API클라이언트 개발 경력- …\n            더 보기\n            담당업무- LMS(Learning Management System) 웹클라이언트 개발 \u0026 유지보수- Restful API설계 및 구현자격요건- 1년 이상의 (개인 프로젝트를 제외한) 프론트엔드 개발 경력- HTML, CSS, ECMAScript 6, Web DOM등 (웹 환경기반 지식)- HTTP, RESTful API클라이언트 개발 경력- React에 대한 이해도- Git을 사용한 협업 경력- AWS또는 기타 클라우드 환경 배포경력- Websocket서비스 사용경력우대사항- 웹 프론트엔드 단위 테스트, 테스트 자동화 경력- 백엔드 Restful API 서비스 개발 경험- 코드 리뷰 경험- 웹 사이트 성능 최적화와 크로스 브라우저 이슈 대응 경험- 비개발자와 기술적 이슈에 대한 커뮤니케이션 능력- 알고리즘 문제해결능력- 도메인 관리 경험- 배포자동화 관리 경험\n"]}