{"url":"https://programmers.co.kr/job_positions/1275","title":"프런트엔드 엔지니어","origin":"스탠드포인트","start_date":"","newbie":false,"content":["기술 스택\nWebpack Git Node.js ES6 ReactJS React Native","업무 소개\n\n2020년 수행 예정인 대규모 신규 어플리케이션 구축 사업과\n신규 비디오 플랫폼 서비스 사업의 수행을 위해, 개발인원을 확충하고 있습니다.\n활기넘치고 적극성을 가진 신입부터, 풍부한 경험과 노련미를 갖춘 경력자까지\n회사와 개인 모두 성장할 수 있는 환경을 마련하여, 같이 만들어 가고자 합니다.","자격 조건\n\n[경력]\n\n나이/성별/학력/전공 무관\n프론트엔드 개발 경력 3년 이상\nReact JS, React Native, Redux 등의 개발 경험을 보유하신 분\nGit 버전 관리 시스템 사용 경험이 있으신 분\n기본적인 Linux /Unix 명령 사용 능력 보유하신 분\n\n[신입]\n\n나이/성별/학력/전공 무관\nReact, Vue.js 등의 프레임워크를 사용 경험\nUI/UX에 대한 깊은 관심\n새로운 기술에 대한 호기심과 적극성","우대 사항\nAWS를 활용한 개발, 운영 경험이 있으신 분\n좋은 UI/UX에 대한 고민을 지속적으로 하시는 분\n기획 / 디자인 / 운영 등 다양한 직군과 같이 문제를 정의하고 해결책을 찾아 나갈 수 있는 협업 능력을 갖추신 분\n빌드/테스트/배포 자동화 경험이 있으신 분\n컴퓨터 공학 또는 관련 분야를 전공하신 분\n앱 상용화 경험이 있으신 분\nAndroid, iOS Native app 개발 경험이 있으신 분"]}