{"url":"https://www.rocketpunch.com//jobs/70301/UIUX-%EB%94%94%EC%9E%90%EC%9D%B4%EB%84%88","title":"UI/UX 디자이너","origin":"안무공장","start_date":"03/02 ","newbie":"경력","content":["\n        주요 업무\n        beatflo.co 모바일 앱 (안드로이드,아이폰) 의 major upgrade시 UI/UX  를 담당하실 분을 모십니다. 서비스 전략 , 타겟 유저의 의식과 문화에 맞는 사용성 등에 대해 자유롭고 폭넓게 소통하는 걸 즐기시는 분을  환영합니다. 저희는 힙합,댄스음악, 댄스,안무라는 소재를 다루고 있어, 이러한 쟝르들에 대한 선호도가 있는 분이면 더욱 만족하시리라 봅니다.\n      ","\n        업무 관련 기술 / 활동 분야\n        \n          zeplin\n          Adobe Photoshop\n          Adobe Illustrator\n          Sketch\n          웹디자인\n          그래픽디자인\n          UI디자인\n          모바일디자인\n          UX디자인\n          Interaction디자인\n        \n      ","\n        채용 상세\n        담당업무- beatflo mobile app 서비스 UX/UI- 회사 전체의 디자인 리드- 자격요건- 모바일 앱 UI/UX 실무 경력 2년 이상- 새로운 신기술 터득을 즐기며 , 동시에 현재 유저의 눈높이와 미래의 트렌드를 균형감있게 조율해 가 주실수 있는 분--우대사항- (비즈니스) 영어 가능자 : UI/UX 상  minor  국영문 텍스트 수정할 경우 혹은 해외 댄서 및 해외 뮤지션과의 소통을 주로 하는 bizdev담당은 따로 있으나 가끔은 직접 소통하는게 편리할수 있는 경우 대비--\n            \n              \n                  \n                  \n                \n            \n          "]}