{"url":"https://www.rocketpunch.com//jobs/67161/%ED%81%B4%EB%A0%88%EC%96%B4%EB%8A%94-%EA%B9%A8%EB%81%97%ED%95%9C-%EA%B3%B5%EA%B8%B0%EC%A7%88%EC%9D%84-%EA%B4%80%EB%A6%AC%ED%95%98%EB%8A%94-%EC%98%A4%ED%8D%BC%EB%A0%88%EC%9D%B4%ED%84%B0%EB%A5%BC-%EC%B0%BE%EA%B3%A0%EC%9E%88%EC%96%B4%EC%9A%94-%ED%97%AC%EC%8A%A4%EC%BC%80%EC%96%B4%EB%B6%84%EC%95%BC","title":"클레어는 깨끗한 공기질을 관리하는 오퍼레이터를 찾고있어요 \u003e_\u003c (헬스케어분야)","origin":"클레어","start_date":"  ","newbie":"신입경력","content":["\n        주요 업무\n                    - 아이들, 부모님들, 어르신들, 우리 주변의 히어로들에게 깨끗한 공기와 환경을 제공하는 역할- 30~50대 고소득자 \u0026 30~40대 아이를 키우는 부모님들 고객들에 대한 이해- 프리미엄 멤버십 기반의 상품설명 및 고객인터뷰- 현장 운영 및 초기 시스템 설치- 서비스 중에 받는 공기질관리 큐레이션박스 계절별 기획 및 운영\n            더 보기\n            - 아이들, 부모님들, 어르신들, 우리 주변의 히어로들에게 깨끗한 공기와 환경을 제공하는 역할- 30~50대 고소득자 \u0026 30~40대 아이를 키우는 부모님들 고객들에 대한 이해- 프리미엄 멤버십 기반의 상품설명 및 고객인터뷰- 현장 운영 및 초기 시스템 설치- 서비스 중에 받는 공기질관리 큐레이션박스 계절별 기획 및 운영\n\n      ","\n        업무 관련 기술 / 활동 분야\n        \n          서비스운영\n          고객관리\n          고객대응\n          멤버십\n          고객커뮤니케이션\n        \n      ","\n        채용 상세\n                    입사일 협의 (3월 중순 ~ 3월말으로 생각하고 있으며 그 이외도 협의 가능)담당업무고객에게 서비스하는 클레어 멤버십 서비스는 다음과 같은 운영과정을 통해 이루어집니다.1차방문 -\u003e 2차방문 -\u003e 원격으로 주기적관리- 서비스 신청을 온라인상으로 받은 후 문자연락을 통한 1차 방문일정 조율하기- 방문 준비 및 환기장치 방문점검, 고객님의 공…\n            더 보기\n            입사일 협의 (3월 중순 ~ 3월말으로 생각하고 있으며 그 이외도 협의 가능)담당업무고객에게 서비스하는 클레어 멤버십 서비스는 다음과 같은 운영과정을 통해 이루어집니다.1차방문 -\u003e 2차방문 -\u003e 원격으로 주기적관리- 서비스 신청을 온라인상으로 받은 후 문자연락을 통한 1차 방문일정 조율하기- 방문 준비 및 환기장치 방문점검, 고객님의 공기질 센서 설치 도와드리기 (AWAIR센서)- 서비스 소개 및 상품설명, 고객인터뷰하기- 2차 방문일정 조율 후 환기장치 자동화 설치, 필터 교체해드리기- 1~3개월 주기로 필터, 마스크 등의 공기질관리 박스 큐레이션 및 보내기- 고객분들 공기질 원격으로 모니터링하기 (아기들이 나쁜공기 안마시고 있나 감시하기)자격요건- 운영관리, 재고관리, 고객 대응 등의 역할을 잘 수행할 수 있는 분- 여러 분야의 사람들과 커뮤니케이션 경험이 있으신 분- 아파트 고객님 댁 방문 및 현장점검을 함께 해나갈 수 있으신 분- 앱 및 웹서비스 사용이 익숙하고 개선점을 찾아 피드백이 가능하신 분우대사항- 나의 성장을 위해 최선을 다하는 삶을 살고계시는 분- 공기질과 내 주변의 환경에 민감하고 신경쓰시는 분- 앱이나 특정 서비스를 이용할 때 디자인과 경험을 중요하고 깐깐하게 여기시는 분- 매우매우 수평적인 조직문화에 잘 적응할 수 있는 분- IT분야 업종의 사람들과 함께 어울려나가실 분기타사항안녕하세요, KAIST출신 창업팀 CLAIRE입니다.우리는 미세먼지, 새집증후군으로부터 자유롭게 숨쉴 수 있는 세상을 만들어가고 있습니다.이를 위해 아파트내 AI기반 공기질 관리서비스를 론칭하여 서비스하고 있습니다.https://www.youtube.com/watch?v=1xJ8QtSr52w\u0026feature=youtu.be\u0026t=2252팀원을 찾습니다!!우리는 어마무시하게 유명하신 노정석님과 함께 사업을 진행하고 있고, 설립 4개월만에 1억 시드투자 및 4억 지원금, pre-A 투자유치를 통해 빠르게 성장해나가고 있어요!또, 실리콘밸리 출신의 AWAIR 공기질 센서 업체와 함께 협업하면서 어메리칸 스타일로 실내 환기 문제를 해결해나가고 있습니다 ♨강남 선릉역 D.camp 바로 옆건물에서 선릉, 정릉 뷰가 끝내주는 사무실에서 같이 즐겁게 성장하면서 일해요!우리와 함께 어울리며 마음껏 숨쉴 수 있는 세상을 만들 자유로운 영혼의 팀원분들 모시고 있습니다 ㅎㅎ감사합니다!\n\n            \n              \n                  \n                \n            \n          \n            \n              \n                  \n                \n            \n          \n            \n              \n                  \n+3                \n            \n          \n            \n              \n                  \n                \n            \n          \n            \n              \n                  \n                \n            \n          \n            \n              \n                  \n                \n            \n          "]}