{"url":"https://www.rocketpunch.com//jobs/69074/%EC%9B%B9-%EA%B0%9C%EB%B0%9C%EC%9E%90-%ED%94%84%EB%A1%A0%ED%8A%B8%EC%97%94%EB%93%9C-%EA%B0%9C%EB%B0%9C%EC%9E%90-%EC%9D%B8%EA%B3%B5%EC%A7%80%EB%8A%A5-%EA%B0%9C%EB%B0%9C%EC%9E%90","title":"웹 개발자, 프론트엔드 개발자, 인공지능 개발자","origin":"더 대박 컴퍼니","start_date":"02/17 ","newbie":"신입경력","content":["\n        주요 업무\n                    - 웹서비스 플랫폼 개발- 플랫폼(웹/앱) 연구개발 및 운용- 프론트엔드 개발- 시스템 유지보수\n\n      ","\n        업무 관련 기술 / 활동 분야\n        \n          Python\n          Django\n          Flask\n          JavaScript\n          MySQL\n          mssql\n          Oracle\n          HTML\u0026CSS3\n          Shopify\n        \n      ","\n        채용 상세\n                    자격요건- Python, Django, Flask, JavaScript 등 프로그래밍 언어- Linux OS - Linux 서버 기본적인 관리 가능- MySql, Oracle, MSSql 등등 1개 이상의 DBMS 사용 가능자- - 학력사항: 학력무관- 연령: 34세 (1986년생)이하- 성별: 무관근무조건 - 고용형태: 2년계약+- 근무 인근전철역…\n            더 보기\n            자격요건- Python, Django, Flask, JavaScript 등 프로그래밍 언어- Linux OS - Linux 서버 기본적인 관리 가능- MySql, Oracle, MSSql 등등 1개 이상의 DBMS 사용 가능자- - 학력사항: 학력무관- 연령: 34세 (1986년생)이하- 성별: 무관근무조건 - 고용형태: 2년계약+- 근무 인근전철역: 2호선 신대방, 신림 (연구실)- 급여조건: 연봉 3600 만원우대사항- 인공지능에 깊은 이해가 있으신 분- 영어로 쓰여진 새로운 기술들을 빠르게 이해하고 공유하는 것을 즐기시는 분\n"]}