{"url":"https://www.rocketpunch.com//jobs/68036/Nodejs-Backend-%EA%B0%9C%EB%B0%9C%EC%9E%90","title":"Node.js Backend 개발자","origin":"발란","start_date":"01/14 ","newbie":"경력","content":["\n        주요 업무\n                    From Milano to Korea in 3 Days 아시아 최초의 명품 온라인 부티크, 발란 http://balaan.co.kr[서비스 소개] 발란은 유통구조 혁신과 IT 기술을 통해 명품 패션 시장의 문제를 해결하는,거대한 명품 시장에서 가장 빠르게 성장하는 플랫폼입니다.2019년 12월 시리즈 A라운드 100억 투자유치, 누적 투자액 120억…\n            더 보기\n            From Milano to Korea in 3 Days 아시아 최초의 명품 온라인 부티크, 발란 http://balaan.co.kr[서비스 소개] 발란은 유통구조 혁신과 IT 기술을 통해 명품 패션 시장의 문제를 해결하는,거대한 명품 시장에서 가장 빠르게 성장하는 플랫폼입니다.2019년 12월 시리즈 A라운드 100억 투자유치, 누적 투자액 120억을 받았습니다✔  다양한 상품: 매 시즌 4,000 여개 이상의 럭셔리 브랜드, 80만개 이상의 명품을 ✔  신상 입고: 백화점 신상 입고보다 3개월 이상 빠르게 ✔  가격: 유럽 온라인 직구보다 저렴한 가격으로  ✔  배송: 유럽에서 집앞까지 3일만에 받을 수 있고, ✔  서비스: 구매 후 검수 및 무료 교환 / 반품 / 수선 서비스까지 제공하는 Fashion과 IT의 결합에 미친 #발라니어 와 함께 한국을 넘어 거대한 아시아 패션 시장을 놀라게 하고 싶다면지금 바로 발란에 합류하세요. [발라니어만을 위한 혜택 및 복지]✔ 연봉 \u0026 스톡옵션 : 업계 최고 대우 ✔ 인센티브 \u0026 보너스 : 팀별, 개인 분기,반기 성과평가 후 반기별 지급✔ 탄력적 출퇴근 ✔ 장비 : 최신 랩탑, PC, 듀얼 모니터 지원 (맥북, 랩탑 삼성 27인치 Curved 듀얼 모니터)✔ 무제한 휴가 (입사 첫 해 부터 휴가 발생) ✔ 교육비 및 도서비 지원 ✔ 식사 : 무제한 스낵바, 다양한 음식, 커피, 맥주 제공✔ Funday : 매월 1회 그룹별 문화 생활 지원 (업무 시간에 놀기!) ✔ 연간 100만원 피복비 지원 ✔ 명품 국내 최저가 구매[발란이 일하는 방식]1. 고객에 집착하라2. 최고의 기준을 고집하라3. 현명하게 판단하고, 우선순위를 구분하라4. 구체적이고 탁월한 성과를 내라5. 즉시, 반드시, 될 때까지 해라6. 혁신하고 단순화하라7. 빠르고 명확하게 소통하라8. 기개를 가져라 - 반대하되 받아 들여라9. 장기적 관점을 견지하라10. 끊임없이 배우고 빠르게 성장하라11. A급 인재만을 채용하라12. 개인이나 팀이 아닌, 회사에 최선인 것을 위해 행동하라13. 이끌거나, 따르거나, 비켜서라[발란 서비스가 궁금하신가요? - SparkLabs Demoday10 (2017.12) IR 보기_직후 30억 투자 유치 (2018.3)]https://youtu.be/6s9Zg5OiKOg[매일경제 - 발란, 中 최대 쇼핑몰 알리바바와 제휴.. ‘발란 명품관’ 오픈]http://bit.ly/2IClCxM[기업스토리 - 창업 2년도 안돼 월매출 30억을 달성하기까지 (2019.5.28)]https://youtu.be/ZNwMflNu1QE[한국경제 - 해외명품 이커머스 '발란', 100억원 규모 시리즈A 투자 유치]https://www.hankyung.com/it/article/201912202218j\n\n      ","\n        업무 관련 기술 / 활동 분야\n        \n          Node.js\n          크롤링\n          MySQL\n          rdbms\n          Amazon AWS\n          Amazon EC2\n          Bootstrap\n          JavaScript\n          HTML5, CSS3, jQuery, javascript\n          Vue.js\n          React.js\n          AngularJS\n          MongoDB\n          Rabbit MQ\n          Git\n          Back-end\n        \n      ","\n        채용 상세\n                    주요업무   • 데이터 수집기 개발　- 부티크 API 연동　- 부티크의 상품정보를 연동 (xml, csv, excel, json)　- 타 사이트로부터 데이터 수집 (크롤링)• 외부 채널의 API 연동 및 주문 수집 시스템 설계 및 구축• 업무 자동화 및 효율화를 위한 Backoffice 시스템 설계 및 구축• 상품등록 및 주문, 배송 관리를 위한 파…\n            더 보기\n            주요업무   • 데이터 수집기 개발　- 부티크 API 연동　- 부티크의 상품정보를 연동 (xml, csv, excel, json)　- 타 사이트로부터 데이터 수집 (크롤링)• 외부 채널의 API 연동 및 주문 수집 시스템 설계 및 구축• 업무 자동화 및 효율화를 위한 Backoffice 시스템 설계 및 구축• 상품등록 및 주문, 배송 관리를 위한 파트너 센터 설계 및 구축자격요건• Web에 대한 기본적인 이해, 웹 표준, 웹 접근성에 대한 이해• 사이트 크롤링 경험• Node.js Application 실무 개발 및 서비스 운영 경험• MySQL, MongoDB 사용 경험• html, css, js 등과 템플릿(bootstrap 등)을 이용한 화면개발 경험• Git을 통한 협업 경험우대사항• 서비스의 설계부터 개발, 운영까지 참여하신 경험• 컴퓨터공학 전공자로서 자료구조, 네트워크, 운영체제, 알고리즘에 대한 이해• Web에 대한 이해 - http 프로토콜, 헤더, 캐시, 웹소켓, 전반적인 동작과정• Linux, Web Server 관리에 대한 이해, scale out 에 대한 이해• 웹 보안, 서버 보안에 대한 이해• 쇼핑몰 솔루션 및 디비 개발, 운영경험(E-Commerce에 대한 이해)• NoSQL(MongoDB), RDBMS(mysql) index, explain, query plan 에 대한 이해와 활용 경험• AWS 의 다양한 서비스사용 경험• Front-end framework 개발 경험(Vue.js) • mongoDB ReplicaSet 및 ElasticSearch 연동 사용 경험개발 인프라• 백엔드　- 발란몰 : php 5.2, MariaDB　- 백오피스 : Node 10, MongoDB, Redis, MariaDB　- 데이터수집기 : Node 10, MongoDB, Redis, MariaDB, AWS ElasticBeanstalk, RabbitMQ• 프론트 : plain css\u0026jquery, template_, Vue.js, Bootstrap-Vue• 분석 : Google Analytics• 코드관리 : Github• 커뮤니케이션 : Slack\n\n            \n              \n                  \n                  \n                \n            \n          \n            \n              \n                  \n                \n            \n          \n            \n              \n                  \n+10                \n            \n          \n            \n              \n                  \n                \n            \n          \n            \n              \n                  \n                \n            \n          \n            \n              \n                  \n                \n            \n          \n            \n              \n                  \n                \n            \n          \n            \n              \n                  \n                \n            \n          \n            \n              \n                  \n                \n            \n          \n            \n              \n                  \n                \n            \n          \n            \n              \n                  \n                \n            \n          \n            \n              \n                  \n                \n            \n          \n            \n              \n                  \n                \n            \n          "]}