{"url":"https://www.rocketpunch.com//jobs/63626/%ED%8A%B8%EC%9C%95%ED%8A%B8%EA%B2%8C%EB%8D%94%EB%B0%B0%ED%8B%80%EB%8F%85-%ED%94%84%EB%A1%A0%ED%8A%B8%EC%97%94%EB%93%9C-%EA%B0%9C%EB%B0%9C%EC%9E%90ReactJS-%EC%9C%A0%EC%97%B0%EA%B7%BC%EB%AC%B4%EC%A0%9C","title":"[트윕/트게더/배틀독] 프론트엔드 개발자(React.JS), 유연근무제","origin":"이제이엔","start_date":"01/15 ","newbie":"경력","content":["\n        주요 업무\n                    인터랙티브 콘텐츠 산업은 기술의 발전에 힘입어 더욱 빠르게 성장하며, 혁신을 거듭하고 있어요. EJN은 이 산업을 움직이는 크리에이터들이 보다 가치있고 다양한 콘텐츠를 손쉽게 제작할 수 있게 돕는다는 사명을 가진 열정적인 사람들의 일터입니다. EJN에서 일하는 모두는 크리에이터의 열렬한 팬이고, 게임과 e스포츠에 열광하는 사람들이죠.EJN은 Twip…\n            더 보기\n            인터랙티브 콘텐츠 산업은 기술의 발전에 힘입어 더욱 빠르게 성장하며, 혁신을 거듭하고 있어요. EJN은 이 산업을 움직이는 크리에이터들이 보다 가치있고 다양한 콘텐츠를 손쉽게 제작할 수 있게 돕는다는 사명을 가진 열정적인 사람들의 일터입니다. EJN에서 일하는 모두는 크리에이터의 열렬한 팬이고, 게임과 e스포츠에 열광하는 사람들이죠.EJN은 Twip, 트게더, Battle.dog 등 '1인 미디어'와 'e스포츠'를 제작하는 사람들이 겪는 어려움을 해결해 주는 서비스를 만들고 있어요. 최고의 제품을 만들어 낼 수 있도록 하기 위해, 일과 삶의 조화를 추구하며 즐겁게 일하는 문화를 만들고 회사와 직원이 함께 성장하고자 노력하고 있습니다. 뛰어난 동료들과 쾌적한 업무 환경에서 수백만명의 크리에이터를 위한 서비스를 만드는 일에 관심이 있으신가요? 당신과 함께 할 수 있다면 정말 좋을 것 같네요.\n\n      ","\n        업무 관련 기술 / 활동 분야\n        \n          React\n          Vue.js\n          Front-end\n        \n      ","\n        채용 상세\n                    1.\t담당업무•\te스포츠 플랫폼 Battle.dog의 신규기능 개발과 서비스 유지보수        o React 기반의 SPA 개발        o 어플리케이션에 대응되는 테스트 코드 작성        o 다양한 대회 포맷 지원, e스포츠 대회 운영에 도움을 주는 기능 개발        o 어플리케이션의 다국어화 지원2.\t자격요건•\t프론트엔드 개발 …\n            더 보기\n            1.\t담당업무•\te스포츠 플랫폼 Battle.dog의 신규기능 개발과 서비스 유지보수        o React 기반의 SPA 개발        o 어플리케이션에 대응되는 테스트 코드 작성        o 다양한 대회 포맷 지원, e스포츠 대회 운영에 도움을 주는 기능 개발        o 어플리케이션의 다국어화 지원2.\t자격요건•\t프론트엔드 개발 경력 3년 이상•\tReact, Vue, Angular 등 Front-end 프레임워크 개발 경험이 있으신 분•\t마크업과 퍼블리싱에 대한 지식이 있으신 분•\tGit 등의 분산 버전 관리 활용에 익숙하신 분•\tHTML, CSS, JS에 대한 이해가 깊으신 분3.\t개발환경•\tGithub 기반의 형상 관리 시스템을 사용합니다.•\t개발자간의 협업을 돕기 위해 TypeScript를 사용합니다.•\t배포 자동화와 디버깅을 수월하게 하기 위해 Travis CI를 사용합니다.•\t모든 코드의 변경 사항에 대해서 코드 리뷰를 거칩니다.•\t서버와의 Query Language로 GraphQL을 사용합니다.•\tWebpack 번들러와 React 프레임워크를 바탕으로 새로운 기술이나 방법을 부담 없이 실험해 보고 프로젝트에 도입하고 있습니다.•\t단위 테스트, E2E 등 테스트 주도 개발(TDD)을 지향합니다.•\t기술 스택에 대한 자세한 정보는 아래 링크를 참고하세요:https://stackshare.io/ejn-corp/battle-dog4.\t우대사항•\t게임과 이스포츠를 좋아하시는 분•\t새로운 것을 익히고 활용하는 것을 좋아하시는 분•\t위에 명시된 개발 환경에 대한 경험이 있으신 분•\t서버사이드 렌더링 대응 경험이 있으신 분5.\t전형절차서류전형\u003e1차면접(HR)\u003e과제수행(Test)\u003e2차면접(실무자면접)\u003e최종합격*전형절차는 일정 및 상황에 따라 변동될 수 있습니다.6.\t혜택 및 복지•\t근무시간: 10AM~19PM, 선택근무제(업무집중시간 13PM~17PM)•\t주5일근무, 4대보험•\t식대 일 1만원 지원, 음료 및 간식 지원, 생일축하 5만원 상품권, 건강검진(매년 30만원 상당), 명절상품권(설20만원, 추석20만원), 기타 경조사비•\t개발에 필요한 장비, 서적 등 지원\n"]}