{"url":"https://www.rocketpunch.com//jobs/56003/%EA%B2%8C%EC%9E%84%EC%9D%B4%EC%8A%A4%ED%8F%AC%EC%B8%A0-%EB%8D%B0%EC%9D%B4%ED%84%B0-%EA%B8%B0%EB%B0%98-%EC%84%9C%EB%B9%84%EC%8A%A4-%EA%B0%9C%EB%B0%9C-%EB%8F%99%EB%A3%8C-%EB%AA%A8%EC%A7%91-%EC%84%9C%EB%B9%84%EC%8A%A4-%EA%B8%B0%ED%9A%8D","title":"게임/이스포츠 데이터 기반 서비스 개발 동료 모집 서비스 기획","origin":"창운코리아","start_date":"  ","newbie":"신입경력","content":["\n        주요 업무\n                    게임에 대한 기본적인 이해를 바탕으로 한 신규 서비스를 같이 구상하여 즐겁게 만들어가실 개발 동료를 모집합니다.- 신규 서비스 기획 및 UI/UX 설계- 서비스 전략 수립 및 운영\n\n      ","\n        업무 관련 기술 / 활동 분야\n        \n          프로젝트PM\n          프로젝트관리\n          프로젝트 매니저\n          PM\n          기획\n          서비스 기획\n          게임\n          Game\n          이스포츠\n          E-SPORTS\n        \n      ","\n        채용 상세\n                    채용 상세FEG (Fighting Esports Group)는 한국 및 중국의 이스포츠 전문가들이 뜻을 모아 설립한 이스포츠 전문 벤처기업입니다. 현재 한국, 중국, 동남아 등 아시아 지역에서 이스포츠 리그를 운영하고, 리그 오브 레전드, 클래시 로얄, 왕자영요 등 3개 종목에서 킹존 드래곤X 등 총 6개의 프로팀을 보유하고 있습니다. 게임을 좋아하…\n            더 보기\n            채용 상세FEG (Fighting Esports Group)는 한국 및 중국의 이스포츠 전문가들이 뜻을 모아 설립한 이스포츠 전문 벤처기업입니다. 현재 한국, 중국, 동남아 등 아시아 지역에서 이스포츠 리그를 운영하고, 리그 오브 레전드, 클래시 로얄, 왕자영요 등 3개 종목에서 킹존 드래곤X 등 총 6개의 프로팀을 보유하고 있습니다. 게임을 좋아하고 재능 있는 아시아 청소년에게 진로 확장의 길을 열어주기 위해 프로 양성 시스템도 개발하고 있습니다.이스포츠 시장은 해가 다르게 성장하고 있습니다. 단순히 게임을 취미로 즐기는 데만 그치지 않고, 덕업일치를 통해 새로운 이스포츠 가치를 창출해 나갈 한국의 인재를 모시고자 합니다. 게임 또는 이스포츠에 취미가 없더라도 가파르게 성장하는 산업에서 자신의 꿈을 펼쳐보고 싶은 인재가 있다면 언제나 환영입니다! [회사 연혁]2018년 7월 FEG (Fighting Esports Group) 설립 2018년 9월 160억 원 규모의 시리즈 A 투자 유치2018년 10월 왕자영요 한국 프로리그 공식 오픈2018년 11월 동남아시아 Fighting League 공식 오픈[킹존 드래곤X 수상 연혁]1. 리그 오브 레전드- LCK 시즌 우승 2회 (2017 Summer, 2018 Spring)`- MSI 준우승 (2018)2. 왕자영요- KRKPL 전승 우승 (2018)- 최우수 게임단 수상 (텐센트 주최 2018 KPL 올해의 시상식)3. 클래쉬 로얄- CRL 아시아 시즌 2 우승 (2018)- CRL 월드 파이널 4강 (2018)[업무 환경 및 주요 혜택]- 점심 시간 넉넉하게 2시간 제공- 휴일 근무 시 휴일근무수당 제공 (워라밸을 위해 휴일 근무는 대체적으로 지양합니다)- LCK, 롤드컵 등 이스포츠 경기 직관 가능[주요 업무]- 신규 서비스 기획 및 UI/UX 설계- 서비스 전략 수립 및 운영[자격요건]- 중국어를 통해 적극적인 소통이 가능하신 분- 리그 오브 레전드 랭크 또는 그 외 게임 플레이 경험- 서비스 기획 실무 경력 2년 이상- 고객의 니즈와 시장/경쟁사 분석을 통해 가치를 줄 수 있는 서비스 기획 및 구축, 운영 능력- 서비스 시나리오 및 스토리보드 작성 우수하신 분- 어떤 프로젝트 등 초기 기획부터 출시 후까지 참여해보신 분- 디자인/개발 프로세스 이해 및 원활한 커뮤니케이션 가능하신 분- 유저의 서비스 사용 문제를 발견하고 해결안을 도출할 수 있는 분[우대사항]- 취미 생활이 게임이신 분- 영어를 통해 적극적인 소통이 가능하신 분- 새로운 시도와 도전을 좋아하시는 분- 겸손함을 바탕으로 한 긍정적이고 능동적인 커뮤니케이션이 가능하신 분[지원방식]- recruit@fegsports.kr로 이력서 지원\n\n            \n              \n                  \n                \n            \n          \n            \n              \n                  \n                \n            \n          \n            \n              \n                  \n+3                \n            \n          \n            \n              \n                  \n                \n            \n          \n            \n              \n                  \n                \n            \n          \n            \n              \n                  \n                \n            \n          "]}