{"url":"https://www.rocketpunch.com//jobs/51130/%EB%A6%AC%EB%A9%A4%EB%B2%84-%EC%84%9C%EB%B2%84%EA%B0%9C%EB%B0%9C%EC%9E%90-%EC%B1%84%EC%9A%A9","title":"[리멤버] 서버개발자 채용","origin":"드라마앤컴퍼니","start_date":"11/08 ","newbie":"경력","content":["\n        주요 업무\n                    리멤버 서버개발자를 모십니다!드라마앤컴퍼니는 지금까지 약 5년간 리멤버를 운영하며, 300만 비즈니스맨이 사용하는 국내 최대의 명함관리앱으로 성장시켰습니다. 하지만 이제는 명함을 넘어선 새로운 차원의 서비스로 비즈니스맨들에게 가치를 제공하고자 합니다. 더 이상 혼자 사용하는 유틸리티 서비스가 아닌, 서로가 더 연결되고 네트워크를 쌓으면서 새로운 기회…\n            더 보기\n            리멤버 서버개발자를 모십니다!드라마앤컴퍼니는 지금까지 약 5년간 리멤버를 운영하며, 300만 비즈니스맨이 사용하는 국내 최대의 명함관리앱으로 성장시켰습니다. 하지만 이제는 명함을 넘어선 새로운 차원의 서비스로 비즈니스맨들에게 가치를 제공하고자 합니다. 더 이상 혼자 사용하는 유틸리티 서비스가 아닌, 서로가 더 연결되고 네트워크를 쌓으면서 새로운 기회를 찾을 수 있는 비즈니스 플랫폼에 대한 준비가 한창 진행되고 있습니다.이런 분을 동료로 모십니다! 저희도 이런 사람들이기 때문입니다. • 회사, 서비스, 동료에게 진한 애정을 갖고 일하는 동료 • 마음 먹은 일은 반드시 해내는 열정과 집념의 동료 • 우리의 혁신적 도전을 믿는 긍정적이고 진취적인 동료※ 리멤버 서버개발자 인터뷰 보러가기https://brunch.co.kr/@rememberapp/25주요업무 • 리멤버 API 애플리케이션 개발, 유지보수 • 신규 기능 요구사항에 대한 설계 • 애플리케이션 배포 및 서버 관리 • 더 좋은 개발문화 함께 만들어가기사용기술 • Ruby on Rails • AWS • Aurora DB / Redis • Elastic Stack자격요건 • 개발 경력 4년 이상 또는 그에 준하는 실력을 갖추신 분 • 프로그래밍 언어 중 하나를 깊이 있게 이해하고 능숙하게 사용 가능하신 분 • 데이터 모델링과 RDBMS 사용에 능숙한 분 • 고난도 애플리케이션 개발에서 나오는 어려운 문제 해결을 즐기시는 분 • 논리적 문제 해결하는 것을 즐기시는 분 • 서비스 개선을 위해 지속해서 고민하는 분 • 협업의 즐거움을 알고 적극적인 커뮤니케이션 하는 분 • 자신의 성장을 위해 항상 노력하시는 분우대사항 • 리멤버의 가치와 사용자를 잘 이해할 수 있는 분 • AWS와 같은 클라우드 플랫폼을 이용한 서버 운영 경험 • 대용량 트래픽, 대용량 데이터 핸들링 경험 • Microservice 아키텍처 기반의 개발 경험 • CI / CD 구축 경험 • 테스트 코드 작성이 습관화되어있는 분 • 업무 내용에 대한 문서 작성이 습관화되어있는 분\n\n      ","\n        업무 관련 기술 / 활동 분야\n        \n          Ruby On Rails\n          aws\n          Aurora DB\n          Redis\n          Elastic stack\n        \n      ","\n        채용 상세\n                    제출서류 • 이력서, 지원서 • 이력서와 지원서는 자유양식으로 작성하시되, 지원서에는 \"Why Drama \u0026 Company (왜 수많은 회사중에 드라마앤컴퍼니에 입사하고 싶으신 것인지)\" 를 반드시 포함하여 작성해주세요.• Github 계정이나 포트폴리오를 추가로 제출 해주셔도 좋습니다.채용절차 • 절차 : 서류 심사 \u003e 팀 면접 \u003e…\n            더 보기\n            제출서류 • 이력서, 지원서 • 이력서와 지원서는 자유양식으로 작성하시되, 지원서에는 \"Why Drama \u0026 Company (왜 수많은 회사중에 드라마앤컴퍼니에 입사하고 싶으신 것인지)\" 를 반드시 포함하여 작성해주세요.• Github 계정이나 포트폴리오를 추가로 제출 해주셔도 좋습니다.채용절차 • 절차 : 서류 심사 \u003e 팀 면접 \u003e CEO 면접 • 상세내용  - 서류 심사 : 서류 심사 통과자께는 채용 직군별로 과제를 이메일로 드립니다.  - 팀 면접 : 이력서/지원서/과제 내용을 모두 포함하여 대면 면접으로 진행합니다. ※ 위의 내용은 드라마의 기본 채용절차 이며, 경우에 따라 추가 절차가 포함될 수 있습니다.혜택 및 복지‘일이 되게끔’, 일에 집중할 수 있는 환경을 제공하기 위한 지원을 아끼지 않습니다.Growth 개인의 성장 지원• 사내외 교육, 세미나 비용 전액 지원• 도서 및 디지털콘텐츠 구입비 전액 지원• 외국어 교육 지원• 최신형 개발장비 및 SW 구매비 전액 지원• 더 나은 업무 성과를 위한 필요는 회사에서 전부 지원Financial 금전적 지원• 복지카드 연간 100만원 지급• 최대 3천만원 무이자 대출• 은행 저리 대출 연계 지원Health 잘 먹고 건강하게• 2년마다 종합건강검진비 지원• 심리검사 및 심리상담비용 지원• 각종 음료와 간식 원하는대로 상시 구비Refresh 잘 쉬며 재충전하는• 별도의 승인없이 휴가 사용• 3, 6, 9년 근속시 2주씩 리프레쉬 휴가 부여• 연차 소진 시 최대 -10일까지 연차 사용 허용Family 가족 케어 지원• 2년마다 가족 중 1인 건강검진 지원• 본인 및 가족 생일, 결혼기념일 등 특별한 날에는 조기 퇴근• 입학식, 졸업식, 운동회 등 자녀와의 날에는 늦은 출근\n\n            \n              \n                  \n                \n            \n          \n            \n              \n                  \n                \n            \n          \n            \n              \n                  \n+6                \n            \n          \n            \n              \n                  \n                \n            \n          \n            \n              \n                  \n                \n            \n          \n            \n              \n                  \n                \n            \n          \n            \n              \n                  \n                \n            \n          \n            \n              \n                  \n                \n            \n          \n            \n              \n                  \n                \n            \n          "]}