{"url":"https://www.rocketpunch.com//jobs/70022/Back-end-Software-Engineer","title":"Back-end Software Engineer","origin":"(주)알바체크","start_date":"02/24 ","newbie":"소경력","content":["\n        주요 업무\n                    알바체크는 개발자들이 모여 서로 성장할 수 있는 팀문화를 만들어 가고 있습니다. 누구나 부러워할 만한 최고의 개발팀으로 만들고 싶은 분은 알바체크에 꼭 지원해주세요.▣ 알바체크 스토리를 체크해보세요!(노션 채용페이지)http://bit.ly/38miKBs[담당업무]- 알바체크 웹/앱, 대시보드를 위한 API 개발- 대용량 트래픽을 안정적으로 감당할 …\n            더 보기\n            알바체크는 개발자들이 모여 서로 성장할 수 있는 팀문화를 만들어 가고 있습니다. 누구나 부러워할 만한 최고의 개발팀으로 만들고 싶은 분은 알바체크에 꼭 지원해주세요.▣ 알바체크 스토리를 체크해보세요!(노션 채용페이지)http://bit.ly/38miKBs[담당업무]- 알바체크 웹/앱, 대시보드를 위한 API 개발- 대용량 트래픽을 안정적으로 감당할 수 있는 아키텍쳐 설계, 개발 및 운영- Spring 기반 Backend 개발• AWS, Linux 개발 \u0026 관리- 로그 데이터 통합 및 분석- 서비스 품질 향상을 위한 최적화 작업 및 리서치\n\n      ","\n        업무 관련 기술 / 활동 분야\n        \n          Java\n          aws-ec2\n          nginx\n          Spring\n          풀스택개발\n          서버관리\n        \n      ","\n        채용 상세\n                    [자격요건]- 5년 이상의 백엔드 개발 경력 또는 그에 준하는 실력을 갖추신 분- Java / Spring Framework 기반 웹서비스 개발 경험이 있으신 분- RDBMS 및 NoSQL에 대한 이해를 갖추신 분- AWS / Linux 환경에서 웹서비스 개발 및 운영 경험이 있으신 분- Restful API 설계 및 개발 경험이 있으신 분- 신기술…\n            더 보기\n            [자격요건]- 5년 이상의 백엔드 개발 경력 또는 그에 준하는 실력을 갖추신 분- Java / Spring Framework 기반 웹서비스 개발 경험이 있으신 분- RDBMS 및 NoSQL에 대한 이해를 갖추신 분- AWS / Linux 환경에서 웹서비스 개발 및 운영 경험이 있으신 분- Restful API 설계 및 개발 경험이 있으신 분- 신기술에 관심이 많고 학습에 열려 있으신 분[우대사항]- 팀 단위 협업을 통해 고객과의 실제 접점을 만들고 매출을 일으킨 경험이 있으신 분- 대용량 트래픽 서비스 개발 경험이 있으신 분- 자체 서비스 개발 및 운영 경험이 있으신 분- 개발팀 리드 경험이 있으신 분[혜택 및 복지]- 오전 9~11시 자율 출퇴근 제도- 눈치 보지 않는 퇴근 문화- 매월 1회 노마드 근무지원- 주도적인 업무 환경 및 성장 기회 제공- 도서 구매 지원- 매월 1회 0원으로 훠거 무제한으로 먹을 수 있음- 주 5일제, 4대 보험 지원- 그밖에 문화와 복지를 오셔서 함께 만들어 주세요.서비스 및 회사에 대해 궁금하시다면, 훠궈야에서 식사 or 편안한 커피 한잔을 신청해주세요!궁금증을 모두 풀어 드리겠습니다. :)▶ recruit@albacheck.com알바체크 노션 채용페이지▶ http://bit.ly/38miKBs\n\n            \n              \n                  \n                \n            \n          \n            \n              \n                  \n                \n            \n          \n            \n              \n                  \n+3                \n            \n          \n            \n              \n                  \n                \n            \n          \n            \n              \n                  \n                \n            \n          \n            \n              \n                  \n                \n            \n          "]}