{"url":"https://www.rocketpunch.com//jobs/66288/%EC%9C%A0%ED%94%BD-%EC%BB%A8%ED%85%90%EC%B8%A0-%EB%94%94%EC%9E%90%EC%9D%B4%EB%84%88-%EC%B1%84%EC%9A%A9","title":"[유픽] 컨텐츠 디자이너 채용","origin":"트릿지","start_date":"03/03 ","newbie":"신입경력","content":["\n        주요 업무\n                    온라인 테이스팅 플랫폼 ‘유픽’  트릿지의 Wholesale Team은 tridge.com 의 소싱 데이터를 통해 경쟁력 있는 푸드아이템을 찾아내어 국내 시장에 파고들고 있습니다. 몇 가지 B2B아이템의 성공적 안착에 이어 B2C 첫 아이템인 아보카도오일 또한 시장에 성공적으로 안착시켰고 이 과정에서 얻은 인사이트로 온라인 푸드 테이스팅 플랫폼 ‘유…\n            더 보기\n            온라인 테이스팅 플랫폼 ‘유픽’  트릿지의 Wholesale Team은 tridge.com 의 소싱 데이터를 통해 경쟁력 있는 푸드아이템을 찾아내어 국내 시장에 파고들고 있습니다. 몇 가지 B2B아이템의 성공적 안착에 이어 B2C 첫 아이템인 아보카도오일 또한 시장에 성공적으로 안착시켰고 이 과정에서 얻은 인사이트로 온라인 푸드 테이스팅 플랫폼 ‘유픽’을 런칭하게 되었습니다.유픽의 테이스팅 과정은 ‘제품선택 - 제품경험 - 제품피드백’ 의 사이클을 짧고 유의미하게 만듭니다. 유픽은 소비자들에게 끊임없이 새로운 제품을 소개하며 소비자의 피드백을 빠르게 공급자에게 전달합니다. 이를 통해 소비자 공급자 모두 만족시키며 지금까지 없었던 푸드 테이스팅 플랫폼을 만들어나가고 있습니다.    컨텐츠 디자이너로 지원하시나요?유픽이 소개하는 수입식품을 더 맛있고, 더 돋보이도록 만들고 싶은 분!나아가 유픽이라는 서비스가 소비자에게 더 명확하게 전달되도록 컨텐츠와 브랜드 경험을 함께 만들어갈 분을 찾습니다.\n\n      ","\n        업무 관련 기술 / 활동 분야\n        \n          마케팅디자인\n          광고디자인\n          콘텐츠디자인\n          Adobe Illustrator\n          Adobe Photoshop\n          브랜드디자인\n          크리에이티브디자인\n        \n      ","\n        채용 상세\n                    • 팀 소개“우리가 하는 일 \u0026 이 일을 하는 이유”전 세계 식품아이템 중 국내에 소개되지 않았던, 낯설지만 특징이 확실한 식품아이템을 국내 소비자들께 소개하는 서비스를 운영하고 있습니다. 사람들의 입맛은 점점 다양해지고 있습니다. 다양해지는 입맛을 만족시키기 위해 저희는 다양한 식품 포트폴리오를 구성하고, 소비자와 직접 만납니다. 거대 미디…\n            더 보기\n            • 팀 소개“우리가 하는 일 \u0026 이 일을 하는 이유”전 세계 식품아이템 중 국내에 소개되지 않았던, 낯설지만 특징이 확실한 식품아이템을 국내 소비자들께 소개하는 서비스를 운영하고 있습니다. 사람들의 입맛은 점점 다양해지고 있습니다. 다양해지는 입맛을 만족시키기 위해 저희는 다양한 식품 포트폴리오를 구성하고, 소비자와 직접 만납니다. 거대 미디어나 자본의 도움 없이, 소비자들과 직접 만나 유픽이 소개하는 식품아이템의 피드백을 받고 있습니다. 이를 통해 국내 식품시장의 다양성을 높이고 소비자들의 니즈를 만족시키는것이 우리가 이 일을 하는 이유입니다.“비즈니스를 아는 팀”유픽 서비스를 운영하는 Wholesale Team에서는 비즈니스를 잘 아는 팀원들이 유픽 서비스를 만들어나가고 있습니다.Sales- B2B, B2C상품 영업을 모두 경험한 영업파트. 백화점, 마트, 프랜차이즈, 카페 등 여러 영업채널을 직접 개척한 경험 보유. Wholesale Team 비즈니스 운영 2년간 매출 550% 증대.Sourcing- 유럽 및 동북아, 동남아 지역을 백그라운드로 하는 소싱파트. 유럽 및 아시아 Cuisine에 대한 깊은 이해를 바탕으로 각 대륙별 식품아이템 소싱 진행.Marketing- 유픽 온라인 서비스의 고도화 및 개발에 집중하는 마케팅파트. 온라인 서비스 기획 및 마케팅, 브랜딩, UX/UI 디자인을 맡아 다양한 접점에서 소비자와 만나고 있는 파트. Operation- 국내 굴지의 수입식품사에 재직한 경력을 바탕으로 백화점, 마트, 온라인채널 등 각 유통채널특성에 대한 이해도가 높은 오퍼레이션파트.• 담당업무   - 신제품 출시에 필요한 온/오프라인 상세페이지/프로모션 디자인 - 서비스 홍보 및 마케팅에 필요한 온/오프라인 채널 컨텐츠 디자인- 브랜드 에셋 및 브랜드 톤앤매너 관리  • 자격요건 - 컨텐츠 디자인 실무 경험자(1년 이상의 실무 경력)- 사진/영상 촬영 시 톤앤매너 기획, 촬영디렉팅 경험이 있으신 분 - 브랜드 제작 경험과 미디어 커머스에 대한 이해도 높으신 분  - 각 채널별 브랜드 커뮤니케이션 능숙하신 분   - 일러스트레이션, 포토샵, 에프터이펙트 등 그래픽 툴 능숙하신 분 • 이런 캐릭터의 팀원을 기다려요 - Team Player- Foodie- 더 나은 디자인에 대해 항상 고민하는 분- 변화에 유연하고 긍정적인 에너지를 가진 분 • 채용공통기간: 채용시까지채용형태: 정규직(3개월 수습기간을 통해 서로 Fit이 맞는지 확인해봐요)연봉: 회사 내규에 따름업무 시간: 평일 09:00~19:00 (점심시간 12:30 ~ 13:40)위치: 서초구 동광로 95-1, 동경빌딩 4층(7호선 내방역 도보 10분거리)채용절차: 서류 지원 ▶ 인터뷰(실무진, 임원면접) ▶ 최종 합격• 제출 서류자유양식 이력서 \u0026 1page 자기소개서(필수, 짧게 써주시면 좋아요)포트폴리오(필수)본인 역량 어필할 수 있는 추가 자료(선택) wholesale-recruit@tridge.com으로 지원해주세요 • 혜택 및 복지- 업무 장비는 최신형으로 (직무에 따라 iMac 27\", 맥북 프로 15\", windows PC 15” 중 제공)- 도서지원비- 세미나, 컨퍼런스 참가비 지원- 회사가 서래마을에 있어요, 식품관련 스타트업인 만큼 회식은 맛있는 곳으로 갑니다• 공통 업무툴- Gmail (G-Suite)- Slack- Asana ==================================================================== 보내주신 이력서는 실무자가 꼼꼼하게 검토하여 서류전형 합격 여부를 알려드립니다.궁금하신 내용은 망설이지 마시고 문의주세요. 빠르게 답변 드리겠습니다. • 자사 웹사이트https://www.tridge.com/https://www.youpick.kr/ • 회사소개기사로이터https://www.reuters.com/article/us-global-food-internet/investors-back-global-online-market-place-for-ethical-green-farmers-idUSKBN1XT16X더벨https://www.thebell.co.kr/free/content/ArticleView.asp?key=201910100100014160000896\n"]}