{"url":"https://www.rocketpunch.com//jobs/64424/Software-Researcher","title":"Software Researcher","origin":"큐픽스","start_date":"12/23 ","newbie":"신입경력","content":["\n        주요 업무\n                    'Cupix'는 3D Digital Twin 기술을 바탕으로 3D VR 컨텐츠를 생성하는 클라우드 기반 모바일/웹 어플리케이션을 개발하고 있습니다.RND 파트는 Mobile / Front-end / Back-end / Algorithm 분야로 구성되어 있으며 부문별로 Senior / Junior 개발자가 협업하여 더 나은 솔루션을 개발하기 위해 노력…\n            더 보기\n            'Cupix'는 3D Digital Twin 기술을 바탕으로 3D VR 컨텐츠를 생성하는 클라우드 기반 모바일/웹 어플리케이션을 개발하고 있습니다.RND 파트는 Mobile / Front-end / Back-end / Algorithm 분야로 구성되어 있으며 부문별로 Senior / Junior 개발자가 협업하여 더 나은 솔루션을 개발하기 위해 노력하고 있습니다.\n\n      ","\n        업무 관련 기술 / 활동 분야\n        \n          deep-learning\n          computer-vision\n          computer-graphics\n          image-recognition\n          machine-learning\n          artificial-intelligence\n        \n      ","\n        채용 상세\n                    담당업무- object detection, face detection/recognition, image captioning, OCR 등 deep learning 이용한 각종 vision 알고리즘 개발- computer vision 관련 선행 연구자격요건- deep learning 전공자 또는 관련 경력이 1년 이상이신 분- deep learning …\n            더 보기\n            담당업무- object detection, face detection/recognition, image captioning, OCR 등 deep learning 이용한 각종 vision 알고리즘 개발- computer vision 관련 선행 연구자격요건- deep learning 전공자 또는 관련 경력이 1년 이상이신 분- deep learning framework 이용한 개발 경험이 있으신 분우대사항- 새로운 논문, 프로그래밍 언어 및 기술을 공부하는데 주저함이 없으신 분- Developer 및 cross-group 간의 커뮤니케이션에 능숙하신 분기타사항- 전문연구요원 가능 (신입/전직)- 포트폴리오 제출 필수\n"]}