{"url":"https://www.rocketpunch.com//jobs/64722/%EB%8B%A4%EB%85%B8CRM-%EB%A7%88%EC%BC%80%ED%84%B0%EA%B2%BD%EB%A0%A5","title":"[다노]CRM 마케터(경력)","origin":"다노 ","start_date":"02/03 ","newbie":"경력","content":["\n        주요 업무\n                    ■다노 소개 다노는 여성들을 위한 대한민국 No.1 다이어트 브랜드이자, 건강한 다이어트 문화를 만들어 나가는 열정있는 인재들의 비전 공동체입니다. 현재 건강 다이어트 식품 쇼핑몰인 다노샵, 온라인 습관성형 프로그램 마이다노와 여성 전문 오프라인 스튜디오, 다노핏을 운영 중입니다. 2015년 GS홈쇼핑과 아주 IB투자로부터 22억원 규모의 투자를 유…\n            더 보기\n            ■다노 소개 다노는 여성들을 위한 대한민국 No.1 다이어트 브랜드이자, 건강한 다이어트 문화를 만들어 나가는 열정있는 인재들의 비전 공동체입니다. 현재 건강 다이어트 식품 쇼핑몰인 다노샵, 온라인 습관성형 프로그램 마이다노와 여성 전문 오프라인 스튜디오, 다노핏을 운영 중입니다. 2015년 GS홈쇼핑과 아주 IB투자로부터 22억원 규모의 투자를 유치해 건실하게 성장하고 있습니다.올바른 다이어트 정보를 전달하기 위해 출시한 다노앱은 2016년 구글 스토어 올해의 앱으로 선정되었으며,2000만 뷰를 기록한 유투브 다노TV 채널 등 소셜미디어를 통해 60만 팔로워와 소통하며 건강한 다이어트의 패러다임을 만들어가고 있습니다.  다노의 비전은 ‘BE THE BEST VERSION OF YOU.’입니다. ‘모든 사람들에게 잠재된 최고의 모습을 이끌어내자’ 는 사명을 다노의 제품을 통해 여성들에게 전달할 경력 CRM 마케터를 채용합니다.다노 마케팅팀에서 다노의 가치를 알리고픈 당신을 기다립니다! 마케팅팀은 이렇게 일합니다.    - 항상 고객의 관점에서, 고객의 경험을 최우선으로 생각하는 마케팅을 합니다.    - 자극적인 다이어트 광고들의 홍수 속에서, 다노의 올바른 가치관 전달에 집중하는 마케팅을 합니다.    - 데이터, 가설, 실험, 검증의 사이클에 기반한 마케팅을 합니다.    - 고민은 깊게, 실행은 빠르게 일을 합니다. • 필수 제출URL : https://forms.gle/4npRzJQYKBnHbsWq8 (채용시마감) • 전형절차: 서류전형  → 1차 실무능력 인터뷰  →  2차 인터뷰  • 신입/경력 여부와 상관없이 3개월의 수습기간을 가진 후 정직원 채용여부가 결정됩니다.\n\n      ","\n        업무 관련 기술 / 활동 분야\n        \n          dm\n          CRM마케팅\n          CRM\n          email marketing\n          고객분석\n          고객데이터관리\n          App push\n        \n      ","\n        채용 상세\n                    ■모집분야 및 인원 - CRM마케터(경력부문) ■ 어떻게 근무하게 되나요?  - 근무시간: 9:30~18:30(8h)  - 업무내용 • 데이터 기반 CRM 기획/실행/분석 • 고객 라이프 싸이클 퍼널별 (세그먼트별) 성과 및 LTV 최적화  • CRM 툴을 사용한 마케팅 자동화 설계 및 효과 최대화 • CRM/Engagement 캠페인 기획 및 운영…\n            더 보기\n            ■모집분야 및 인원 - CRM마케터(경력부문) ■ 어떻게 근무하게 되나요?  - 근무시간: 9:30~18:30(8h)  - 업무내용 • 데이터 기반 CRM 기획/실행/분석 • 고객 라이프 싸이클 퍼널별 (세그먼트별) 성과 및 LTV 최적화  • CRM 툴을 사용한 마케팅 자동화 설계 및 효과 최대화 • CRM/Engagement 캠페인 기획 및 운영 • CRM 툴 도입 / 관리 or 새로운 마케팅테크 제안  ■  이런 분을 찾습니다!  - 2년 이상의 CRM/이메일 마케팅/푸시/SMS 마케팅 경력이 있으신 분 (Web/App)  - Braze, HubSpot 등 CRM 툴 활용 경험  - 고객 특성별 (행위, 니즈, 충성도 등)에 따른 CRM 캠페인 설계와 최적화 경력  - 다노에서 지향하는 가치를 이해하고 이를 더 많은 분들에게 잘 알리고 싶으신 분  - 디지털 마케팅 및 A/B 테스트 경험이 있으신 분   - 서비스에서 진행되는 프로모션/캠페인/공지 등의 카피라이팅 경험이 있는 분  - 데이터 분석을 바탕으로 전략을 세우고 문제 해결 경험이 있으신 분  ※ 필수 제출URL : https://forms.gle/4npRzJQYKBnHbsWq8 (채용시마감) 다노 경력 DM 마케터로 이런 분을 영입하고 싶습니다. (우대요건) : DM/CRM 업무에서 초기 DB셋팅 부터 캠페인 운영까지의 전 과정을 빌드업하면서 성장하실 분을 찾습니다.  - Loyalty / 멤버쉽 마케팅 경험자  - 다양한 직군(개발자, 디자이너, 운영매니저)들과의 원활한 커뮤니케이션이 가능하신 분 (설득력, 의사전달력, 이해 및 공감력)  - 고객 DB 및 세그먼팅에 대한 이해도 있으신분​  - 이커머스 or 앱 마케팅 경력이 있으신 분  - 웹/앱 분석툴 활용 경험 (GA, AppsFlyer, Adjust 등)   - 프로젝트단위의 업무 경험이 있으신 분(또는 PL 경험이 있으신 분)  - SQL, R 등 활용 경험자  - 서비스에서 진행되는 프로모션/캠페인/공지 등의 카피라이팅 경험이 있는 분# 다노의 DNA  • 건강한 식습관과 생활방식이 우리의 삶에 얼마나 중요한 의미를 지니는지 알고 있습니다.   • 나와 다른 분야의 사람들과도 끈기를 갖고 소통하고, 진솔하게 대화하고자 노력합니다.   • 내가 맡은 일에 대해서는 누구보다 책임감과 끈기를 가지고 완수합니다.  • 안정 보다는 변화, 안주 보다는 도전이 즐겁고, 끊임 없이 성장하기를 꿈꿉니다.# 다노한 라이프 • 회사위치: 서울 마포구 (대흥역 5분 거리, 공덕역 7분 거리) • 모든 직군은 3개월의 수습기간을 통해 정직원 전환이 결정됩니다. • 4대 보험 지원   • 회사 목표 달성시 연 1회 단체 해외 여행 (2014:싱가폴, 2015:보라카이, 2017: 세부, 1년 이상 근속자 대상)  • 연 1회 단체 국내 비전 워크샵 (2013:강원도, 2014:부산, 2015:제주도) • 다노 정규크루 할인 (다노샵 제품 및 서비스 클래스 할인) • 성장 장려금 : 현재 업무와 밀접한 연관있는 교육비, 자격증, 세미나 비용의 70% 지원(정규) • 도서비 무한 지원 : 업무 역량 계발 위한 도서비 무제한 지원(정규) • 스페셜데이 : 부모님 생신 및 배우자 생일 등 조기 퇴근 (오후 4시 퇴근)  • 눈치 안보고 휴가 사용하는 회사# 다노의 문화를 구체적으로 알고 싶다면 • 다노 홈페이지 → http://dietnote.weebly.com/ • 다노 블로그 → https://blog.naver.com/dagymdieting/221156900490 • Dano리얼스타트업 스토리 : https://www.youtube.com/watch?v=nvYIcPmxHm4\u0026feature=youtu.be\n\n            \n              \n                  \n                  \n                \n            \n          \n            \n              \n                  \n                \n            \n          \n            \n              \n                  \n+1                \n            \n          \n            \n              \n                  \n                \n            \n          "]}