{"url":"https://www.rocketpunch.com//jobs/69967/%EC%98%81%EC%83%81-%EC%BD%98%ED%85%90%EC%B8%A0-PD","title":"영상 콘텐츠 PD","origin":"주식회사 셀레브","start_date":"02/22 ","newbie":"경력","content":["\n        주요 업무\n        크리에이티브 미디어 스타트업 주식회사 셀레브에서 자사 채널/IP 영상 콘텐츠 제작 (기획/촬영/편집) 업무를 담당할 역량있는 PD분들을 모십니다. 잠깐!지원자 본인이 희망하는 업무 혹은 채널을 지정하시고 관련 기획안을 제출하시면 저희와 함께 하실 확률이 더 높아집니다.(Ex. 브랜드 콜라보레이션 - 셀레브 X 브랜드 콜라보레이션 콘텐츠 기획안 / 바이어스 - 신규 오리지널 콘텐츠 기획안 등)\n      ","\n        업무 관련 기술 / 활동 분야\n        \n          컨텐츠 기획\n          영상촬영\n          영상편집\n          콘텐츠제작\n          PD\n          FCPX편집\n          브랜드\n          콜라보레이션\n        \n      ","\n        채용 상세\n        담당 업무- 영상 콘텐츠 기획/촬영/편집- 콜라보레이션 콘텐츠 제작 및 제작 관리- 오리지널 콘텐츠 제작 및 편성공통 자격요건- 최신 영상 트렌드를 이해하고 지속 업데이트- 영상 콘텐츠 기획 및 연출 경험 보유- FCPX 및 Adobe 프로그램 사용에 능숙- 유연하고 적극적인 커뮤니케이션 능력우대사항- 브랜드 콜라보레이션 경험 및 이해도 보유- 프로덕션 업무 및 관리 경험 보유\n            \n              \n                  \n                \n            \n          \n            \n              \n                  \n                \n            \n          \n            \n              \n                  \n+4                \n            \n          \n            \n              \n                  \n                  \n                \n            \n          \n            \n              \n                  \n                  \n                \n            \n          \n            \n              \n                  \n                  \n                \n            \n          \n            \n              \n                  \n                  \n                \n            \n          "]}