{"url":"https://www.rocketpunch.com//jobs/70133/%EC%9D%98%EB%A3%8C%EA%B8%B0%EA%B8%B0-SW-%EC%97%94%EC%A7%80%EB%8B%88%EC%96%B4","title":"의료기기 SW 엔지니어","origin":"메쥬","start_date":"02/28 ","newbie":"신입경력","content":["\n        주요 업무\n                    - MEZOO는 현재 의료기기 단말을 활용한 사용자(사람, 동물) 모니터링 솔루션을 가지고 있는 한편 다양한 비즈니스에 맞도록 필요한 시스템을 추가적으로 개발하고 있습니다.- 모니터링 시스템 구축 및 유지보수, 개발 작업 문서화\n\n      ","\n        업무 관련 기술 / 활동 분야\n        \n          Node.js\n          MongoDB\n          Redis\n          Amazon AWS\n          Web Service\n          GitHub\n          Docker/Kubernetes\n          REST API\n          multi-threaded\n        \n      ","\n        채용 상세\n                    ■ 담당업무- MEZOO는 현재 의료기기 단말을 활용한 사용자(사람, 동물) 모니터링 솔루션을 가지고 있는 한편 다양한 비즈니스에 맞도록 필요한 시스템을 추가적으로 개발하고 있습니다.- 모니터링 시스템 구축 및 유지보수, 개발 작업 문서화■ 자격요건- 공학계열 전공자- 전문학사 이상 (2020년 2월 대학졸업예정자 또는 대학 졸업자 응시가능)■ 우대…\n            더 보기\n            ■ 담당업무- MEZOO는 현재 의료기기 단말을 활용한 사용자(사람, 동물) 모니터링 솔루션을 가지고 있는 한편 다양한 비즈니스에 맞도록 필요한 시스템을 추가적으로 개발하고 있습니다.- 모니터링 시스템 구축 및 유지보수, 개발 작업 문서화■ 자격요건- 공학계열 전공자- 전문학사 이상 (2020년 2월 대학졸업예정자 또는 대학 졸업자 응시가능)■ 우대사항- 석사 우대, 소프트웨어 공학, 컴퓨터 공학, 의료기기 관련 전공자 우대- AWS등 클라우드 플랫폼에 대한 경험자- mongoDB, Redis 사용 경험자- 동기/비동기 쓰레드 사용에 이해가 깊은 분- REST API, Docker, Kubernetes, GIT, Node/Express 경험자- WebSocket, Socket.io 경험자- 의료기기 제조 및 생산 프로세스 경험자- 필요한 문서화 작업을 귀찮아 하지 않는 분, 성능 못지 않게SW품질을 중요시하는 분- 위에 쓴 이야기 중 1가지라도 경험이 있거나 위에 나온 이야기를 하나도 모르지만, 의료기기 소프트웨어 제조, 서버구축 및 설계에 관심이 많은 신입\n\n            \n              \n                  \n                  \n                \n            \n          \n            \n              \n                  \n                  \n                \n            \n          \n            \n              \n                  \n                  \n                \n            \n          "]}