{"url":"https://www.rocketpunch.com//jobs/70191/%EA%B0%9C%EB%B0%9C%EC%9E%90-%EC%A0%84%EA%B2%A9-%EB%AA%A8%EC%A7%91-%EC%97%B4%EC%A0%95-%ED%98%B9%EC%9D%80-%EC%8B%A4%EB%A0%A5-%EB%B3%B4%EC%9C%A0%ED%95%98%EC%8B%A0%EB%B6%84","title":"개발자 전격 모집. 열정 혹은 실력 보유하신분","origin":"와일드벤처스","start_date":"02/05 ","newbie":"인턴신입경력","content":["\n        주요 업무\n        웹, 앱 서비스 개발자 모집스타트업 출신 우대\n      ","\n        업무 관련 기술 / 활동 분야\n        \n          Android\n          Java\n          Python\n          iOS\n          PHP\n          Node.js\n          Back-end\n          서버관리\n          Amazon AWS\n          Front-end\n          풀스택개발\n          JavaScript\n          MySQL\n        \n      ","\n        채용 상세\n        담당업무-  Webapp / Android / ios- Front End / Back End-자격요건- 개발 전공및 경력자---우대사항- 스타트업 출신- 적극적이신분-"]}