{"url":"https://www.rocketpunch.com//jobs/55952/%EB%94%94%EC%A7%80%ED%84%B8-%EB%A7%88%EC%BC%80%ED%8C%85%EB%A7%88%EC%BC%80%ED%8C%85-%EC%A0%84%EB%9E%B5-%EA%B8%B0%ED%9A%8D%EC%9E%90","title":"디지털 마케팅/마케팅 전략 기획자","origin":"코드브릭","start_date":"02/18 ","newbie":"경력","content":["\n        주요 업무\n                    인도네시아 소셜커머스 셀러를 위한 온라인샵 솔루션 'TokoTalk'을 개발하고 있는 코드브릭에서 디지털 마케팅 운영 및 데이터 분석을 담당할 분을 모시고자 합니다.'TokoTalk'은  인도네시아의 Shopify, Cafe24를 지향하며, 모바일 환경에 특화된 '판매자'를 위한 커머스 종합 플랫폼을 제공하며,  2018년 3월 론치 이후, 현재까지…\n            더 보기\n            인도네시아 소셜커머스 셀러를 위한 온라인샵 솔루션 'TokoTalk'을 개발하고 있는 코드브릭에서 디지털 마케팅 운영 및 데이터 분석을 담당할 분을 모시고자 합니다.'TokoTalk'은  인도네시아의 Shopify, Cafe24를 지향하며, 모바일 환경에 특화된 '판매자'를 위한 커머스 종합 플랫폼을 제공하며,  2018년 3월 론치 이후, 현재까지 매월 50% 이상의 빠른 속도로 성장 중입니다. 채용하고자 하는 포지션은 직접 마케팅 채널을 운영하며, 데이터 분석을 통해 더욱 효율적인 고객 획득 방법을 기획하고, 인도네시아 현지의 마케팅 팀과 협력하여 이를 실행하는 업무를 수행하게 될 예정입니다. 인도네시아를 포함한 동남아시아 시장과 커머스 분야에 관심있는 분들의 많은 지원 바랍니다.\n\n      ","\n        업무 관련 기술 / 활동 분야\n        \n          온라인마케팅\n          디지털마케팅\n          그로스해킹\n          Google Analytics\n          글로벌마케팅\n          퍼포먼스마케팅\n          데이터분석\n        \n      ","\n        채용 상세\n                    주요업무• 내부 데이터 분석을 통한 마케팅 전략 수립• 전략에 따른 마케팅 메시지와 크리에이티브 기획• 데이터 기반 디지털 마케팅 채널 운영 (페이스북/인스타그램/구글애드워즈 등)• 채널별, 세그먼트별 성과 분석• 인도네시아 온라인 셀러 대상 디지털 마케팅 교육자격요건• 영어를 사용한 업무 진행이 편안하신 분• 잦은 해외 출장이 가능하신 분• 디지털…\n            더 보기\n            주요업무• 내부 데이터 분석을 통한 마케팅 전략 수립• 전략에 따른 마케팅 메시지와 크리에이티브 기획• 데이터 기반 디지털 마케팅 채널 운영 (페이스북/인스타그램/구글애드워즈 등)• 채널별, 세그먼트별 성과 분석• 인도네시아 온라인 셀러 대상 디지털 마케팅 교육자격요건• 영어를 사용한 업무 진행이 편안하신 분• 잦은 해외 출장이 가능하신 분• 디지털 마케팅 운영 경험이 있으신 분다소 경험이 부족하더라도, 숫자를 통한 데이터 분석 능력이 뛰어나고 마케팅 업무에 대한 열정과 성장 가능성이 높다면 채용 가능우대사항• 자사 제품을 위한 디지털 마케팅을 직접 운영한 경험이 있으신 분• 개발 및 PM 경험이 있으신 분• 공학, 수학, 통계학 등 숫자와 관련한 학업을 수행하신 분• 검색 광고, 디스플레이 광고 등 디지털 마케팅 포함 경력이 있으신  분\n"]}