{"url":"https://programmers.co.kr/job_positions/1223","title":"산업기능요원(보충역) Frontend Engineer","origin":"마이뮤직테이스트","start_date":"","newbie":false,"content":["기술 스택\nJavaScript Node.js ReactJS Webpack","업무 소개\n\n- React를 사용하여 새로운 MyMusicTaste Web application을 만듭니다.\n- 메인 서비스와 함께 팀 사이트, 블로그 등을 관리합니다.\n- 다양한 최신 스택을 효율적으로 활용하여 즐겁게 개발합니다.\n- Typescript, Babel, PostCSS(Autoprefixr, CSS Modules), Storybook, Webpack\n- React, Redux, RxJS, RamdaJS, Jest, Enzyme, js-lingui\n- Prettier, tslint\n- AWS를 사용하여 Microservice architecture를 만드는  Backend 개발자들과 함께 서비스를 설계합니다.\n- 단방향 Top-down/Waterfall 아닌, 최고의 UX/UI 팀과 적극적인 소통을 통해 멋진 제품을 완성합니다.\n- 매주 정해진 시간에 Frontend 팀 코드 리뷰를 진행합니다.\n\n마이뮤직테이스트의 프론트엔드 개발자는 전 세계의 수많은 음악 팬들에게 기존의 수동적인 관객에서 벗어나서 능동적인 콘서트-메이크 문화를 만들어나가는, 마이뮤직테이스트만의 웹 플랫폼을 개발, 테스트 및 유지보수하는 역할을 하고 있습니다.\n마이뮤직테이스트의 프론트엔드 개발자로서, 여러분은 다양한 클라이언트 프레임워크와 플러그인들을 응용 또는 필요한 라이브러리들을 개발하며, 전 세계 30개국 넘게 서비스되는 웹 어플리케이션을 함께 만들어 나갈 것입니다.\n\n음악과 기술에 대한 열정이 넘치는 사람들로 가득한, 빠르며 혁신적인 회사입니다.\n우리는 콘서트 시장의 패러다임을 획기적으로 바꿀 수 있는 서비스를 만들고 있습니다. 이미 존재하고 있는 제품을 벤치 마크 할 수 있는 서비스가 아니어서 더 많은 고민을 하고 토론을 하면서 매 순간 새로운 것을 적용하며 즐겁게 만들어가고 있습니다.\n이에 따라 열정적이고 창의적으로, 즐겁게 함께 일할 사람들을 찾고 있습니다. 비록 힘은 들지만 재미있게 일할 수 있고 내가 기여한 부분이 즉각적으로 회사의 성공에 영향을 끼치는 것을 볼 수 있는 환경입니다.\n우리는 완전하지 않습니다. 많은 문제가 있음을 인정합니다. 우리는 개선하기 위해 끊임없이 노력 중이며 아직 해결해야할 문제들이 많이 남아있습니다. 그래서 아주 특별한 개발팀에서 일할 똑똑하고, 자발적으로 동기가 부여된 개발자를 찾습니다.","자격 조건\n\n- ECMAscript에 대한 깊은 이해(와 사랑)\n- HTML, CSS 사용 경험\n- React 기반의 Single page application에 대한 경험\n- Transpiler, Bundler 등 Tooling에 대한 개념\n- 다양한 Browser(단, IE 제외)의 특성 및 동작 원리에 이해\n- 최고의 UI에 대한 집착과 장인정신\n- 동료의 의견에 개방적이며, Frontend에 관한 다양한 지식과 기술을 바탕으로 디자이너 및 QA와 Backend 개발자 사이를 연결해주는 팀 플레이어\n- Frontend architecture와 process를 개선하기 위해, 새로운 웹 개발 기술들을 꾸준히 연구해 나가는 능동적인 탐험가\n- 보충역 (전직자의 경우, 잔여 복무일 12개월 이상)\n- 정보처리 관련 전공학과 또는 경력기간 2년 이상\n- 정보처리기능사 자격증 + 정보처리 관련 전공학과 또는 경력기간 1년 이상","우대 사항\n\n- Network layer 개념에 대한 이해\n- Backend 환경 및 자동화에 대한 경험(NodeJS, npm script, AWS, Docker)\n- Typescript, Flow 등 정적 타입 언어에 대한 경험\n- RestfulAPI 및 GraphQL에 대한 이해\n- 새로운 기술에 대한 적극적인 관심\n- 기존 솔루션을 유지/보수하면서 적극적으로 문제를 해결하려는 자세"]}