{"url":"https://www.rocketpunch.com//jobs/67039/%EA%B2%BD%EC%98%81%EC%A7%80%EC%9B%90-%C2%B7-%EC%9E%AC%EB%AC%B4-%EB%A6%AC%EB%93%9C-Operations-%C2%B7-Finance-Lead","title":"경영지원 · 재무 리드 (Operations · Finance Lead)","origin":"텀블벅","start_date":"12/29 ","newbie":"경력","content":["\n        주요 업무\n                    텀블벅에서 경영지원 및 재무관리를 전담할 리드급 인재를 찾고 있습니다! ?‍♀️경영지원·재무 리드는 사내 재정 및 인사 관리, 사무 행정 및 운영 측면의 업무를 전담합니다. 조직이 원활하고 효율적으로 운영됨과 동시에 구성원들이 행복하게 일할 수 있는 환경을 조성해나가는 것이 주된 역할입니다.이상적인 지원자는 높은 업무 윤리의식과 꼼꼼함을 갖춘 분으로…\n            더 보기\n            텀블벅에서 경영지원 및 재무관리를 전담할 리드급 인재를 찾고 있습니다! ?‍♀️경영지원·재무 리드는 사내 재정 및 인사 관리, 사무 행정 및 운영 측면의 업무를 전담합니다. 조직이 원활하고 효율적으로 운영됨과 동시에 구성원들이 행복하게 일할 수 있는 환경을 조성해나가는 것이 주된 역할입니다.이상적인 지원자는 높은 업무 윤리의식과 꼼꼼함을 갖춘 분으로서, 변화에 적응하며 시스템을 만들어가는 일에 열정적인 분입니다.업무만큼 저희와의 문화적 적합성도 빼놓을 수 없습니다. 텀블벅 팀은 창조적인 아이디어를 발굴하고 검토하며, 생명을 불어넣는 일에 헌신하고 있습니다. 핫한 스타트업을 찾고 계신다면 텀블벅이 딱 맞는 곳은 아닐 수도 있습니다. 하지만 저희는 보다 장기적인 관점에서 자생적이고 지속가능한 사업을 만들어내기 위해 열심히 일하고 있습니다. 맹목적인 이익이나 성장의 극대화보단, 다양한 성공이 가능한 건강한 생태계를 만드는 것을 무엇보다 중요한 미션으로 생각하기 때문입니다.더 많은 창조적인 사람들의 가치 있는 기획을 현실로 만드는 일, 새로운 문화를 만들어가는 일이 건강하게 성장할 수 있도록 저희와 함께하실 분을 모십니다!\n\n      ","\n        업무 관련 기술 / 활동 분야\n        \n          경영지원\n          재무관리\n          예산관리\n          회계\n          결산\n          세무\n          인사관리\n          복리후생관리\n        \n      ","\n        채용 상세\n                    [주요 업무]- 재무, 회계, 세무, 법인결산 업무- 예산 계획, 보고, 집행관리- 회계, 노무, 법률 등 내 외부 파트너와의 커뮤니케이션- 인사 관리, 급여, 4대 보험, 연말 정산 업무- 복리후생관리, 경조사 등 사내 운영 업무 지원- 업무 환경 관리, 비품 구매 및 자산관리시스템 운영[자격 요건]- 최소 3-4년 이상의 관련 업무 경력- 밝고 …\n            더 보기\n            [주요 업무]- 재무, 회계, 세무, 법인결산 업무- 예산 계획, 보고, 집행관리- 회계, 노무, 법률 등 내 외부 파트너와의 커뮤니케이션- 인사 관리, 급여, 4대 보험, 연말 정산 업무- 복리후생관리, 경조사 등 사내 운영 업무 지원- 업무 환경 관리, 비품 구매 및 자산관리시스템 운영[자격 요건]- 최소 3-4년 이상의 관련 업무 경력- 밝고 긍정적인 성격을 소유한 분- 높은 업무 윤리의식을 지닌 분- 배움과 새로운 경험을 두려워하지 않는 분- 정확함과 꼼꼼함, 고급 엑셀 활용 능력을 갖춘 분- 회계 결산 및 세무 분야 경험이 있는 분[우대 사항]- 경영, 경제, 회계 분야 전공자- 예산 · 자금 업무 경력자- 채용, 개발, 평가, 보상 등 인사분야에서의 업무경험 또는 지식- 회계 또는 인사 관련 지식과 스킬 보유[채용 형태와 조건]- 경력 : 3개월 적합성 평가 기간 중 리뷰 및 최종 면담 후 합류 여부 확정- 급여 : 연봉제 3,200~5,500만원. 적합성 평가 기간 급여 모두 정규직과 동일[혜택 및 복지]- 월 최대 35만 원의 선택적 복리후생제도 (Flexible Benefits Plan)- 연 20만 원 건강검진비 추가 지원- 각종 경조 휴가 및 경조금 지원- 장기근속자 만 3년마다 유급 리프레시 휴가 및 휴가비 제공- 실제적인 육아휴직 제도 · 육아기 근로시간 단축 · 가족 돌봄 휴직 지원[상세 채용 프로세스]- 전형 안내: 서류전형 → 전화인터뷰 → 실무/경영진면접 → 처우 협의 → 입사- 전형 과정에서 레퍼런스 체크를 요청할 수 있습니다.- 지원 순으로 먼저 채용 프로세스를 진행하고, 적격자가 있는 경우 채용이 마감될 예정입니다.ㅤ※ 지원 의사가 있으시면 마감일에 관계 없이 지원해주세요.- 입사 지원 서류에서 허위 사실이 발견될 경우 채용이 취소될 수 있습니다.- 본 채용과 관련된 문의사항은 이메일(hiring@tumblbug.com)을 통해 연락주시기 바랍니다.[제출서류]1. [이력서 및 경력기술서] - 상기 자격요건과 우대사항에 관련된 사항을 반드시 기재해주세요.2. [자기소개서] - 아래 문항에 대해 각각 약 500자 내외로 간단하게 작성해주세요:ㅤ① 텀블벅에 지원한 동기 (왜 텀블벅인가요?)ㅤ② 지원자분께서 자신의 일에 대해 갖고 있는 비전 (커리어 목표)ㅤ③ 텀블벅의 개선과 성장을 위해 지원자분이 할 수 있는 일 (채용공고의 주요 업무 및 자격 요건을 충분히 읽고 작성해주세요)ㅤ※ 서류는 1개 PDF 파일로 합하여 제출 부탁드립니다.\n\n            \n              \n                  \n                \n            \n          \n            \n              \n                  \n                \n            \n          \n            \n              \n                  \n                \n            \n          "]}