{"url":"https://www.rocketpunch.com//jobs/69107/%EB%B0%B1%EC%97%94%EB%93%9C-%EA%B0%9C%EB%B0%9C%EC%9E%90","title":"백엔드 개발자","origin":"윙크스톤파트너스","start_date":"02/06 ","newbie":"경력","content":["\n        주요 업무\n                    JAVA (또는 Kotlin) 백엔드 개발\n\n      ","\n        업무 관련 기술 / 활동 분야\n        \n          spring-framework\n          Go\n          Scala\n        \n      ","\n        채용 상세\n                    자격요건(필수)- 백엔드 개발 경력 2년 이상- SPRING 프레임워크 능숙우대사항- 스타트업에 대한 관심과 이해 높으신 분- 금융 관련 서비스 또는 시스템 구축 경험자 (금융업이 아니어도, 정산 등 금융 관련성 있는 경험 있으신 분)- 함수형 언어(Go, Scala 등) 경험자근무환경- (명백하게 불필요한 사양이 아니라면) PC, 모니터, 키보드마…\n            더 보기\n            자격요건(필수)- 백엔드 개발 경력 2년 이상- SPRING 프레임워크 능숙우대사항- 스타트업에 대한 관심과 이해 높으신 분- 금융 관련 서비스 또는 시스템 구축 경험자 (금융업이 아니어도, 정산 등 금융 관련성 있는 경험 있으신 분)- 함수형 언어(Go, Scala 등) 경험자근무환경- (명백하게 불필요한 사양이 아니라면) PC, 모니터, 키보드마우스 등 원하는 사양으로 제공- 현재 위치 서울 강남구 역삼역 아크플레이스 소재 위워크 근무 중- 스톡옵션 부여 가능- (스톡옵션 양과 무관하게) 직전에 받던 연봉 대비 무조건 높은 연봉 제시- 점심식사 제공, 야근의 경우 야근식대 및 교통비 지원, 성과급 제도- 건강관리 및 자기계발 지원 (1인당 연간 240만원 한도)\n\n            \n              \n                  \n                \n            \n          \n            \n              \n                  \n                \n            \n          "]}