{"url":"https://www.rocketpunch.com//jobs/65265/Seoul-We-are-hiring-Technical-Assistant%EB%A5%BC-%EC%88%98%ED%96%89%ED%95%A0-%EC%9D%98%EC%82%AC%EC%86%8C%ED%86%B5%EA%B3%BC-%EA%B8%B0%EC%88%A0%EB%8A%A5%EB%A0%A5%EC%9D%B4-%EB%9B%B0%EC%96%B4%EB%82%9C-%EC%9E%AC%EB%8A%A5-%EC%9E%88%EB%8A%94-%EA%B8%B0%EC%88%A0%EC%9E%90","title":"[Seoul] We are hiring! Technical Assistant를 수행할 의사소통과 기술능력이 뛰어난 재능 있는 기술자","origin":"비트홀라","start_date":"11/06 ","newbie":"인턴신입경력","content":["\n        주요 업무\n        Technical AssistantWe are looking for a talented engineer with good communication and technical skills with computer.\n      ","\n        업무 관련 기술 / 활동 분야\n        \n          computer-engineering\n          computer-science\n          Problem solving\n          communication\n          ecmascript-6\n          REST API\n          client-server\n          amazon cloud service\n        \n      ","\n        채용 상세\n        The candidate must:  * Hold a bachelor degree.  * Demonstrate problem solving abilities in computer science.  * Able to communicate issues and problems.  * Good at speaking and dealing with client.  * JavaScript ECMA6.  * Cloud services (AWS) and Docker.  * Understand client-server architecture, REST APIs and websocket communication.  * Able to communicate in English.  * Only for Korean nationals or permenant residents in Korea."]}