{"url":"https://www.rocketpunch.com//jobs/66111/Senior-Marketer%ED%8C%80%EC%9E%A5","title":"Senior Marketer(팀장)","origin":"핀다","start_date":"02/07 ","newbie":"경력","content":["\n        주요 업무\n                    -B2C 마케팅 실행 총괄   -프로덕트, 경영진 등과 활발하게 소통하며 전사 마케팅 전략 수립 -마케팅팀을 구축하고 해당 팀을 리드\n\n      ","\n        업무 관련 기술 / 활동 분야\n        \n          브랜드마케팅\n          온라인마케팅\n        \n      ","\n        채용 상세\n                    자격요건-소규모/대규모와 상관없이 최소 2년 이상의 마케팅 리드 역할을 수행해보신 분 -마케팅 가설에 대한 Build \u003e Experiment \u003e Learn Loop에 대한 업무를 관리 감독만하지 않고 직접 실행하며 리드할 수 있는 분   -그로스 엔지니어와 함께 프로덕트 그로스 해킹까지의 협업 업무를 잘 이끌어 내시는 분우대사항-국내 B2…\n            더 보기\n            자격요건-소규모/대규모와 상관없이 최소 2년 이상의 마케팅 리드 역할을 수행해보신 분 -마케팅 가설에 대한 Build \u003e Experiment \u003e Learn Loop에 대한 업무를 관리 감독만하지 않고 직접 실행하며 리드할 수 있는 분   -그로스 엔지니어와 함께 프로덕트 그로스 해킹까지의 협업 업무를 잘 이끌어 내시는 분우대사항-국내 B2C 앱 마케팅 경험을 통해 성공/실패의 경험이 뚜렷하게 있는 분-새로운 제품이나 기능을 출시하여 회사 및 제품 인지도가 높아진 경험이 있는 분-직접 실행하면서 배움과 성장을 만들어내는 마인드셋을 갖고 계신 분\n"]}