{"url":"https://www.rocketpunch.com//jobs/67987/%EC%97%94%EB%9D%BC%EC%9D%B4%EC%A6%88-%EC%9C%84%ED%94%BC%EB%A1%9C-%EB%8D%94-%ED%81%B0-%EC%8B%9C%EC%9E%A5%EC%9D%84-%EB%A7%8C%EB%93%A4%EC%96%B4-%EA%B0%88-%EA%B5%AD%EB%82%B4-%EB%A7%88%EC%BC%80%ED%8C%85-%EB%8B%B4%EB%8B%B9%EC%9E%90%EB%A5%BC-%EB%AA%A8%EC%8B%AD%EB%8B%88%EB%8B%A4","title":"[엔라이즈] 위피로 더 큰 시장을 만들어 갈 국내 마케팅 담당자를 모십니다.","origin":"위피","start_date":"02/04 ","newbie":"인턴신입경력","content":["\n        주요 업무\n                    위피 서비스의 국내 시장 퍼포먼스 마케팅- 국내 시장 분석 및 마케팅 분석- 바이럴 콘텐츠, 퍼포먼스 콘텐츠를 기반으로 한 효율 중심의 다양한 실험- 실험에 대한 실패가 주요 업무일 수 있습니다. - 캠페인 효과 분석 후 결론을 도출하고 반영\n\n      ","\n        업무 관련 기술 / 활동 분야\n        \n          온라인마케팅\n          디지털마케팅\n          소셜마케팅\n          인스타그램\n          콘텐츠마케팅\n          모바일광고\n          페이스북\n          앱마케팅\n          동영상제작\n          바이럴마케팅\n          YouTube\n        \n      ","\n        채용 상세\n                    사람을 새로운 방식으로 연결하는 위피는 국내 시장의 1위가 아닌 새로운 시장을 만들어 가기를 원합니다. 따라서 이런 분이 지원하셨으면 좋겠습니다.- 내가 하면 위피 광고를 기존보다 훨씬 잘 할 수 있다고 생각하시는 분- 동종 분야에서 최고의 마케팅 경험을 해 보고 싶은 분- 나아가 기존의 인식을 벗어나 새로운 브랜드 포지셔닝을 해 보고 싶은 분담당업…\n            더 보기\n            사람을 새로운 방식으로 연결하는 위피는 국내 시장의 1위가 아닌 새로운 시장을 만들어 가기를 원합니다. 따라서 이런 분이 지원하셨으면 좋겠습니다.- 내가 하면 위피 광고를 기존보다 훨씬 잘 할 수 있다고 생각하시는 분- 동종 분야에서 최고의 마케팅 경험을 해 보고 싶은 분- 나아가 기존의 인식을 벗어나 새로운 브랜드 포지셔닝을 해 보고 싶은 분담당업무- 위피 서비스의 국내 퍼포먼스 운영- 콘텐츠 기획/분석- 데이터 기반의 광고 효율 최적화 - 캠페인 분석 후 결과 도출 및 반영자격요건- 세상의 진짜 데이터를 보고 싶어하시는 분, 따라서 숫자를 좋아하시는 분- 내가 진짜 집요함은 일가견이 있다고 하시는 분, 예를 들면 숫자의 변화에 분노와 희열을 느끼실 수 있는 분- 퍼포먼스에 활용되는 콘텐츠를 보고 같이 웃고, 욕(?)하고, 공감을 느낄 줄 아시는 분(+ 영화와 음악, 드라마를 좋아하시는 분이면 더욱 좋습니다.)- '세상에서 가장 안전한 것은 변화하는 것이다.'라는 생각에 동의하시는 분* 엔라이즈에는 신입이나 인턴이 오셔도 최소 1년, 최대 2년 안에 국내 최고 수준의 퍼포먼스 마케터가 될 수 있는 문화가 있다 자신합니다. (근거 있음)* 저희에게 부족한 점을 더 해 주셔도 충분히 받아들일 수 있는 문화가 있다 자신합니다. (썰 많음)우대사항- 소셜 데이팅 어플을 포함한 어플리케이션 다경험자 혹은 중독자(?)- 영어, 일본어, 중국어 가능자 우대\n"]}