{"url":"https://www.rocketpunch.com//jobs/68227/UXUI-%EB%94%94%EC%9E%90%EC%9D%B4%EB%84%88","title":"UX/UI 디자이너","origin":"웬즈데이커머스","start_date":"01/31 ","newbie":"신입경력","content":["\n        주요 업무\n        - PC/Mobile 웹디자인 및 어플리케이션 UI디자인- SNS 콘텐츠 제작- 베베티움 브랜디을 위한 다양한 디자인작업 및 아트디렉팅* 파주출판도시에 위치(합정역 2200번 출발-자유로-도착 25분)** 도심의의 갑갑함을 벗어나 드넓은 한국의 실리콘벨리같은 신사옥의 근무 여건은 덤!\n      ","\n        업무 관련 기술 / 활동 분야\n        \n          UI/UX디자인\n          Adobe Illustrator\n          Adobe Photoshop\n          Sketch\n          웹디자인\n          콘텐츠디자인\n          서비스디자인\n        \n      ","\n        채용 상세\n        담당업무- UX/UI(고객 경험, 인터페이스) 디자인- 서비스 유지 보수 디자인- 컨텐츠, 마케팅 자료 등 디자인 전반 업무- HTML/CSS 웹 퍼블리싱(가능하신 분)자격요건- 포토샵 / 일러스트 / 스케치 등 디자인 툴 사용 가능.- App/Web 서비스 UI/GUI 디자인 및 UI 가이드 경험- Web UI에 대한 이해(HTML/CSS/JS기초)우대사항- 새로 개발하는 서비스의 기획부터 개발까지 전 과정에 참여하는 경험을 하고 싶으신 분- 타 팀과의 협업과 소통을 잘하시는 분- 스타트업 근무 경험이 있는 분- Sketch, Zeplin, Figma 등의 툴 사용이 능숙하신 분- App/Web 서비스 출시 유경험자\n            \n              \n                  \n                \n            \n          \n            \n              \n                  \n                \n            \n          \n            \n              \n                  \n+1                \n            \n          \n            \n              \n                  \n                \n            \n          "]}