{"url":"https://www.rocketpunch.com//jobs/39663/%EB%94%A5%EB%9F%AC%EB%8B%9DNLP-%EC%97%94%EC%A7%80%EB%8B%88%EC%96%B4-%ED%92%80%ED%83%80%EC%9E%84%EB%A6%AC%EB%AA%A8%ED%8A%B8%EC%9D%B8%ED%84%B4%EC%8B%AD-%EA%B0%80%EB%8A%A5-%EC%82%B0%EC%97%85%EA%B8%B0%EB%8A%A5%EC%9A%94%EC%9B%90%EB%B3%B4%EC%B6%A9%EC%97%AD-%EA%B0%80%EB%8A%A5","title":"딥러닝/NLP 엔지니어 [풀타임/리모트/인턴십 가능] / 산업기능요원(보충역) 가능","origin":"플랫팜","start_date":"02/14 ","newbie":"인턴신입경력","content":["\n        주요 업무\n                    인공지능 기반의 이모티콘 솔루션 mojitok 에서3억+ User들이 사용하는 프로덕트를 함께 만들 멤버를 찾아요!*주요업무*Text 기반의 검색/자연어처리(NLP)/추천 시스템 모델링 및 품질 고도화Text 분류 및 Text에서의 감정/주제 등 추출Text의 문맥 파익 및 대화 generation\n\n      ","\n        업무 관련 기술 / 활동 분야\n        \n          Machine Learning \n          딥러닝\n          머신러닝\n          인공지능\n          TensorFlow\n          image-recognition\n          recommendation\n          Data Science\n          NLP\n          Natural Language Processing\n        \n      ","\n        채용 상세\n                    인공지능 기반의 이모티콘 솔루션 mojitok 에서3억+ User들이 사용하는 프로덕트를 함께 만들 멤버를 찾아요!모히톡은 이모티콘 스토어 솔루션으로, 문장을 기반으로 이모티콘을 추천해주는 기능등을 제공합니다.이모티콘 사용자 경험UX을 혁신하는 B2B 라이브 이모티콘 솔루션과 영상 그래픽 툴을 기반으로미국과 아시아를 넘어 글로벌 시장을 개척하는 스타…\n            더 보기\n            인공지능 기반의 이모티콘 솔루션 mojitok 에서3억+ User들이 사용하는 프로덕트를 함께 만들 멤버를 찾아요!모히톡은 이모티콘 스토어 솔루션으로, 문장을 기반으로 이모티콘을 추천해주는 기능등을 제공합니다.이모티콘 사용자 경험UX을 혁신하는 B2B 라이브 이모티콘 솔루션과 영상 그래픽 툴을 기반으로미국과 아시아를 넘어 글로벌 시장을 개척하는 스타트업 입니다.mojitok을 만드는 플랫팜에 대한 더 많은 이야기는팀블로그 http://medium.com/platfarm 와소개 링크 https://www.rocketpunch.com/companies/platfarm 에서 만나보실 수 있습니다.◙ 주요업무• Text 기반의 검색/자연어처리(NLP)/추천 시스템 모델링 및 품질 고도화• Text 분류 및 Text에서의 감정/주제 등 추출• Text의 문맥 파익 및 대화 generation◙ 자격요건• stanford CS231n 등의 온라인 강의 1강좌 이상 완강• pytorch, tenforflow 구현 경험• 1년 이상의 프로그래밍 경험 또는 딥러닝 학습◙ 우대사항• ML, AI, 통계 등 관련 분야 전공자(석사 이상) 혹은 준하는 실력• 논문을 읽고 프로토타이핑을 해본 경험• 검색/추천 시스템에 대한 관심과 이해• Language/Image Processing/Understanding 전공/경험• game.mojitok.com 에서 결과 상위 5% 이상이신 분 특별 우대◙ 급 여(기술 수준과 경험에 따라 협상 가능)◙ 기업 문화호칭통일 (ㅇㅇ님)자유로운 대화/토론 즐겁게 일하는 분위기 조성 (귀염문화팀 존재, 기업문화팀 X)https://www.theteams.kr/teams/577◙ 혜택 및 복지 4대 보험세미나, 강의 수강 / 도서 구매 등 교육비 지원 개인 장비 지원 (맥북 프로, 고프로 등)단체 해외 워크샵 (하와이, 호치민 다녀왔어요!)◙ 인재상빠른 러닝커브 지향주도적 업무 진행 지향원활한 협업을 위한 커뮤니케이터 지향 ◙ 근무 형태주 5일 근무제, 유연 출퇴근원격근무, 프리랜서 가능◙ 기타개인 성장을 위한 네트워크 연결 기회 제공 회사 위치 : 서울특별시 마포구 양화로 147 위워크(홍대) 4층https://map.naver.com/local/siteview.nhn?code=1237965295\n"]}