{"url":"https://www.rocketpunch.com//jobs/70271/%EC%A7%80%EA%B5%AC%EC%9D%B8%EC%BB%B4%ED%8D%BC%EB%8B%88-%EC%A0%95%EC%82%B0-%EB%B0%8F-%ED%9A%8C%EA%B3%84-%EB%8B%B4%EB%8B%B9%EC%9E%90-%EC%B1%84%EC%9A%A9","title":"[지구인컴퍼니] 정산 및 회계 담당자 채용","origin":"지구인컴퍼니","start_date":"03/01 ","newbie":"경력","content":["\n        주요 업무\n                    - 장부 기장 및 회계/ 자금 결산 / 정산- 각종 세무 신고- 지출 증빙 관리- 비품 및 자산관리, 문서관리 등 기타 지원업무- 외부 세부기장 담당해주는 세무사 사무실과 협업- 정부지원사업 공고 확인 및 신청금 지원\n\n      ","\n        업무 관련 기술 / 활동 분야\n        \n          회계\n          경영지원\n          재무\n          세무\n          결산\n          재무회계\n          세무신고\n          경리\n          회계/세무\n          경영관리\n          사무\n          기장\n          더존smartA\n          더존\n          재무관리\n          자금관리\n          회계\n          법인세\n        \n      ","\n        채용 상세\n                    담당업무- 장부 기장 및 회계/ 자금 결산 / 정산- 각종 세무 신고- 지출 증빙 관리- 비품 및 자산관리, 문서관리 등 기타 지원업무- 외부 세부기장 담당해주는 세무사 사무실과 협업- 정부지원사업 공고 확인 및 신청금 지원자격요건-이커머스 혹은 제조 분야에서 정산 및 회계 업무 3~5년 이상 경험을 보유하신 분우대사항- 전산회계, 세무회계 자격증 …\n            더 보기\n            담당업무- 장부 기장 및 회계/ 자금 결산 / 정산- 각종 세무 신고- 지출 증빙 관리- 비품 및 자산관리, 문서관리 등 기타 지원업무- 외부 세부기장 담당해주는 세무사 사무실과 협업- 정부지원사업 공고 확인 및 신청금 지원자격요건-이커머스 혹은 제조 분야에서 정산 및 회계 업무 3~5년 이상 경험을 보유하신 분우대사항- 전산회계, 세무회계 자격증 소지자- 이카운트 ERP 또는 경리나라 또는 더존 사용 경험 있는 자\n\n            \n              \n                  \n                \n            \n          "]}