{"url":"https://www.rocketpunch.com//jobs/70260/%EB%B0%B1%EC%97%94%EB%93%9C-%EC%84%9C%EB%B2%84-%EA%B0%9C%EB%B0%9C%EC%9E%90","title":"백엔드 서버 개발자","origin":"인코위즈","start_date":"03/01 ","newbie":"인턴신입경력","content":["\n        주요 업무\n                    IoT 스마트 가전 프로젝트의 AWS 서버단 개발 스마트 팩토리, 리테일, 금융, 시티, 빌딩 데이터 시각화의  IoT 빅데이터 처리 \u0026 머신러닝 알고리즘 연동\n\n      ","\n        업무 관련 기술 / 활동 분야\n        \n          Java\n          jQuery\n          MySQL\n          Node.js\n          Amazon AWS\n          Front-end\n          풀스택개발\n          Back-end\n          서버관리\n          Python\n        \n      ","\n        채용 상세\n                    담당업무- IoT 가전 프로젝트향 AWS 벡엔드 개발 - 기획/마케팅, VX팀과 데이터 시각화 플랫폼 연동을 위한 서버단을 AWS로 개발 - IoT 시각화를 위한 대시보드 연동 서버 개발 - IoT 플랫폼 개발 (가전제품, 애플리케이션 연동) 자격요건- Amazone web service를 이용한 서비스 빌드 및 배포 경험 - Node JS 벡엔드 …\n            더 보기\n            담당업무- IoT 가전 프로젝트향 AWS 벡엔드 개발 - 기획/마케팅, VX팀과 데이터 시각화 플랫폼 연동을 위한 서버단을 AWS로 개발 - IoT 시각화를 위한 대시보드 연동 서버 개발 - IoT 플랫폼 개발 (가전제품, 애플리케이션 연동) 자격요건- Amazone web service를 이용한 서비스 빌드 및 배포 경험 - Node JS 벡엔드 개발 - 웹서비스 (http등)에 대한 이해 - API 서버 개발 혹은 연동 경험우대사항- Java 개발 경험자  - SQL, NoSQL 및 시계열 데이터 베이스 연동 - 비즈니스 요구사항에 따른 DB설계, 운영 경험 - 오픈소스, 프레임웍 활용,WAS 경험자 - git 및 프로젝트 세팅/ 배포/ 운영 경험이 있으신분- 새로운 기술을 익히는것에 대한 거부감이 없고 즐기는 분 - 기획자, 디자이너 및 백엔드 담당 부서와 원할한 소통이 가능한 분 - 주체적으로 일을 만들고 책임감 있게 리드 하시는 분 - 동료간에 원할하게 긍정적인 피드백을 주실 수 있는 분\n"]}