{"url":"https://www.rocketpunch.com//jobs/68259/Head-of-TMTalent-Management","title":"Head of TM(Talent Management)","origin":"패스트캠퍼스","start_date":"02/28 ","newbie":"경력","content":["\n        주요 업무\n                    패스트캠퍼스는 성인 대상의 다양한 교육 콘텐츠를 제공하는 대한민국 No.1 교육 스타트업입니다.오프라인에서 온라인까지, B2C에서 B2B까지, 직무교육에서 취미스킬까지,학습 방법과 분야를 끊임없이 확장하며 다양한 학습자의 필요를 만족시키는 모든 교육 콘텐츠를 제공하고자 노력하고 있습니다.이를 통해 6년 전, 4명의 팀원으로 시작했던 패스트캠퍼스는 아…\n            더 보기\n            패스트캠퍼스는 성인 대상의 다양한 교육 콘텐츠를 제공하는 대한민국 No.1 교육 스타트업입니다.오프라인에서 온라인까지, B2C에서 B2B까지, 직무교육에서 취미스킬까지,학습 방법과 분야를 끊임없이 확장하며 다양한 학습자의 필요를 만족시키는 모든 교육 콘텐츠를 제공하고자 노력하고 있습니다.이를 통해 6년 전, 4명의 팀원으로 시작했던 패스트캠퍼스는 아무도 예상하지 못했던 유일무이한 성장을 보여주며 이제 100여 명의 동료와 함께하고 있습니다.이러한 성장을 가능하게 하는 것은 패스트캠퍼스 구성원들의 치열한 성장 욕구입니다.어떤 직무 분야를 모집 중인지 확인해보세요!패스트캠퍼스와 함께 교육 시장에서 혁신을 이끌어나갈 당신을 기다리고 있습니다.https://www.fastcampus.co.kr/info/recruiting/\n\n      ","\n        업무 관련 기술 / 활동 분야\n        \n          인사\n          HRM\n          조직문화\n          인사관리\n          HRM HRD\n          인재개발\n          노무\n          내부브랜딩\n          평가보상\n          기업문화\n          인사기획\n        \n      ","\n        채용 상세\n                    Head of TM[업무범위]• HRM, HRD를 아우르는 패스트캠퍼스 인사분야 총괄 • 구성원들의 학습과 성장을 위해 채용, 교육, 노무, 평가, 조직문화, 복리후생에 이르기까지 각 인사영역에서 조직에 필요한 어젠다를 선제적으로 발굴/기획 • 조직에 효과적인 제도 셋업 및 운영 관리 총괄 [필요역량]• 채용, 평가보상, 교육, 조직문화 등 전반적인…\n            더 보기\n            Head of TM[업무범위]• HRM, HRD를 아우르는 패스트캠퍼스 인사분야 총괄 • 구성원들의 학습과 성장을 위해 채용, 교육, 노무, 평가, 조직문화, 복리후생에 이르기까지 각 인사영역에서 조직에 필요한 어젠다를 선제적으로 발굴/기획 • 조직에 효과적인 제도 셋업 및 운영 관리 총괄 [필요역량]• 채용, 평가보상, 교육, 조직문화 등 전반적인 HR 업무 수행 경험 • 변화하는 조직 내외부 환경과 니즈에 맞추어 인사제도를 유연하고 주도적으로 기획/개선한 경험  • 인하우스 인사 담당자 10~20년 이내(스타트업 인사총괄 팀장급 수행 경력 3년 이상 필수)  [우대사항]• 스타트업 또는 고속성장하는 조직에 대한 높은 이해도 • 100인 이상 스타트업 경험 우대 • 특정영역만 다룬 HR specialist 보다는 HR 전반을 이해하고 있는 HR generalist\n"]}