{"url":"https://www.rocketpunch.com//jobs/68373/Fullstack-Engineer","title":"Fullstack Engineer","origin":"글로벌리어","start_date":"12/13 ","newbie":"경력","content":["\n        주요 업무\n        글로벌리어의 Dev Team에 소속되어 풀스택 개발을 담당합니다. 미국과 한국에 있는 UI/UX 디자이너, 프론트엔드/백엔드 개발자뿐만 아니라, 운영팀과도 협업하여 최적의 여행 경험을 전달하기 위한 개발을 수행하게 됩니다!글로벌리어는 전 세계 사용자들로부터 수집되는 수많은 데이터를 분석하고, 새로운 기술을 적용하며 여행의 가치를 높여주는 혁신적인 여행 플랫폼을 만들어가고 있습니다.\n      ","\n        업무 관련 기술 / 활동 분야\n        \n          풀스택개발\n          JavaScript\n          Back-end\n          Front-end\n          서버관리\n          Node.js\n          React\n          Amazon AWS\n          소프트웨어아키텍처\n          Google Cloud Platform (GCP)\n          MySQL\n        \n      ","\n        채용 상세\n        담당업무:- 백엔드 API개발- DB셋업, 서버/인프라 구축- 프런트와 API 연동- 클라우드 / 서버 아키텍처 설계- 룰 기반 운영시스템 개발 (자동 주문 구분, 자동화 챗봇 C/S 등)자격요건- 효율적인 백엔드 개발을 위한 기술스택 선택 및 개발이 가능한 분- Node.JS, Python, Google Cloud Platforms, AWS 에 대한 이해가 깊은 분- 데이터 모델링에 익숙하신 분- Git 과 같은 버전관리 시스템에 익숙한 분- 백엔드에 대한 테스트 코드 작성 및 효율적 테스트에 대한 고민을 하시는 분우대사항- 풀스텍 개발 경력- 5년 이상의 경력- Agile Process 에 대한 이해 및 경험- Google Cloud Platforms / AWS 등의 클라우드 환경에서 서비스 운영 경험이 있는 분- 앱 서비스 개발 및 상용화 경험- MSA 기반 시스템 개발 경험- API 서버 개발 및 운영 경험- Micro Sevice Architecture 경험- 대용량 트래픽 경험- Elastic search 경험"]}