{"url":"https://www.rocketpunch.com//jobs/70167/%EB%B9%85%EB%8D%B0%EC%9D%B4%ED%84%B0-AI-%EC%9C%A0%ED%86%B5-%EC%A0%84%EB%AC%B8%EB%B2%95%EC%9D%B8-%EC%A3%BC%EC%8B%9D%ED%9A%8C%EC%82%AC-%ED%95%B4%EB%93%A0%EC%95%B0%EC%95%A4%EC%94%A8%EC%99%80-%EC%84%B1%EC%9E%A5%EC%9D%84-%EC%96%B4%EC%9A%B0%EB%A6%AC%ED%95%A0-%EA%B5%AC%EC%84%B1%EC%9B%90%EC%9D%84-%EB%AA%A8%EC%A7%91%ED%95%A9%EB%8B%88%EB%8B%A4","title":"[빅데이터, AI] 유통 전문법인 '주식회사 해든앰앤씨'와 성장을 '어우리'할 구성원을 모집합니다.","origin":"(주)해든앰앤씨","start_date":"02/27 ","newbie":"신입경력","content":["\n        주요 업무\n                    #무엇을 개발하나요?해든앰앤씨는 유통 상품DB, 거래 빅데이터를 기반으로 트렌드를 분석하여 B2B 구매 담당자에게 최적의 상품을 추천해주는 솔루션을 개발하고 있습니다.#어떤 일을 하나요?빅데이터 트렌드 분석 및 상품 추천 알고리즘을 구현하는 개발 업무를 담당하게됩니다.\n\n      ","\n        업무 관련 기술 / 활동 분야\n        \n          빅데이터 분석/인프라/가시화\n          추천시스템\n        \n      ","\n        채용 상세\n                    1. 모집부분(분야)- 시스템 개발자 (빅데이터 분석 \u0026 AI큐레이션 플랫폼)2. 자격요건- 회사와 본인의 비전이 동기화되어- 규칙을 지키고- 즐겁고 조화롭게 근무하며- 지속적인 학습을 통해- 성장의 과실을 향유하고 싶은 자3. 우대사항- Tool(AWS, R, 텐서플로우 등) 사용 경험- 프로젝트 참여- 업무 센스 및 배려하는 태도- 코딩 …\n            더 보기\n            1. 모집부분(분야)- 시스템 개발자 (빅데이터 분석 \u0026 AI큐레이션 플랫폼)2. 자격요건- 회사와 본인의 비전이 동기화되어- 규칙을 지키고- 즐겁고 조화롭게 근무하며- 지속적인 학습을 통해- 성장의 과실을 향유하고 싶은 자3. 우대사항- Tool(AWS, R, 텐서플로우 등) 사용 경험- 프로젝트 참여- 업무 센스 및 배려하는 태도- 코딩 테스트4. 회사소개 (검색창에 ‘해든앰앤씨’를 입력 해 보세요)＃ 해든앰앤씨는 ’함께’ 가요. 회사의 발전과 구성원 개개인의 성장이 조화를 이루는 것이 우리의 핵심 가치입니다. 그래서 직무역량 뿐만 아니라 자기계발, 다양한 조직문화 활동들을 지원합니다.＃ ‘어우리 성과 만들기’, 이게 우리가 일하는 방식이에요. (※어우리 : 함께 나누다)‘정답’은 정해져 있는 것이 아니라 ‘만들어 가는 것’이라는 사실을 깨달을 때 한 단계 성숙할 수 있다고 해요. 구성원으로서 최대한의 존중 받으며, 위임된 권한을 바탕으로 성과를 창출하고, 함께 향유해요.＃‘고객과 함께 새로운 가치 생태계 조성’을 비전으로, 세부적으로 이런 일을 해요.1) 유통실무 - (Off-Line) B2B 유통, (On-Line) 복지몰, (Mobile)모바일 쿠폰- 롯데, 현대, 신세계, GS, 삼성, LG, SK, 대명, 자생, 동성그룹, 영풍그룹 등   800여 곳의 파트너사와 함께 합니다.- 폴스부띠끄, 갑스(Gabs), 아리얼, 타미힐피거 등 18개 브랜드 총판권 보유 2) 스타트업, 유통 플랫폼 ‘Ai-q’- 특판 유통 AI 큐레이션 \u0026 스튜어드십 서비스 ‘Aidis’- 소비자 아이디어 \u0026 전문가 솔루션 매칭 O2O플랫폼 ‘IdeAp’3) 유통 교육- 고용노동부 ‘데이터 기반 유통ㆍ물류ㆍMD 실무자 양성과정’- 유통 실전노하우 공유 ‘유통 스쿨’ - 삼성멀티캠퍼스, 동국대학교, 한국경제신문 아카데미와 함께 합니다.# 주요 실적은요,- 돈 버는 2살 된 스타트업이에요 (‘19 취급매출 25억, 경상이익 2억)- 기술신용평가 TCB 4등급 기술역량 우수기업인증- ’Aidis‘ 스튜어드십, 폐쇄몰 독점운영 계약 체결((주)아이앤티파트너스)- ’IdeAp‘ 상품개발 및 런칭(빌트인 스타일러, 슈니미니, U+거치대 외)- 유진그룹 임원 및 관리자 교육프로그램 ’유통스쿨‘ 기획(멀티캠퍼스)- 청년취업아카데미 ’유통ㆍ물류ㆍMD 실무자 양성과정‘ 운영(한국경제신문)- ’19 Quantum-X IR DAY 우수상 수상- A-Stream ‘19 in Shenzhen, 아시아 스타트업 컨퍼런스 최종라운드 진출 - 창업진흥원 초기창업패키지 운영기관 (아이디어-솔루션 O2O 플랫폼) 외추가로 궁금한 사항이 있는 분들은 070-7562-2820으로 편하게 연락주세요. 고맙습니다.\n"]}