{"url":"https://www.rocketpunch.com//jobs/52154/%EC%84%9C%EB%B2%84-%EA%B0%9C%EB%B0%9C%EC%9E%90-NodeJS","title":"서버 개발자 (Node.JS)","origin":"라이프오버플로우 (미세미세)","start_date":"01/29 ","newbie":"경력","content":["\n        주요 업무\n                    미세미세 서버 \u0026 웹싸이트 당담날씨날씨 서버 \u0026 웹싸이트 당담\n\n      ","\n        업무 관련 기술 / 활동 분야\n        \n          Node.js\n          JavaScript\n          Amazon AWS\n          Back-end\n          React\n          Front-end\n          서버관리\n          CTO\n          Amazon DynamoDB\n          AWS Dynamodb\n          Amazon EC2\n          aws-ec2\n          async-await\n          Javascript(ES6)\n          AWS Lambda\n        \n      ","\n        채용 상세\n                    담당업무• 미세미세 백엔드 설계 및 개발 • 미세미세 웹싸이트 설계 및 개발• 날씨날씨 백엔드 설계 및 개발 • 날씨날씨 웹싸이트 설계 및 개발• 신규 비지니스 백엔드 설계 및 개발자격요건• NodeJS 서버 개발 경험 (EC6, Async/Await)• AWS 기반 인프라를 통해 실 서비스를 제공해본 경험 (EC2, Lambda, DynamoDB,…\n            더 보기\n            담당업무• 미세미세 백엔드 설계 및 개발 • 미세미세 웹싸이트 설계 및 개발• 날씨날씨 백엔드 설계 및 개발 • 날씨날씨 웹싸이트 설계 및 개발• 신규 비지니스 백엔드 설계 및 개발자격요건• NodeJS 서버 개발 경험 (EC6, Async/Await)• AWS 기반 인프라를 통해 실 서비스를 제공해본 경험 (EC2, Lambda, DynamoDB, S3 중 하나 이상 사용 경험)• 웹페이지 개발 경험• 단위 / 통합 테스트의 이해 및 견고한 코드 작성 능력우대사항• Micro-service architecture 설계, 관련 시스템 개발, 실 서비스 적용 경험 (Lambda)• 스타트업 업무 경험• 순발력과 빠른 판단을 통한 문제 해결 능력• 변화를 두려워하지 않고 기술적으로 계속 성장하고자 하는 분필수조건• 비흡연자 - 깨끗한 환경을 추구하는 만큼 비흡연자와 같이 하길 희망합니다.\n"]}