{"url":"https://www.rocketpunch.com//jobs/68999/%ED%95%80%ED%85%8C%ED%81%AC-%EA%B8%B0%EC%88%A0%EA%B0%9C%EB%B0%9C-%EB%B0%8F-%EC%86%94%EB%A5%98%EC%85%98-%EC%84%9C%EB%B9%84%EC%8A%A4-%ED%9A%8C%EC%82%AC%EC%9D%98-%ED%94%84%EB%A1%A0%ED%8A%B8-%EA%B0%9C%EB%B0%9C%EC%9E%90-%EB%B0%B1%EC%97%94%EB%93%9C-%EA%B0%9C%EB%B0%9C%EC%9E%90-%EA%B0%81%EA%B8%B0-%EC%B1%84%EC%9A%A9","title":"핀테크 기술개발 및 솔류션 서비스 회사의 프론트 개발자 \u0026 백엔드 개발자 각기 채용","origin":"AIMS International Korea","start_date":"02/04 ","newbie":"경력","content":["\n        주요 업무\n                    ☞ 채용회사 소개: 글로벌 금융 플랫폼으로 발전하고 있는 암호화폐 거래소, 2) 백만 유저 이상과 접접을 가지는 기업들의 블록체인 도입 컨설팅, 3) POS 블록체인 프로젝트의 검증인(validator) 운영, 4) 글로벌 블록체인 전문가와 함께 하는 세계 최대 블록체인 컨퍼런스의 기획/운영 참여, 5) 글로벌 블록체인 산업네트워크 운영 ▶ 스타트업…\n            더 보기\n            ☞ 채용회사 소개: 글로벌 금융 플랫폼으로 발전하고 있는 암호화폐 거래소, 2) 백만 유저 이상과 접접을 가지는 기업들의 블록체인 도입 컨설팅, 3) POS 블록체인 프로젝트의 검증인(validator) 운영, 4) 글로벌 블록체인 전문가와 함께 하는 세계 최대 블록체인 컨퍼런스의 기획/운영 참여, 5) 글로벌 블록체인 산업네트워크 운영 ▶ 스타트업 회사로 창업한지 1년도 안되어 직원이 50명에 이르는 급성장을 해 왔으며    스타트업 회사에서의 생활이 고된 부분도 많이 있지만,    여러 멋지고 신나는 경험들을 함께 하며 성장할 수 있습니다.   블록체인 산업에서 성장하고 싶다면 본 회사를 꼭 택해야 할 이유가 너무 많습니다.▶ 기존 개발자들은 카카오 키움 게임회사 등 최고의 IT 기업 출신들로 구성되어 있습니다.▶ 근무지: 강남역 부근\n\n      ","\n        업무 관련 기술 / 활동 분야\n        \n          Java\n          Node.js\n          Python\n          MySQL\n          Maria DB\n          Redis\n          RESTful-api\n          webpack \u0026 babel\n          npm\n          Back-end\n          Front-end\n        \n      ","\n        채용 상세\n                    갖고 계신 최신 상태의 이력서 송부(MS 워드 형식) 또는 당사 양식의 이력서(요청시 송부)이력서 내 필수항목 : 핵심역량 / 각 근무회사 마다 세부 경력기술 (주요 업무/업무성과/이직사유)                           현재 연봉 및 희망 연봉 / 근무 가능 일지 / 교육 및 자격 사항 / 자기 소개서 #1. 포지션 : 프론트엔드 …\n            더 보기\n            갖고 계신 최신 상태의 이력서 송부(MS 워드 형식) 또는 당사 양식의 이력서(요청시 송부)이력서 내 필수항목 : 핵심역량 / 각 근무회사 마다 세부 경력기술 (주요 업무/업무성과/이직사유)                           현재 연봉 및 희망 연봉 / 근무 가능 일지 / 교육 및 자격 사항 / 자기 소개서 #1. 포지션 : 프론트엔드 개발자 [주요업무] GDAC () Front-Endgdac.com개발 [자격요건]* 웹, 모바일 프론트 개발 2년 이상 * NodeJs, React 서비스 개발 경험 * HTML5, CSS, SCSS에 대한 높은 이해도 * 꼼꼼한 성격, 높은 커뮤니케이션 스킬 [우대사항 (필수아님)]* Restful API를 이용한 개발 경험 * Babel, Webpack, NPM등 프론트엔드 개발툴 사용 경험 * Back-End에 대한 이해력===================================================================#2. 포지션: 백엔드 개발자[주요업무]* 백엔드 시스템 개발 * 결제,정산,백오피스 서비스 개발 [자격요건]* Java / Java Spring Framework / Java Spring Boot 백엔드 개발 경력 3년 이상 * JPA, Security, Restful API 등 인터넷 서비스 개발 경험 * AWS 환경에서의 개발 경험 * Mysql, Maria 등 DB Application 개발 경험 [우대사항 (필수아님)] * Java / Java Spring Framework 경험 * Node.js 경험 * 암호화폐 및 블록체인 유관 경험 * Linux 환경에서 개발 / 스템 운영 경험 * Micro service architecture 기반의 대용량 서비스 개발 경험 * 멀티 쓰레딩, 비동기 기반 서비스 개발 경험 * Java, Node, Python 등 언어 실무 경험이나 다양한 언어 사용에 부담 없는 분 Skills * 주요 언어 : Java (Spring Framework 기반), Node.js, Python * 사용 DB : Mysql/Maria DB * 메모리 솔루션 : Redis                                                                                                         -  이      상  -\n"]}