{"url":"https://www.rocketpunch.com//jobs/47189/PANONY-%EB%B8%94%EB%A1%9D%EC%B2%B4%EC%9D%B8-%EB%A7%88%EC%BC%80%ED%8C%85-%EC%9D%B8%ED%84%B4%E2%88%99%EC%8B%A0%EC%9E%85-Blockchain-marketing-full-time","title":"[PANONY] 블록체인 마케팅 인턴∙신입 (Blockchain marketing full-time)","origin":"파노니","start_date":"11/07 ","newbie":"인턴신입경력","content":["\n        주요 업무\n                    PANONY is the first of its kind to integrate a strong media network with deep industry expertise to provide tailored services for top blockchain projects. We are looking for marketing interns in K…\n            더 보기\n            PANONY is the first of its kind to integrate a strong media network with deep industry expertise to provide tailored services for top blockchain projects. We are looking for marketing interns in Korea. No prior blockchain experience required. You need to stay focused and goal-oriented. You can find more information on our website. PANONY is the umbrella company for PANews and Panony+. #PANews is Panony’s media arm publishes insightful content for the blockchain community.#Panony+ is Panony’s in-house accelerator providing A-Z consultancy for top blockchain startups.—파노니(PANONY)는 강력한 미디어 네트워크와 업계 전문성을 기반으로 전 세계 최고의 블록체인 프로젝트들을 대상으로 그들에게 꼭 필요한 맞춤 서비스를 제공하고 있습니다.#PANews는 Panony의 미디어 자회사로서, 블록체인 커뮤니티를 대상으로 통찰력있는 콘텐츠를 발행하고 있습니다. #Panony+는 파노니의 인하우스 엑셀러레이팅을 담당하고 있으며, 최고의 블록체인 프로젝트 대상으로 A부터 Z까지 통합 컨설팅을 제공하고 있습니다. [파노니 홈페이지] www.panony.com[파노니 페이스북] https://www.facebook.com/panony\n\n      ","\n        업무 관련 기술 / 활동 분야\n        \n          온라인마케팅\n          PR\n          사업개발\n          스타트업 컨설팅\n          마케팅전략\n          미디어\n          블록체인\n          암호화폐\n          비트코인\n          핀테크\n          가상화폐\n          Blockchain business\n          cryptography\n          blockchain community\n          bitcoin\n          blockchain\n          research\n          암호화화폐\n          ethereum\n          business development\n          비즈니스 전략\n          market research\n          시장조사\n        \n      ","\n        채용 상세\n                    [Responsibilities]- Support organizing PR activities - Support for marketing and media contents- Create Korean market tailored contents- Translate English article into Korean (or Chinese into Kore…\n            더 보기\n            [Responsibilities]- Support organizing PR activities - Support for marketing and media contents- Create Korean market tailored contents- Translate English article into Korean (or Chinese into Korean)- Support our service operation [Requirements]- Fluency in English and Korean- Basic knowledge on marketing and business- Interest in blockchain technology and cryptocurrency—[담당업무] - 영문 기사 번역 ( 또는 중문)- 마케팅 콘텐츠 제작- 미디어 콘텐츠 및 마케팅 전략 수립- 사업 개발 및 시장 조사- 뉴스 미디어 및 인플루언서 네트워크 구축- 서비스 운영 지원[자격요건]- 영어, 한국어 능통- 마케팅과 비즈니스에 대한 기본 지식- 블록체인 기술과 암호화폐에 대한 관심---Q\u0026A# 어떤 사람들과 일하게 되나요?파노니에는 현재 전 세계 지사에서 30명 이상이 함께 일하고 있습니다. 저희 팀원들에 대한 소개는 홈페이지를 참고하시거나 링크드인, 페이스북에서도 저희 정보를 쉽게 찾을 수 있습니다. 파노니의 팀원은 계속해서 늘고 있으며, 여러분이 이 글을 읽고 지원을 하는 시기에는 더 많은 분들이 함께 하고 있을 것입니다.# 파노니는 어떻게 일하나요?블록체인 업계는 그 어떤 세계보다 빠르게 돌아가고, 언제 어디서든 새로운 이슈가 있을 수 있습니다. 사내 메신저는 조용할 틈이 없습니다. 미국, 중국, 대만, 홍콩, 한국, 일본, 프랑스 등 시차도 다른 여러 국가에서 일어나는 소식들을 공유하고 팔로업하고 있습니다. 실시간으로 해외 소식을 접하고 바쁘게 성과를 만드는 일은 생각만 해도 가슴이 뛰는 일이라 생각합니다. 글로벌한 팀원들로 구성된파노니는 시간에 구애 받지 않고 개인의 책임 범위 안에서 업무를 충실하게 이행합니다. 프로젝트 별로 수평적인 커뮤니케이션이 진행되며, 언제든 자유롭게 아이디어를 개진하고 추진할 수 있도록 필요한 것이 있다면 어떤 것이든 지원하고 있습니다.  #파노니는 어떤 과정을 통해 채용이 진행되나요?블록체인과 암호화폐, 그리고 핀테크 전반에 대하여 관심이 높은 분을 찾고 있습니다. 업무는 대부분 영어 또는 중국어로 진행되며, 경영/마케팅 및 언론, 테크에 대한 기반 지식을 갖추신 분을 선호합니다. 1차 면접 후 서류 심사에서는 실무 역량 테스트가 진행됩니다. #급여는 어떻게 결정되나요?급여는 협의 가능합니다. 정규직의 경우, 개인의 역량에 준하여 업계 평균 연봉보다 높은 수준으로 우대해 드리고 있습니다. 인턴과 정규직 동일하게 첫 3개월 수습 기간이 적용되며, 최초 3개월 계약 종료 후 연장 여부는 종합적인 역랑 평가 및 성과에 따라 결정됩니다. 인턴 급여는 별도 규정에 따라 지급하며, 경력직의 경우 수습 기간 급여도 별도 차감 없이 직전 연봉에 준하는 수준으로 지급합니다. 로켓 펀치에 지원 또는 이메일로 (seongmin@panony.com)로 이력서 및 지원동기를 자유 형식으로 보내주세요.\n\n            \n              \n                  \n                  \n                \n            \n          \n            \n              \n                  \n                  \n                \n            \n          \n            \n              \n                  \n                  \n                \n            \n          "]}