{"url":"https://www.rocketpunch.com//jobs/67012/%ED%99%94%EC%9E%A5%ED%92%88-%EA%B8%B0%ED%9A%8D%EB%A7%88%EC%BC%80%ED%8C%85%ED%95%98%EC%8B%A4-%EC%88%98-%EC%9E%88%EB%8A%94-%EC%9D%B8%EC%9E%AC%EB%A5%BC-%EC%B0%BE%EC%8A%B5%EB%8B%88%EB%8B%A4","title":"[화장품] 기획/마케팅하실 수 있는 인재를 찾습니다.","origin":"지엘","start_date":"12/18 ","newbie":"인턴신입경력","content":["\n        주요 업무\n                    화장품 기획 및 관리홈페이지/앱 기획 및 관리온/오프라인 기획 및 관리\n\n      ","\n        업무 관련 기술 / 활동 분야\n        \n          기획•운영\n          브랜드마케팅\n          온라인마케팅\n          행사기획\n          화장품기획\n        \n      ","\n        채용 상세\n                    홈페이지 주소 \u003e\u003e http://xiel.io/*현재 업데이트 중입니다.담당업무- 화장품 기획 및 관리- 홈페이지/앱 기획 및 관리- 온/오프라인 기획 및 관리자격요건- 기획/마케팅 포트폴리오가 있어야 합니다.- MS Office를 능숙하게 다를 수 있어야 합니다.- 미적 직관(취향의 이해)이 있어야 합니다.- 직관(문제의 이해)이 있어야…\n            더 보기\n            홈페이지 주소 \u003e\u003e http://xiel.io/*현재 업데이트 중입니다.담당업무- 화장품 기획 및 관리- 홈페이지/앱 기획 및 관리- 온/오프라인 기획 및 관리자격요건- 기획/마케팅 포트폴리오가 있어야 합니다.- MS Office를 능숙하게 다를 수 있어야 합니다.- 미적 직관(취향의 이해)이 있어야 합니다.- 직관(문제의 이해)이 있어야 합니다.우대사항- Adobe 프로그램을 다룰 수 있으면 좋습니다.- 관련 업무 경험이 없거나 짧으신 분이면 좋습니다.- 컴퓨터 언어에 대해 알면 더 좋습니다.- 화장품에 대해 잘 아시면 더 좋습니다.\n"]}