{"url":"https://programmers.co.kr/job_positions/1262","title":"Frontend 경력 개발자","origin":"모두의연구소","start_date":"","newbie":false,"content":["기술 스택\nD3.js ReactJS CSS HTML JavaScript","업무 소개\n모두의연구소가 추진 중인 신개념 AI 연구교육시스템의 프론트엔드 개발\n모두의연구소 기존서비스의 유지보수 및 관리자 기능 개발","자격 조건\nJavascript/CSS/HTML 개념을 명확히 이해하고 자유롭게 활용 가능하신 분\n웹표준/크로스 브라우징 등 호환성 관련 주제에 대해 이해가 깊으신 분\n자신이 개발에 주도적으로 참여하였던 사이트들을 포트폴리오로 제시하고, 활용하였던 프레임워크 구조를 간단명료하게 설명이 가능하신 분","우대 사항\nd3.js 등의 visualization 도구의 활용 경험이 있으신 분\nReact, Vue 등 다양한 프론트엔트 프레임워크에 대한 경험이 있으신 분\n모두의연구소의 비전과 가치에 공감하시는 분\n협업 및 커뮤니케이션에 자신 있으신 분\n연구실(LAB), 풀잎스쿨 등 모두의연구소 프로그램을 6개월 이상 참여하신 분"]}