{"url":"https://www.rocketpunch.com//jobs/68140/%EB%9F%AD%EC%85%94%EB%A6%AC-%EC%BB%A4%EB%A8%B8%EC%8A%A4-%EC%BD%98%ED%85%90%EC%B8%A0-%EB%A7%88%EC%BC%80%ED%84%B0","title":"럭셔리 커머스 콘텐츠 마케터","origin":"발란","start_date":"01/14 ","newbie":"경력","content":["\n        주요 업무\n                    From Milano to Korea in 3 Days 아시아 최초의 명품 온라인 부티크, 발란 http://balaan.co.kr[서비스 소개] 발란은 유통구조 혁신과 IT 기술을 통해 명품 패션 시장의 문제를 해결하는,거대한 명품 시장에서 가장 빠르게 성장하는 플랫폼입니다.2019년 12월 시리즈 A라운드 100억 투자유치, 누적 투자액 120억…\n            더 보기\n            From Milano to Korea in 3 Days 아시아 최초의 명품 온라인 부티크, 발란 http://balaan.co.kr[서비스 소개] 발란은 유통구조 혁신과 IT 기술을 통해 명품 패션 시장의 문제를 해결하는,거대한 명품 시장에서 가장 빠르게 성장하는 플랫폼입니다.2019년 12월 시리즈 A라운드 100억 투자유치, 누적 투자액 120억을 받았습니다✔  다양한 상품: 매 시즌 4,000 여개 이상의 럭셔리 브랜드, 80만개 이상의 명품을 ✔  신상 입고: 백화점 신상 입고보다 3개월 이상 빠르게 ✔  가격: 유럽 온라인 직구보다 저렴한 가격으로  ✔  배송: 유럽에서 집앞까지 3일만에 받을 수 있고, ✔  서비스: 구매 후 검수 및 무료 교환 / 반품 / 수선 서비스까지 제공하는 Fashion과 IT의 결합에 미친 #발라니어 와 함께 한국을 넘어 거대한 아시아 패션 시장을 놀라게 하고 싶다면지금 바로 발란에 합류하세요. [발라니어만을 위한 혜택 및 복지]✔ 연봉 \u0026 스톡옵션 : 업계 최고 대우 ✔ 인센티브 \u0026 보너스 : 팀별, 개인 분기,반기 성과평가 후 반기별 지급✔ 탄력적 출퇴근 ✔ 장비 : 최신 랩탑, PC, 듀얼 모니터 지원 (맥북, 랩탑 삼성 27인치 Curved 듀얼 모니터)✔ 무제한 휴가 (입사 첫 해 부터 휴가 발생) ✔ 교육비 및 도서비 지원 ✔ 식사 : 무제한 스낵바, 다양한 음식, 커피, 맥주 제공✔ Funday : 매월 1회 그룹별 문화 생활 지원 (업무 시간에 놀기!) ✔ 연간 100만원 피복비 지원 ✔ 명품 국내 최저가 구매[발란이 일하는 방식]1. 고객에 집착하라2. 최고의 기준을 고집하라3. 현명하게 판단하고, 우선순위를 구분하라4. 구체적이고 탁월한 성과를 내라5. 즉시, 반드시, 될 때까지 해라6. 혁신하고 단순화하라7. 빠르고 명확하게 소통하라8. 기개를 가져라 - 반대하되 받아 들여라9. 장기적 관점을 견지하라10. 끊임없이 배우고 빠르게 성장하라11. A급 인재만을 채용하라12. 개인이나 팀이 아닌, 회사에 최선인 것을 위해 행동하라13. 이끌거나, 따르거나, 비켜서라[발란 서비스가 궁금하신가요? - SparkLabs Demoday10 (2017.12) IR 보기_직후 30억 투자 유치 (2018.3)]https://youtu.be/6s9Zg5OiKOg[매일경제 - 발란, 中 최대 쇼핑몰 알리바바와 제휴.. ‘발란 명품관’ 오픈]http://bit.ly/2IClCxM[기업스토리 - 창업 2년도 안돼 월매출 30억을 달성하기까지 (2019.5.28)]https://youtu.be/ZNwMflNu1QE[한국경제 - 해외명품 이커머스 '발란', 100억원 규모 시리즈A 투자 유치]https://www.hankyung.com/it/article/201912202218j\n\n      ","\n        업무 관련 기술 / 활동 분야\n        \n          컨텐츠 기획\n          기획•운영\n          콘텐츠 제작/기획\n          SNS 채널관리\n          카피라이팅\n          온라인홍보\n          콘텐츠기획\n          소셜마케팅\n          브랜드마케팅\n          마케팅캠페인\n          콘텐츠 마케팅\n          디지털마케팅\n          인스타그램\n          페이스북\n          블로그마케팅\n          온라인프로모션\n          성과분석\n          유튜브\n          온라인마케팅\n        \n      ","\n        채용 상세\n                    [주요업무]  ✔ 고객의 5A 단계 (인지 - 호감 - 질문 - 행동 - 옹호)마다 핵심 채널을 이해하고 각 채널에 최적화 된 컨텐츠를 제작, 배포✔ 오피셜 채널의 paid/unpaid 컨텐츠(FB, IG, Kakao, YouTube, blog 등) 제작 및 배포 ✔ 빠른 실행 - 측정 - 학습 - 반복을 통한 채널 별 컨텐츠 최적화 ✔ 유입 고객의…\n            더 보기\n            [주요업무]  ✔ 고객의 5A 단계 (인지 - 호감 - 질문 - 행동 - 옹호)마다 핵심 채널을 이해하고 각 채널에 최적화 된 컨텐츠를 제작, 배포✔ 오피셜 채널의 paid/unpaid 컨텐츠(FB, IG, Kakao, YouTube, blog 등) 제작 및 배포 ✔ 빠른 실행 - 측정 - 학습 - 반복을 통한 채널 별 컨텐츠 최적화 ✔ 유입 고객의 구매 - 옹호 - 재구매를 위한 리타게팅 컨텐츠 제작 및 배포 (퍼포먼스 마케터와 협업) ✔ 계획된 스케줄 맞추어 다양한 포맷의 브랜디드 컨텐츠 기획 및 작성✔ 인플루언서와의 협업을 통한 블로그, 인스타, 커뮤니티 컨텐츠 제작 및 배포 ✔ 발란 앰버서더(인플루언서) 관리를 통한 지속적인 외부 컨텐츠 생산 ✔ 브랜드 reputation 관리 ✔ 경쟁사 분석을 통한 위기 관리 및 기회 창출✔ 컨텐츠 성과 분석 및 인사이트 도출 개선 [자격요건]✔ 콘텐츠 마케팅 경력 3 년이상✔ 채널에 맞춰 기획한 콘텐츠 제작이 직접 가능하거나 제작 인원을 섭외하여 콘텐츠를 빠르게 생산하고 개선할 수 있는 능력 ✔ FB, IG, YouTube, Blog 등의 컨텐츠 채널 기획을 포함한 직접 운영 경험 및 예산 계획/집행 경험✔ 아웃소싱과 인하우스를 적절히 활용하여 컨텐츠 성과를 최적화 시킨 경험 ✔ 컨텐츠와 검색엔진 최적화(SEO)의 상관관계와 중요성을 알고 최적화 시킨 경험✔ Marketing contents또는 branded contents의 기획, 제작, 확산, 분석 전 단계를 겪어본 경험 ✔ 컨텐츠로 실제 비즈니스의 성장(매출 기준)을 이뤄내본 경험✔ 캠페인의 결과 지표를 지속적으로 모니터링하고 그를 기반으로 최적화하는 result-driven한 성향 ✔ 자신의 성과에 대한 proven record가 있는 분[우대 사항]✔ 그래픽 디자인 또는 영상 툴 활용 (포토샵, 일러스트레이터, 쉐이커, 캔바, 타일)✔ 컨텐츠의 효과를 객관적으로 측정하고 개선시키기 위한 방법을 알고 툴을 사용한 (GA등)경험✔ 패션을 좋아하거나 온라인에서 명품을 구매해본 경험 ✔ 이커머스 업계에서의 마케팅 경력 및 인사이트 ✔ 팀 채용 및 교육 경험\n\n            \n              \n                  \n                  \n                \n            \n          \n            \n              \n                  \n                \n            \n          \n            \n              \n                  \n+10                \n            \n          \n            \n              \n                  \n                \n            \n          \n            \n              \n                  \n                \n            \n          \n            \n              \n                  \n                \n            \n          \n            \n              \n                  \n                \n            \n          \n            \n              \n                  \n                \n            \n          \n            \n              \n                  \n                \n            \n          \n            \n              \n                  \n                \n            \n          \n            \n              \n                  \n                \n            \n          \n            \n              \n                  \n                \n            \n          \n            \n              \n                  \n                \n            \n          "]}