{"url":"https://www.rocketpunch.com//jobs/69808/%EC%84%9C%EB%B2%84%EB%B0%B1%EC%97%94%EB%93%9C-%EA%B0%9C%EB%B0%9C-3%EB%85%84-%EC%9D%B4%EC%83%81-%EA%B2%BD%EB%A0%A5%EC%9E%90-%EC%B1%84%EC%9A%A9","title":"서버(백엔드) 개발 [3년 이상 경력자 채용]","origin":"다트","start_date":"02/29 ","newbie":"소경력","content":["\n        주요 업무\n        다트는 사람들의 이동을 편리하게 만드는 서비스를 만들어갑니다.◆ 업무내용\u2028* 전동킥보드 공유 서비스 DART(논현동 근무 - 학동역, 압구정역, 압구정로데오역 이용가능)* 'DART' 서비스의 API/서버 개발 및 유지보수\n      ","\n        업무 관련 기술 / 활동 분야\n        \n          Java\n          JSP\n          Amazon AWS\n          Tomcat\n          ibatis\n          Spring\n        \n      ","\n        채용 상세\n        [담당업무]- 앱용 RESTFul API 개발 및 유지보수, 고도화- 관리용 백오피스(백엔드 및 프론트엔드) 개발 및 유지보수, 고도화- DB 데이터 설계- CI/CD 개발환경 구성- 다트 서비스 운영[자격요건]- 일반 사용자용 서비스를 직접 개발하고 운영한 경험- Java/Spring/Mybatis 기반 개발에 대한 이해- Spring Security에 대한 이해- MySQL, Oracle 등의 RDBMS 사용 경험- REST API 개발 경험- Spring xml 설정방식의 레거시 프로젝트 관련 경험자[우대사항]- Spring Boot 기반으로 개발 가능하신 분- AWS ECS, Fargate 를 활용해 서비스 가능하신 분- IoT 개발에 대한 이해가 있으신 분* 참고 : 기존 프로젝트가 legacy 방식의 spring xml setting + spring security 로 구성되어있습니다.\n            \n              \n                  \n                  \n                \n            \n          \n            \n              \n                  \n                \n            \n          "]}