{"url":"https://www.rocketpunch.com//jobs/66603/%EC%8A%A4%ED%83%80%ED%8A%B8%EC%97%85-%EC%BD%98%ED%85%90%EC%B8%A0-%EC%98%81%EC%83%81Youtube-%EA%B8%B0%ED%9A%8D%EC%B4%AC%EC%98%81%ED%8E%B8%EC%A7%91","title":"[스타트업 콘텐츠] 영상(Youtube) 기획,촬영,편집","origin":"(주)링크스타터","start_date":"12/09 ","newbie":"인턴신입경력","content":["\n        주요 업무\n                    #담당업무- 스타트업 관련 콘텐츠 영상[youtube] 관련 전반적인 업무 기획 및 촬영 - 촬영, 오디오 녹음 및 영상 편집 (촬영, 영상편집, 후반자막작업 등)- 기타 영상 제작 관련 업무 (촬영 장비 및 영상 asset 관리, 출연자/촬영장소 섭외 등)- 스타트업잡스 신규 채널 기획 참여 및 작업\n            더 보기\n            #담당업무- 스타트업 관련 콘텐츠 영상[youtube] 관련 전반적인 업무 기획 및 촬영 - 촬영, 오디오 녹음 및 영상 편집 (촬영, 영상편집, 후반자막작업 등)- 기타 영상 제작 관련 업무 (촬영 장비 및 영상 asset 관리, 출연자/촬영장소 섭외 등)- 스타트업잡스 신규 채널 기획 참여 및 작업\n\n      ","\n        업무 관련 기술 / 활동 분야\n        \n          컨텐츠 기획\n          컨텐츠편집\n          동영상 제작\n          동영상촬영/편집\n          동영상기획\n          sns 마케팅\n          영상기획\n          영상편집\n          adobe-premiere\n          Adobe After Effect\n          영상프로듀서\n          PD\n          동영상 제작\n        \n      ","\n        채용 상세\n                    #자격요건- 전공/경력 무관 (포트폴리오와 창의적인 기획력으로 평가)- 스타트업 생태계 관련  콘텐츠 기획 가능한자- Adobe Premiere, After Effect 등 모션그래픽 영상 제작 가능- 포트폴리오 첨부 (필수)#우대사항- 유튜브 채널 운영/제작/편집 경험 + 기타 영상 촬영/편집 경험- 컨텐츠를 센스있게 표현하고 기획 가능한자, 아이…\n            더 보기\n            #자격요건- 전공/경력 무관 (포트폴리오와 창의적인 기획력으로 평가)- 스타트업 생태계 관련  콘텐츠 기획 가능한자- Adobe Premiere, After Effect 등 모션그래픽 영상 제작 가능- 포트폴리오 첨부 (필수)#우대사항- 유튜브 채널 운영/제작/편집 경험 + 기타 영상 촬영/편집 경험- 컨텐츠를 센스있게 표현하고 기획 가능한자, 아이디어가 풍부한자- 유튜브 채널 관련 운영 경험있는자#기타유튜브 주소 : www.youtube.com/c/스타트업잡스스타트업 주제의 콘텐츠를 만들고 있습니다.콘텐츠 팀을 구축하고자 하오니 영상들 보시고기획 및 촬영 등 PD역할을 하실 실력있고 가치관 훌륭하신 인재분들은지원부탁드립니다.지원 시 필히 포트폴리오를 첨부해 주세요.\n"]}