{"url":"https://www.rocketpunch.com//jobs/64562/%EB%B0%B1%ED%8C%A8%EC%BB%A4%EC%95%84%EC%9D%B4%EB%94%94%EC%96%B4%EC%8A%A4-%EC%95%88%EB%93%9C%EB%A1%9C%EC%9D%B4%EB%93%9C-%EA%B0%9C%EB%B0%9C%EC%9E%90-%EB%AA%A8%EC%A7%91","title":"[백패커/아이디어스] 안드로이드 개발자 모집","origin":"백패커","start_date":"12/11 ","newbie":"경력","content":["\n        주요 업무\n                    ■ 주요업무• 아이디어스 앱 개발• 아이디어스 판매자 앱 개발• 아이디어스 구매자앱/작가앱을 개발하고 운영합니다.• 다수의 코드는 Java로 구현되어 있고, 신규 프로젝트는 Kotlin으로 개발중입니다.• RxJava, Dagger, Jetpack 등 개발을 돕는 요소들을 선별해서 사용합니다.• AAC, MVVM 패턴을 적용하여 유지보수가 쉬운 아키…\n            더 보기\n            ■ 주요업무• 아이디어스 앱 개발• 아이디어스 판매자 앱 개발• 아이디어스 구매자앱/작가앱을 개발하고 운영합니다.• 다수의 코드는 Java로 구현되어 있고, 신규 프로젝트는 Kotlin으로 개발중입니다.• RxJava, Dagger, Jetpack 등 개발을 돕는 요소들을 선별해서 사용합니다.• AAC, MVVM 패턴을 적용하여 유지보수가 쉬운 아키텍쳐를 만들 수 있도록 노력합니다.■ 자격요건• 안드로이드 실무 경력 5년 이상• 구글 플레이스토어 출시 경험• RxJava, Kotlin 경험• 성장을 위한 학습이 익숙한 분• 안드로이드 코드 디버깅 원활한 분\u003e\u003e\u003e\u003e\u003e 입사지원서에 희망연봉 필수 기재해주세요.■ 우대요건• MVVM, MVP, MVC 등의 아키텍쳐 패턴에 대한 경험• 테스트/배포 자동화 경험\n\n      ","\n        업무 관련 기술 / 활동 분야\n        \n          Android\n        \n      ","\n        채용 상세\n                    백패커는 Unique Lifestyle Guide ‘아이디어스(idus)’를 운영하고 있습니다.‘아이디어스’는 손으로 만든 가치 있는 상품들을 작가들이 직접 등록/판매하는 마켓 플랫폼으로 현재(2019년) 약 1만 4천명의 작가가 입점하여 수공 악세서리부터 의류, 수제 먹거리까지 총 18만 개 이상의 다양한 카테고리의 작품들을 판매합니다. 이용자 재…\n            더 보기\n            백패커는 Unique Lifestyle Guide ‘아이디어스(idus)’를 운영하고 있습니다.‘아이디어스’는 손으로 만든 가치 있는 상품들을 작가들이 직접 등록/판매하는 마켓 플랫폼으로 현재(2019년) 약 1만 4천명의 작가가 입점하여 수공 악세서리부터 의류, 수제 먹거리까지 총 18만 개 이상의 다양한 카테고리의 작품들을 판매합니다. 이용자 재구매율이 80%이상에 달하며, 매년 거래액 기준 2배 이상 빠르게 성장하여 핸드메이드 마켓플레이스에서 독보적인 선두자리를 고수하고 있습니다.• 국내 최대 핸드메이드 플랫폼, 아이디어스(idus)를 운영 중인 회사• 대한민국의 공예/핸드메이드 시장을 개척해 나가고 있는 회사• 국내외 투자를 받으며 폭풍 성장 중인 회사(2012.11) 자본금 100만원으로 설립(2013.01) 출시하는 유료 앱마다 전체 1위 기록(2013.12) 2013 대한민국에서 가장 많은 유료 앱을 판매한 1위 회사(2014.06) 아이디어스(idus) iOS 서비스 오픈(2014.08) 아이디어스(idus) 안드로이드 서비스 오픈(2014.09) 대한민국 모바일 앱 어워드 으뜸앱 선정(2014.09) 엔젤 투자 유치 (권도균 대표, 이기하 대표, 장병규 대표)(2014.11) 2014 대한민국 모바일 앱 어워드 대상 (미래창조과학부 장관상)(2014.12) 애플이 선정한 2014년을 빛낸 최고작 1위 (앱스토어 최초 2년 연속 1위 선정)(2014.12) 시리즈 A 투자 유치 (동문파트너즈-다음카카오청년창업 \u0026 Sazze Inc)(2016.05) 시리즈 B 투자 유치 (알토스벤처스 \u0026 IMM인베스트먼트 \u0026 대교인베스트먼트)(2017.09) 원부자재 작가스토어 오픈(2017.11) 2017청년기업인상 과학기술정보통신부 장관 표창 수상(2017.12) 아이디어스(idus) 300만 다운로드 돌파(2017.12) 제 1회 핸드메이드 어워드 개최(2018.01) 아이디어스(idus) 오프라인스토어(쌈지길) 오픈(2018.01) 아이디어스(idus) 웹사이트 오픈(2018.02) 월 매출 1억원 작가 배출(2018.09) 시리즈 C 투자 유치 (스톤브릿지벤처스, 알토스벤처스, 글로벌브레인, IMM인베스트먼트, 대교인베스트먼트, 미래에셋캐피탈, 스마일게이트, 키움증권 등)(2018.12) 제 2회 2018 핸드메이드 어워드 개최(2019.05) 누적거래액 1,500억원 달성(2019.06) 핸드메이드 문화 활성화를 위한 플리마켓 '마켓바이' 오픈(2019.07) 국내 최초 수공예 공유공방 '아이디어스 크래프트 랩' 오픈(2019.09) 아이디어스(idus) 오프라인스토어(용인수지점) 2호점 오픈(2019.09) 핸드메이드 경험 확산을 위한 '아이디어스 크래프트 하우스' 오픈(2019.09) 금손클래스 오프라인 서비스 오픈(2019.10) 700만 다운로드 돌파(2019.10) 아이디어스 책 \u003c누구 좋으라고 남의 회사 다녔지?\u003e 도서 출간(2019.11) 레드헤링 아시아 100대 기업 선정(2019.11) 누적거래액 2,000억원 달성(2019.11) 안드로이드 올해를 빛낸 일상생활 앱 선정(2019.11) 핸드메이드 공모전 개최(2019.12) 제 3회 2019 핸드메이드 어워드 개최[아이디어스에서 나와 함께 일할 멤버가 궁금하나요?]아이디어스: http://bit.ly/IdiusLifework (원티드 인터뷰)가파른 성장곡선으로 국내 핸드메이드 시장의 역사를 개척해 나가고 있는 ‘백패커’의 여정에 동참해주실 분을 찾습니다. 백패커는 이런 분과 함께 하고 싶습니다 :)• 배낭여행자처럼, 어떤 환경에서도 최적의 답을 찾을 줄 아는 도전적인 사람• 무엇을 개선하면 더 좋아질 지, 주도적으로 문제를 발견하고 해결하는 통찰력을 지닌 사람• 어제 보다 나은 오늘, 최고가 되기 위해 꾸준히 노력하는 사람• 함께 일하는 동료의 퍼포먼스에도 기여를 하는 사람■ 혜택 및 복지• 자율출퇴근10시~11시 사이에 자유롭게 출근합니다.자율적인 출근시간 관리로 지각 스트레스 없는 상큼한 출근길을 꿈꿉니다.• 자율복장각자의 개성을 뽐낼 수 있습니다.내 마음에 들고, 일하기 편한 옷차림이 가장 좋은 옷차림입니다.• 휴가사용휴가는 본인의 것입니다. 눈치 보지 않고 휴가를 사용할 수 있습니다. (연차/반차/반반차)• 생일반차• 장기근속포상열심히 일한 만큼 잘 쉬는 것도 중요해요.3년/6년/9년 근무시 휴가비(100/200/300만원) 및 유급휴가(10일/20일/30일)를 지원합니다.• 우수사원 포상여행상품권 150만원 및 유급휴가 3일을 지원합니다.• 경조휴가• 중대조사지원 서비스• 호칭'님문화'와 '존댓말'로 서로의 업무를 존중합니다. 백패커는 수평적인 문화를 지향합니다.• 커뮤니케이션 - 임직원 소통 프로그램 'random Lunch'와 'town hall meeting'회사의 방향, 다른팀 업무에 대한 이해를 높이고 서로 친해지는 시간을 갖습니다.다른 부서, 다양한 사람들과 랜덤으로 점심식사를 합니다. (주 1회)익명으로 접수된 의견은 타운홀미팅에서 대표이사가 직접 대응합니다. (월 1회)• 쾌적한 근무환경홍대입구역 1번 출구로부터 도보 7분 거리에 위치하고 있습니다.원목인테리어의 사무실과 잔잔한 배경음악은 카페에서 일하는 기분이 들게끔 합니다.전국 최고 수준의 시설을 활용하여 사무실 내 청정한 공기, 적당한 온도 및 습도를 유지합니다. • 식사와 간식다양한 종류의 간식과 음료를 상시/무한제공합니다. (점점 살이 찌고 있습니다...)점심식대(8천원/인)를 제공합니다.• 건강검진구성원의 건강한 삶을 응원하며 연중 1회 VIP급 건강검진을 지원 합니다.• 자기계발구성원의 자기계발을 중요하게 생각하며, 이를 위한 교육비 및 도서구입비를 지원합니다.• 직원할인내가 다니는 회사의 서비스, 부담 없이 직접 이용해 볼 수 있습니다.연간 120만원의 아이디어스 쇼핑 지원금을 지급합니다. (월 최대 10만원, 50% 할인)그 외 (환영합니다!)웰컴키트 지급, 명절 선물 지급, 임직원 대상 깜짝 이벤트, 안마의자 지원, 최신 장비 지원, 소프트웨어 구입비 지원 등 소소하지만 강력한 지원사항들도 있습니다. 즐겁고 치열하게 일하며, 성장하는 개인이 될 수 있도록 노력합니다.\n\n            \n              \n                  \n                \n            \n          "]}