{"url":"https://www.rocketpunch.com//jobs/66325/%EC%A4%91%EA%B3%A0%EC%B0%A8-%EA%B0%80%EA%B2%A9%EB%B9%84%EA%B5%90-%EB%AF%B8%EC%8A%A4%ED%84%B0%EB%94%9C%EB%9F%AC-%EB%A7%88%EC%BC%80%ED%84%B0-%EC%B1%84%EC%9A%A9","title":"[중고차 가격비교, 미스터딜러] 마케터 채용","origin":"(주)미스터즈가라지","start_date":"12/02 ","newbie":"경력","content":["\n        주요 업무\n        안녕하세요, 온라인 중고차 가격 비교 서비스, 미스터딜러(https://www.mr-dealer.com)에서 저희와 함께 중고차 시장 혁신의 주역이 되어주실 마케터 분을 찾고 있습니다.미스터딜러는 대형 온라인 중고차 플랫폼의 차량 정보를 수집하여 분석하고, 그래프를 통해 최적의 중고차 매물을 추천드리고, 구매를 지원하는 서비스입니다.지난 2년 여 기간 동안 서비스 핵심 기능을 구축하는 것에 집중하였고, 가능성을 인정받아 올 4월 본엔젤스벤처파트너스로부터 투자 유치를 할 수 있었습니다.다양한 파일럿 테스트를 통해 시장의 명확한 기회를 포착하였고, 확신을 갖게 되었습니다. 저희와 함께 멋진 모빌리티 서비스 구축해 주실 많은 마케터 분들의 관심을 부탁드리겠습니다.최고의 효율성을 위해 근무 조건(연봉, 근무지, 근무 시간 등)은 큰 범위에서 다양하게 고려되고 수용될 수 있습니다. 세부적인 담당 업무와 필요 능력은 Job Description을 참조해 주시면 감사하겠습니다.많은 관심 부탁드리며, 궁금하신 점이 있으시면 아래 연락처로 언제든 편하게 연락 주십시오.Email: cwshin@mr-dealer.com미스터딜러 대표 신종원 드림.\n      ","\n        업무 관련 기술 / 활동 분야\n        \n          온라인마케팅\n          디지털마케팅\n          Google Analytics\n          브랜드마케팅\n          바이럴마케팅\n          그로스해킹\n          콘텐츠마케팅\n        \n      ","\n        채용 상세\n        담당업무미스터딜러 컨텐츠 마케팅 및 마케팅 전략 수립- 컨텐츠 마케팅- 기타 마케팅 전략 수립자격요건- 관련 업무 경험 4년 이상- Chasm Marketing, Growth Hacking, Lean Startup에 대한 기본적인 지식 확보우대사항- 자동차에 대한 관심이 높으신 분들!! 다양한 복지와 함께 우대합니다."]}