{"url":"https://www.rocketpunch.com//jobs/70110/Business-Development-Manager-Home-Cleaning","title":"Business Development Manager, Home Cleaning","origin":"미소","start_date":"02/26 ","newbie":"경력","content":["\n        주요 업무\n                    Business Development Manager 는 홈클리닝 사업부의 새로운 파트너 공급확보 모델을 만드는 역할입니다. 그 형태는 월급제 혹은 고용 파트너가 될 수 있고 아예 새로울 수 있어요. 첫째로, 시장조사를 하고 가능여부를 판단하기 위해 재무 모델을 설계함과 동시에 실행 전략을 짭니다. 다음으로 새로운 형태의 공급확보 모델 성장 전략을 실…\n            더 보기\n            Business Development Manager 는 홈클리닝 사업부의 새로운 파트너 공급확보 모델을 만드는 역할입니다. 그 형태는 월급제 혹은 고용 파트너가 될 수 있고 아예 새로울 수 있어요. 첫째로, 시장조사를 하고 가능여부를 판단하기 위해 재무 모델을 설계함과 동시에 실행 전략을 짭니다. 다음으로 새로운 형태의 공급확보 모델 성장 전략을 실행합니다. 어떤 전략을 구상하느냐에 따라 실행방법이 그렇게 화려하지 않을 수 있습니다. 파트너를 직접 만나거나 전화할 수도 있고 주말에도 CS업무를 할 수도 있습니다. 그보다 더 할수도 있습니다.\n\n      ","\n        업무 관련 기술 / 활동 분야\n        \n          창업\n          기획•운영\n          컨설팅\n          스타트업컨설팅\n        \n      ","\n        채용 상세\n                    [미소에서 하게 될 업무는요.]▶파트너를 직접 소통하는 등의 활동을 통한 시장조사 진행, 재무 모델 설계, 전략 수립 및 실행▶지표 분석 및 제품/프로세스 개선▶Product/Process 요구사항 전달, Product \u0026 Engineering 팀과 협업▶파트너를 위한 새로운 제품 설계 및 런칭[이런 사람과 일하고 싶어요.]▶\"I work h…\n            더 보기\n            [미소에서 하게 될 업무는요.]▶파트너를 직접 소통하는 등의 활동을 통한 시장조사 진행, 재무 모델 설계, 전략 수립 및 실행▶지표 분석 및 제품/프로세스 개선▶Product/Process 요구사항 전달, Product \u0026 Engineering 팀과 협업▶파트너를 위한 새로운 제품 설계 및 런칭[이런 사람과 일하고 싶어요.]▶\"I work hard because I love it\" 같은 스타트업 사고방식과 업무를 마무리할 수 있는 능력▶Consulting 또는 Investment Banking에서 운영 및 분석 경험을 3년 이상 보유하신 분▶비즈니스 Tone 세팅 능력, People management 능력▶데이터 기반의 의사 결정과 분석적 사고를 통한 사업적 판단이 가능하신 분[근무기간 및 장소]▶근무형태 : 정규직 (수습 3개월)▶근무시간 : 주 5일▶근무장소 : 성수역 부근 (서울특별시 성동구 아차산로 68, 10~12층)[지원방법 및 절차]▶지원방법 : 국문이력서 또는 영문이력서 + 경력기술서▶지원절차 : 서류리뷰 - 면접전형 (최대 3회) - 레퍼런스 체크 - 합격[보상 제도]▶Stock Option 보상▶홈클리닝 서비스 제공▶4대보험 가입 및 퇴직금 별도[업무환경]▶최신기종 랩탑 및 듀얼 모니터 제공▶유연근무제, 반려동물과 함께 출근 가능▶휴게공간 라운지 이용 24/7▶조식 제공 및 간식, 커피, 크래프트 비어 무제한▶핫플레이스 성수 근무[기타 유의사항]입사지원 서류에 허위사실이 발견될 경우, 채용 확정 이후라도 채용이 취소될 수 있습니다.\n"]}