{"url":"https://www.rocketpunch.com//jobs/68094/%EB%A1%9C%EB%B4%87-%EC%B9%B4%ED%8E%98-%EC%84%9C%EB%B2%84-%EA%B0%9C%EB%B0%9C-%EA%B5%AD%EB%82%B4-%EC%9C%A0%EB%AA%85-%EA%B7%B8%EB%A3%B9-%EA%B3%84%EC%97%B4%EC%82%AC-%EC%BB%A4%ED%94%BC-%ED%94%84%EB%9E%9C%EC%B0%A8%EC%9D%B4%EC%A6%88","title":"로봇 카페 서버 개발 - 국내 유명 그룹 계열사 커피 프랜차이즈","origin":"에이치알그룹","start_date":"01/14 ","newbie":"경력","content":["\n        주요 업무\n        로봇 카페 서버 개발\n      ","\n        업무 관련 기술 / 활동 분야\n        \n          Java\n          MySql DB\n          Git\n        \n      ","\n        채용 상세\n        [담당업무]    - 로봇 카페 서버 개발    - 네트워크/프로토콜 작성/병렬 프로그래밍/부스 테스트 자동화 [요구조건]    - Java 개발 경력 최소 2년 이상 (3~8년 대리급 선호)   - MySql DB 경험    - Git 혹은 Svn 을 업무에 사용한 경험    - 다양한 기술을 좋아하고 원활한 커뮤니케이션이 가능하신 분 [우대사항]    - 경력 5년 이상 ( 5 ~ 8년 선호)   - 멀티쓰레드 프로그래밍 경험    - 임베디드/아두이노 프로그램 경험   - 시리얼/Socket 을 통한 하드웨어 인터페이스 프로그램 경험    - 로봇 스크립트 프로그램 경험   - C# 개발 경험 [참고사항]    - 정규직 채용 / 수습기간 3개월 (최대 6개월)    - 주 5일 근무 (유연근무제 시행, 주말근무 없음)    - 식사제공 (점심시간 1시간 30분)    - 급여일 매월 10일    - 퇴직금, 연차수당 지급    - 채용절차: 서류검토 -\u003e 1차 실무진 면접 -\u003e 2차 임원 면접 -\u003e 3차 대표 면접    - 근무지: 경기도 성남시 분당구 ▣ 접수방법    1. 이력서(사진첨부 / 연락처 및 희망 연봉기재)    2. 자기(경력)소개서(근무회사 소개 및 주요 경력업무 위주로 기재)    3. 가급적 MS-word 자료를 부탁드립니다.    ※ 채용마감일이 따로 있지는 않으며 채용시 마감인 관계로 빠른 지원을 부탁드립니다.▣ 이력서접수 및 문의장윤재 (주)HRKOREA컨설턴트 ㅣ이사서울시 서초구 서초동 1340-6 남강빌딩 11층 (137-070) Tel : +82-2-3450-1284 Fax : +82-2-566-6022 Cell : +82-10-2782-7160  e-mail : yjjang@hrkorea.co.kr"]}