{"url":"https://www.rocketpunch.com//jobs/69862/%EB%AA%A8%EB%B0%94%EC%9D%BC-%EB%B0%8F-%EC%9B%B9-%EA%B8%B0%ED%9A%8D%EC%9E%90","title":"모바일 및 웹 기획자","origin":"주식회사 스파이더랩","start_date":"02/27 ","newbie":"경력","content":["\n        주요 업무\n                    - 기존 앱/웹 서비스 고도화 기획- 신규 서비스(앱/웹 통합 플랫폼) 기획- 시장조사 및 유사 서비스 벤치마킹- 사용자 설문조사 및 데이터 분석을 통한 사용자 니즈 파악- PM 역할(일정 조율, 이슈 파악 및 의사소통, 앱 테스트)- 프로젝트 성과 분석을 통한 개선 방향 도출- 서비스에 대한 이해를 바탕으로 관리 시스템 기획- 서비스 운영 정책 기…\n            더 보기\n            - 기존 앱/웹 서비스 고도화 기획- 신규 서비스(앱/웹 통합 플랫폼) 기획- 시장조사 및 유사 서비스 벤치마킹- 사용자 설문조사 및 데이터 분석을 통한 사용자 니즈 파악- PM 역할(일정 조율, 이슈 파악 및 의사소통, 앱 테스트)- 프로젝트 성과 분석을 통한 개선 방향 도출- 서비스에 대한 이해를 바탕으로 관리 시스템 기획- 서비스 운영 정책 기획 수립\n\n      ","\n        업무 관련 기술 / 활동 분야\n        \n          웹기획\n          웹서비스기획\n          모바일기획\n          모바일서비스기획\n          웹/앱기획\n          플랫폼서비스기획\n          UI/UX기획\n          PM\n          프로젝트 매니저\n        \n      ","\n        채용 상세\n                    담당업무- 기존 앱/웹 서비스 고도화 기획- 신규 서비스(앱/웹 통합 플랫폼) 기획- 시장조사 및 유사 서비스 벤치마킹- 사용자 설문조사 및 데이터 분석을 통한 사용자 니즈 파악- PM 역할(일정 조율, 이슈 파악 및 의사소통, 앱 테스트)- 프로젝트 성과 분석을 통한 개선 방향 도출- 서비스에 대한 이해를 바탕으로 관리 시스템 기획- 서비스 운영 …\n            더 보기\n            담당업무- 기존 앱/웹 서비스 고도화 기획- 신규 서비스(앱/웹 통합 플랫폼) 기획- 시장조사 및 유사 서비스 벤치마킹- 사용자 설문조사 및 데이터 분석을 통한 사용자 니즈 파악- PM 역할(일정 조율, 이슈 파악 및 의사소통, 앱 테스트)- 프로젝트 성과 분석을 통한 개선 방향 도출- 서비스에 대한 이해를 바탕으로 관리 시스템 기획- 서비스 운영 정책 기획 수립자격요건- 앱, 웹서비스에 대한 높은 이해도와 경험- 서비스 분석 및 개선 과정 전반에 대한 이해- 데이터 분석 능력- 논리적인 사고 능력- 실무 경력 1년 이상- 대졸 이상이런 분을 선호해요- 스타트업 또는 IT 회사에서 서비스 기획 경력- UI/UX에 대한 높은 이해도를 가진 분- 데이터에 강점이 있는 분- 초기기획부터 출시까지 A-Z를 경험해본 분- 정보 설계, UI Flow, Wireframe, 서비스 정책 수립 가능하신 분- 개발과정 전반에 대한 이해가 있으며, 개발자들이 쉽게 이해할 수 있는 SB작성 및 커뮤니케이션- 스타트업 또는 IT 회사에서 서비스 기획 경력- GA, SQL 등을 활용한 데이터 기반의 서비스 정량적 분석이 가능한 분- 자기계발과 학습 욕구가 높은 분예정되어 있는 신규 프로젝트를 꼼꼼히 기획(개선)/관리하여 출시까지 성공적으로 이끌어나가는 것이 목표입니다.서비스 전반에 관여하며 함께 더 나은 서비스를 만들기 위한 고민과 노력을 함께 해 나가게 될 것입니다.근무조건- 근무형태 : 정규직(수습:3개월)- 근무지 : 서울 \u003e 강남구- 근무요일 : 주5일- 근무시간 : 10시 00분 ~ 19시 00분- 급여 : 회사내규에 따름(면접 후 결정)전형절차- 서류전형 \u003e 1차면접 \u003e 임원면접 \u003e 최종합격※ 면접일정은 추후 통보됩니다.접수방법- 상시채용- 접수방법 : 이메일 접수제출서류- 이력서, 자기소개서 제출\n"]}