{"url":"https://www.rocketpunch.com//jobs/68275/%ED%95%8F%ED%8E%AB-%EC%9B%B9-%ED%94%84%EB%A1%A0%ED%8A%B8%EC%97%94%EB%93%9C-%EA%B0%9C%EB%B0%9C%EC%9E%90","title":"[핏펫] 웹 프론트엔드 개발자","origin":"Fitpet","start_date":"01/16 ","newbie":"경력","content":["\n        주요 업무\n        • CRM 등 백오피스 프론트페이지 제작• 자사몰 프론트엔드 페이지 개발\n      ","\n        업무 관련 기술 / 활동 분야\n        \n          React\n          Front-end\n          React.js\n          HTML5\n        \n      ","\n        채용 상세\n        자격요건• 웹 개발 경력이 3년 이상이신 분• 최신 framework/library 중 하나 이상을 능숙하게 사용하시는 분 (React, Vue.js, Angular 등)• 웹페이지 성능 최적화• 크로스 브라우징, 웹표준 이해• 컴포넌트 테스트( ex- storybook )• 타부서와 원할한 커뮤니케이션우대사항• TypeScript 능숙하게 사용• E-commerce 웹서비스 구축 경험• 하나 이상의 서버 언어 활용 또는 경험• PWA 사용 경험• 클라우드 서비스 사용경험 ( AWS )• 컴포넌트 테스트( ex- storybook )혜택 및 복지• 매월 첫 금요일 휴무.• 개인 노트북 + 모니터 + 업무 관련 필요장비 지원• 도서 지원 및 업무 관련 세미나, 컨퍼런스 참여 지원• 간식, 커피, 맥주 등 제공"]}