{"url":"https://programmers.co.kr/job_positions/1449","title":"Android Engineer","origin":"Coupang","start_date":"","newbie":false,"content":["기술 스택\nJava Kotlin","업무 소개\n\n우리는 고객만을 바라보는 회사입니다.\n오직 **“쿠팡 없이 어떻게 살았을까?”**라는 말을 고객에게 듣기위해 혁신을 거듭합니다.\n쿠팡은 2015년 국내 이커머스 기업 최초로 매출 1조원을 돌파하며세계에서도 유례를 찾기 힘들 정도로 빠르게 성장하고 있습니다. 쿠팡은 좋은 이커머스를 넘어, 세계최고의 이커머스 기업이 되고자 로켓배송, 정기배송, 로켓직구, 로켓페이, 최적의 상품 검색 컬럼버스등으로 최고의 고객 경험을 제공해 왔습니다. 세계 최고의 인재들이 모여 모바일 환경의 상품검색 및 발견 과정을 새롭게 생각한 모바일 퍼스트플랫폼, 매 시간 15만 개가 넘는 상품을 배송하는 데이터 기반의 물류 시스템 등을 통해 쿠팡은 한국이커머스 산업을 선도하고 있습니다. 한국을 넘어 우리와 함께 세계 최고의 이커머스 기업을 만들어갈열정적인 동료를 찾습니다. 또한 쿠팡은 서울을 비롯해 실리콘밸리, 시애틀, LA, 상하이, 베이징 등에 오피스가 있는 글로벌 기업입니다.\n\n쿠팡에서 Android engineer의 역할은?\n• Android 앱 내 다양한 기능 개발\n• 재사용이 가능한 공통 모듈 및 프레임워크 개발\n• 확장성과 테스트 자동화가 가능하도록 아키텍쳐 설계 및 개선\n• 앱이 빠르고 안전하게 동작할 수 있도록 보안 및 성능 개선\n• 모바일 앱을 위한 API 기능개발\n• Product Owner, UX Designer와 원만한 협업\n• 비즈니스 요구사항에 충족하는 개발","자격 조건\n\n본 포지션은** Junior to Senior **까지 다양한 레벨로 채용을 하고 있는 직무입니다.\n• Android 개발 최소 3년 이상\n• Android Mobile Application 개발 경험: Java, Kotlin, Gradle, RxAndroid, Glide, Mockito 등 사용\n• 코드 리뷰 경험이 있으신 분\n• 적극적으로 동료들과 소통하고 책임감이 있는 분\n• 원만한 커뮤니케이션 능력을 갖추고 비즈니스 요구사항을 잘 파악하는 분","우대 사항\n\n• 탁월한 문제 해결, 비판적 사고, 의사 소통 능력이 있으신 분\n• 서비스 개선에 대한 열의와 적극적 태도가 있으신 분\n• Agile/Scrum에 대한 높은 이해도를 보유하신 분\n• Android API에 대한 높은 이해도를 보유하신 분\n• CI/자동화 개발환경에 대한 높은 이해도가 있으신 분\n• Unit/UI Test 작성 경험이 있는 분"]}