{"url":"https://www.rocketpunch.com//jobs/58768/%EC%9B%B9%EA%B0%9C%EB%B0%9C","title":"웹개발","origin":"비알스톰","start_date":"02/07 ","newbie":"신입경력","content":["\n        주요 업무\n                    net 기반의 디비디비 사이트 운영 및 개발\n\n      ","\n        업무 관련 기술 / 활동 분야\n        \n          OOP\n          ms\n          azuer\n          Entity Framework\n          jQuery\n          HTML\n          웹개발\n          웹개발자\n          web\n          Web Service\n          Java\n          JavaScript\n        \n      ","\n        채용 상세\n                    담당업무- 디비디비 사이트 개발 및 관리자격요건 - OOP에 대한 개념이 있으신 분  - MS 최신 기술에 많은 관심이 있으신 분 - azuer 구성 및 관리가 가능하신 분 - Entity framework로 쿼리가 가능하신 분우대사항-해당직무 근무 경험\n\n            \n              \n                  \n                  \n                \n            \n          \n            \n              \n                  \n                \n            \n          \n            \n              \n                  \n+3                \n            \n          \n            \n              \n                  \n                \n            \n          \n            \n              \n                  \n                \n            \n          \n            \n              \n                  \n                \n            \n          "]}