{"url":"https://www.rocketpunch.com//jobs/66861/%EB%94%94%EC%A7%80%ED%84%B8-%ED%8D%BC%ED%8F%AC%EB%A8%BC%EC%8A%A4-%EB%A7%88%EC%BC%80%ED%84%B0-%EA%B2%BD%EB%A0%A5-4%EB%85%84%EC%B0%A8","title":"디지털 퍼포먼스 마케터 (경력, 4년차~)","origin":"트렌비","start_date":"02/21 ","newbie":"경력","content":["\n        주요 업무\n                    • 마케팅 예산 집행(월3-5억) 분석 및 리포트• 마케팅 채널 발굴 및 테스팅• 매체별 키워드 및 상품 인벤토리 관리• 퍼포먼스 테스트 및 데이터 기반의 인사이트 도출\n\n      ","\n        업무 관련 기술 / 활동 분야\n        \n          온라인마케팅\n          Google Analytics\n          그로스해킹\n          바이럴마케팅\n          앱마케팅\n          모바일광고\n        \n      ","\n        채용 상세\n                    자격요건• 최소 4년 이상의 마케팅 경험• 커머스 영역의 채널 분석 및 마케팅 집행경험• 데이터기반의 의사결정 사고를 가지고 있는분• 엑셀을 잘 다룰 수 있으며, 큰 데이터를 다룰 수 있는 사람\n"]}