{"url":"https://www.rocketpunch.com//jobs/68182/%ED%95%9C%EA%B5%AD-%EC%88%A0-%EA%B2%BD%ED%97%98-%EA%B3%B5%EA%B0%84-%EC%88%A0%EB%8B%A4%EB%B0%A9-%EC%9A%B4%EC%98%81-%EC%A0%84%EB%AC%B8-%EC%A0%95%EC%A7%81%EC%9B%90-%EB%B0%8F-%ED%8C%8C%ED%8A%B8%ED%83%80%EC%9E%84-%EC%84%9C%EB%B9%84%EC%8A%A4-%ED%8C%90%EB%A7%A4%EC%A7%81","title":"한국 술 경험 공간 술다방 운영 전문 정직원 및 파트타임 서비스 판매직","origin":"술펀","start_date":"03/02 ","newbie":"인턴신입경력","content":["\n        주요 업무\n                    을지로(힙지로라 불리는 만선호프 인근 바로 그 동네)에 2018년 9월 오픈하여 자리잡은 한국 술 전문 공간 \"술다방\"운영할 정직원 및 파트타이머를 채용 중입니다.- 고객 응대- 홀서빙, 주류 및 식음료 판매- 술을읽다 서비스 연계 마케팅 및 프로모션- 청소 및 위생 관리- 우리술 스토리텔링 및 설명- SNS 및 카카오채널을 통한 홍보 및 마케팅 업…\n            더 보기\n            을지로(힙지로라 불리는 만선호프 인근 바로 그 동네)에 2018년 9월 오픈하여 자리잡은 한국 술 전문 공간 \"술다방\"운영할 정직원 및 파트타이머를 채용 중입니다.- 고객 응대- 홀서빙, 주류 및 식음료 판매- 술을읽다 서비스 연계 마케팅 및 프로모션- 청소 및 위생 관리- 우리술 스토리텔링 및 설명- SNS 및 카카오채널을 통한 홍보 및 마케팅 업무[채용 형태]\u003c풀타임 정직원\u003e- 주 2회 휴무- 17:00~24:30 (금토 25:00)- 경력에 따른 연봉 협상- 매출 인센티브, 프로모션 기획 인센티브 적용\u003c파트타임\u003e- 주 2~3회 근무가능(주3회 우선채용, 월수금/화목토/목금토)- 근무시간 19:00~23:30/ 휴게 30분- 시급 8600원(3개월 근속 9000원 / 이후 3개월 근속 시 500원씩 상승)- 정직원 채용 시 우대\n\n      ","\n        업무 관련 기술 / 활동 분야\n        \n          고객관리\n          서비스운영\n          고객지원\n          고객커뮤니케이션\n          상품판매\n          판매관리기획\n        \n      ","\n        채용 상세\n                    을지로가 힙지로가 되기 전부터 자리한 \"술펀\"의 우리술 전문 경험 공간 술다방에서 직원 및 파트타이머를 채용합니다. 그 동안 많은 분들이 고객으로 찾아주시고 관심을 보여 주셨는데 관련 분야 일경험을 쌓을 기회가 없어 문의주신 분들이 많았습니다. 학생들이나 직장인은 파트타임으로, 창업을 준비 중이거나 창업에 실패해 보신 분들은 직원으로 한국술 전문지식…\n            더 보기\n            을지로가 힙지로가 되기 전부터 자리한 \"술펀\"의 우리술 전문 경험 공간 술다방에서 직원 및 파트타이머를 채용합니다. 그 동안 많은 분들이 고객으로 찾아주시고 관심을 보여 주셨는데 관련 분야 일경험을 쌓을 기회가 없어 문의주신 분들이 많았습니다. 학생들이나 직장인은 파트타임으로, 창업을 준비 중이거나 창업에 실패해 보신 분들은 직원으로 한국술 전문지식을 쌓고 술펀의 다양한 마케팅 서비스를 경험할 수 있는 분들을 찾고 있습니다. - 고객들에게 편안한 공간을 제공하기 위한 전반적인 서비스를 담당합니다.- 정직원의 경우 3개월 수습 기간을 거쳐 정식계약 체결, 6개월 이상 성실하게 근무하시면 매니저 승진의 기회를 드립니다.- 매니저 1년 이상 근속 후 관련 분야 창업하실 경우 무상 컨설팅을 제공합니다.  - 외식업/판매업 신입인 경우 파트타임 근무 조건 부터 시작합니다. [자격요건]- 철저한 위생 및 재료 관리에 대한 책임감- 상대방의 니즈를 파악할 줄 아는 배려심- 대고객 커뮤니케이션 능력- 한국술에 대한 관심 및 흥미- 식재료에 대한 이해 - FLB 창업을 준비하는 분- 전통주에 대한 실전 경험이 필요하신 분- 일반 프랜차이즈 홀서빙/매장판매/매니저 경험이 있고 전문 분야 지식을 더하고 싶으신 분[우대사항]- 생활영어 및 바디랭귀지를 구사할 수 있는 용기(유창할 필요없음)- 중국어, 일어 외 제2외국어(필수 아님)- 영상, 이미지 편집 가능한 분- 관련 분야 창업을 해 보았으나 실패하신 분- 한국 말 유창한 외국인 지원 가능[채용절차]서류 접수 - 필드 면접(실제 하루 일해보기, 시급 지급) - 대면 면접 * 정직원과 파트타임 모두 절차는 동일하나 정직원의 경우 대면 면접시 별도의 테스트가 진행됩니다.[제출 서류]- 이력서(경력직인 경우 과거 경력 기술 포함)- RESUME including CV- 포트폴리오 추가 제출 시 우대(영상, SNS, 홍보물 등)\n\n            \n              \n                  \n                \n            \n          "]}