{"url":"https://www.rocketpunch.com//jobs/68486/UXUI-%EB%94%94%EC%9E%90%EC%9D%B4%EB%84%88","title":"UX/UI 디자이너","origin":"Stipop","start_date":"02/04 ","newbie":"경력","content":["\n        주요 업무\n                    - 스티팝 서비스 UX 설계 및 Prototyping- Web/App UI 디자인- 프로모션 콘텐츠 디자인\n\n      ","\n        업무 관련 기술 / 활동 분야\n        \n          UI/UX디자인\n          GUI디자인\n          Sketch\n          Adobe Illustrator\n        \n      ","\n        채용 상세\n                    우리는 '더 많은 채널에서 더 많은 사람들이 이모티콘을 통해 풍부한 커뮤니케이션을 할 수 있게' ,'더 많은 작가들에게 이모티콘을 선보이는 기회를 제공할 수 있게' 라는 비전으로세상에서 가장 많은 이모티콘과 채널사를 보유한 이모티콘 솔루션 서비스로 성장하고자 합니다.스티팝의 이모티콘 솔루션은 메신저, 랜덤 채팅, 키보드 앱, 데이팅 앱 등, 커뮤니케…\n            더 보기\n            우리는 '더 많은 채널에서 더 많은 사람들이 이모티콘을 통해 풍부한 커뮤니케이션을 할 수 있게' ,'더 많은 작가들에게 이모티콘을 선보이는 기회를 제공할 수 있게' 라는 비전으로세상에서 가장 많은 이모티콘과 채널사를 보유한 이모티콘 솔루션 서비스로 성장하고자 합니다.스티팝의 이모티콘 솔루션은 메신저, 랜덤 채팅, 키보드 앱, 데이팅 앱 등, 커뮤니케이션이 필요한 모든 산업분야에 적용이 가능합니다. 이러한 확장성과 전세계 유저들을 대상으로 글로벌 서비스를 운영하는 자부심으로 계속 빠르게 앞으로 나아가고 있습니다.우리는 2018년 8월에 B2C 서비스를 런칭하고 2019년 9월에 B2B 서비스를 런칭하면서, 전세계 이모티콘 작가 3000여명, 누적 이용자 수 150만명 이상이 사용하는 서비스로 성장했습니다. 이모티콘 솔루션 서비스가 본격적으로 진행되면서, 올해 엔드유저수는 1500만명을 목표로 하고 있습니다. 스티팝 팀과 함께 세상에서 가장 많은 이모티콘과 채널사를 보유한 이모티콘 솔루션 서비스를 만들어갈 특별한 당신을 기다리고 있습니다.[자격요건]- 해당 분야 2년 이상의 경력이 있는 분- 디자인 툴을 능숙하게 다룰 수 있는 분- UX 전략에 따라 UI설계 및 Prototype으로 제작이 가능한 분- 효율적인 커뮤니케이션에 능숙하고 책임감이 강한 분[우대사항]- 다양한 그래픽 스타일을 표현할 수 있는 분- 캐릭터 콘텐츠 산업에 관심이 많은 분- 영어 소통이 원활한 분[채용 형태]- 경력: 3개월 수습 후 평가에 따라 정규직 전환 여부 결정[채용 과정]- 서류 전형  → 직무 면접 → 인성 면접 순으로 진행[혜택 및 복지]근무시간: 당신의 소중한 시간- 오전 9시- 오후 6시- 눈치보지 않고 쓰는 연차- 본인 생일날 특별반차 근무환경: 삼성동에서 제일 좋은 뷰를 볼 수 있는 사무실에 입주해 있습니다 :)- 선릉역 10번 출구에서 3분거리 사무실- 최적의 업무 장비 지원식대 및 간식: 우리의 행복- 평일 점심 식사비 지원- 고급 커피 제공- 원하는 간식 무한 제공자기계발: 저희가 다 지원해 드릴게요~!- 자기 계발을 위한 도서, 세미나 참석 비용 지급- 그림 그리는 걸 좋아하는 분\n"]}