{"url":"https://www.rocketpunch.com//jobs/68860/Android-App-Developer-%EC%95%88%EB%93%9C%EB%A1%9C%EC%9D%B4%EB%93%9C-%EC%95%B1-%EA%B0%9C%EB%B0%9C%EC%9E%90","title":"Android App Developer (안드로이드 앱 개발자)","origin":"아카에이아이","start_date":"02/19 ","newbie":"인턴신입경력","content":["\n        주요 업무\n        교육용 로봇 뮤지오 내 앱 개발 및 유지보수작업을 진행합니다.뮤지오는 안드로이드 기반의 로봇이며, 이 포지션은 뮤지오 안에 내제된 다양한 앱들을 수정하고 새롭게 사용되어질 분야에 알맞게 개발해야 합니다.기존에 안드로이드 프로그래밍을 배워 능숙하게 다루실 수 있으신 분들을 채용하기를 희망하며,이 포지션에는 학력 제한이 전혀 없습니다. AKA와 함께하시면, 본인의 지원분야에 알맞은 일은 물론, \"본인이 정말로 원하는 일\"을 중심으로 회사와 본인의 비전을 조율하여 알맞은 업무를 배분해 드립니다.\n      ","\n        업무 관련 기술 / 활동 분야\n        \n          안드로이드\n          안드로이드개발자\n          Android앱개발\n          google-play-store\n          native app 개발\n          안드로이드개발\n          코틀린\n          Java\n        \n      ","\n        채용 상세\n        ▶ 채용부문 → Android App Developer▶ 담당업무→ 안드로이드 OS 기반의 로봇, 뮤지오의 앱 유지보수 및 신규 개발→ 제품과 연동된 Google Play 앱 유지 보수 및 개발▶ 지원조건→ 안드로이드 프로그래밍이 능숙하신 분→ 학력 제한 없음 (관련 학교,학과 졸업자 대상)▶ 우대사항→ 웹 프로그래밍이 가능하신 분→ 관련 대회 입상 경험 및 앱 개발 및 출시 경험 有▶ 제공사항→ 개인의 필요와 퍼포먼스에 따라 병역특례 포지션 제공 가능 (산업기능요원, 전문연구요원)→ 퍼포먼스에 따른 성과급 및 스톡옵션 제공▶ 이력서 제출 : info@akaintelligence.com (이메일 제출)▶ 홈페이지 : https://www.themusio.com/\n            \n              \n                  \n                  \n                \n            \n          \n            \n              \n                  \n                \n            \n          "]}