{"url":"https://www.rocketpunch.com//jobs/70340/VRIDGE%EC%99%80-%ED%95%A8%EA%BB%98%ED%95%98%EC%8B%A4-%EA%B0%9C%EB%B0%9C%EC%9E%90%EB%A5%BC-%EA%B5%AC%ED%95%A9%EB%8B%88%EB%8B%A4","title":"VRIDGE와 함께하실 개발자를 구합니다.","origin":"에스에스컴퍼니","start_date":"03/02 ","newbie":"경력","content":["\n        주요 업무\n        배달의 민족 같은 O2O 플랫폼 의 이해와 구현가능하신 분을 찾습니다.차량의 점검내역까지 자동관리 가능한 정비 플랫폼을 만들고자 하며, 시스템은 위에 플랫폼이 가장 이해하시기 편할 것 같습니다.여기에 빅데이터를 활용할 것이며, 차계부 시스템이 들어갈 예정입니다.자동차를 좋아하시는 분도 좋지만, 그렇지 않은 분도 좋습니다. 잘 모르시는 분이 계셔야 좀 더 초심자의 시각에서 바라볼 수 있기 때문입니다.  많은 관심 부탁드립니다.\n      ","\n        업무 관련 기술 / 활동 분야\n        \n          Front-end\n          풀스택개발\n          Back-end\n          Android\n          iOS\n        \n      ","\n        채용 상세\n        담당업무---자격요건----우대사항---"]}