{"url":"https://www.rocketpunch.com//jobs/69410/%EB%B0%B1%EC%97%94%EB%93%9C-%ED%8C%8C%EC%9D%B4%EC%8D%AC-%EC%84%9C%EB%B2%84-%EA%B0%9C%EB%B0%9C%EC%9E%90","title":"백엔드 파이썬 서버 개발자","origin":"아스테라","start_date":"02/14 ","newbie":"경력","content":["\n        주요 업무\n                    \"주변 맛집에서 갓 만든 도시락, 잇플\"잇플은 주변 맛집에서 갓 만든 신선한 도시락을 기다림 없이 6,000원에 테이크아웃할 수 있는 멤버십 서비스입니다. 아스테라는 점주와 소비자의 상생을 돕는 신개념 O2O 서비스 잇플을 개발하여 포장외식산업을 혁신시키고자 합니다. • 3분 소개영상 - https://www.youtube.com/watch?v=SH…\n            더 보기\n            \"주변 맛집에서 갓 만든 도시락, 잇플\"잇플은 주변 맛집에서 갓 만든 신선한 도시락을 기다림 없이 6,000원에 테이크아웃할 수 있는 멤버십 서비스입니다. 아스테라는 점주와 소비자의 상생을 돕는 신개념 O2O 서비스 잇플을 개발하여 포장외식산업을 혁신시키고자 합니다. • 3분 소개영상 - https://www.youtube.com/watch?v=SHjQAM1b9kY• 플래텀 기사 - https://platum.kr/archives/135449--대한민국 한 끼 평균 식사비용은 9,000원을 넘어섰고, 배달 앱의 최소 주문 금액은 15,000원에 추가로 평균 2,141원의 배달비용이 발생합니다. 이에 사용자는 저렴하게 끼니를 해결하기 어렵습니다. 점주 입장에서도 최대 16.5%에 달하는 높은 배달 서비스 수수료로 최소주문 금액과 음식 가격을 낮추는 것이 불가능합니다.아스테라는 이와 같이 사용자와 소상공인이 동시에 당면하고 있는 문제점을 해결하는 것에 반쯤 미쳐 있는 팀입니다. 그래서 변화하는 대한민국의 음식 소비문화에 맞춰, 일반 음식점의 메뉴를 멤버십 가입을 통해 간편하고 저렴한 도시락으로 이용할 수 있는 서비스, \"잇플\"을 개발하였습니다. \"잇플\"을 통해 사용자가 주변 다양한 식당의 메뉴를 저렴하고 간편한 포장음식으로 즐길 수 있도록 만들어주고, 점주는 미리 주문이 들어오는 포장음식 판매를 통해 매출 상승을 돕습니다. 현재 직장인과 1인가구 밀집도가 높은 강남, 역삼, 삼성지역에 50곳 이상의 제휴 점포를 확보하고 시장성 검증을 위한 베타 서비스 진행하고 있습니다. 더불어 최근 블루포인트 파트너스에서 투자를 유치 받아 필요한 자금도 확보하였습니다.아직 선두주자가 존재하지 않는 도시락과 테이크아웃 O2O 시장에서 저희 아스테라와 함께 혁신을 이끌어 나갈 분을 찾습니다. 아스테라에는 카카오, 네이버, 골드만삭스 등에서의 경력과 다수의 스타트업 창업과 엑싯 경험을 보유한 멤버들이 함께하고 있습니다.\n\n      ","\n        업무 관련 기술 / 활동 분야\n        \n          Python\n          MySQL\n          Django\n          Amazon AWS\n          Back-end\n          Git\n          서버\n        \n      ","\n        채용 상세\n                    ** hey@eatple.com 으로 포트폴리오, 기술경력서 또는 Github URL 중 하나를 꼭 공유해주시기 바랍니다.주요업무• AWS, Python, Django 를 활용한 서버 백엔드 시스템 개발• 서비스 아키텍쳐 설계 및 구현자격요건• AWS, Python, Django에 대한 깊은 이해• MySQL에 대한 이해• 개발 영역에서 탁월한 문제…\n            더 보기\n            ** hey@eatple.com 으로 포트폴리오, 기술경력서 또는 Github URL 중 하나를 꼭 공유해주시기 바랍니다.주요업무• AWS, Python, Django 를 활용한 서버 백엔드 시스템 개발• 서비스 아키텍쳐 설계 및 구현자격요건• AWS, Python, Django에 대한 깊은 이해• MySQL에 대한 이해• 개발 영역에서 탁월한 문제해결 능력 보유우대사항• 상용 서비스의 백엔드 시스템 개발 경험자• 백오피스 개발 경험자• Git을 이용한 버전관리에 능숙한 자• JIRA를 사용한 태스크 관리에 능숙한 자혜택 및 복지•\u2028맥주, 커피, 간식 등 무한제공합니다• 점심 식대를 지원합니다• 최신사양 노트북 및 모니터 지원합니다• 보드게임, 플레이스테이션을 포함한 휴게공간 제공합니다• 월 1회 회식 대신 멤버들과 문화생활을 함께합니다• 연차 18일 제공하고, 사유없는 자유로운 연차 / 반차 / 외출 사용이 가능합니다팀 문화• 정기적인 코드리뷰를 통한 시행착오 최소화합니다• 신기술 도입에 긍정적인 태도를 유지하고, 개발자의 방향제시를 적극 반영합니다• 자유롭고 수평적인 분위기를 만들어 일에 집중할 수 있도록 합니다• 초기 스타트업인 만큼 팀 문화를 멤버들과 함께 결정하는 분위기입니다\n\n            \n              \n                  \n                  \n                \n            \n          \n            \n              \n                  \n                \n            \n          \n            \n              \n                  \n+8                \n            \n          \n            \n              \n                  \n                \n            \n          \n            \n              \n                  \n                \n            \n          \n            \n              \n                  \n                \n            \n          \n            \n              \n                  \n                \n            \n          \n            \n              \n                  \n                \n            \n          \n            \n              \n                  \n                \n            \n          \n            \n              \n                  \n                \n            \n          \n            \n              \n                  \n                \n            \n          "]}