{"url":"https://programmers.co.kr/job_positions/1096","title":"서버개발자 (python)","origin":"버핏서울","start_date":"","newbie":false,"content":["기술 스택\nReact Native jQuery CSS HTML Django Python","업무 소개\n\n버핏서울은 온/오프라인을 함께하는 그룹 트레이닝을 통해 '운동의 즐거움' 과 '건강한 관계'를 만들어가고 있으며 론칭 2년 만에 6,000명이 넘는 유료고객을 확보하며 피트니스 시장에 새로운 반향을 일으켰습니다. 이러한 결과를 인정받아, 최근 컴퍼니케이파트너스, 카카오벤처스, 캡스톤파트너스에서 25억원 규모의 투자를 성공적으로 유치하였으며, 이번 채용을 통해 새로운 도약을 함께할 분들을 모시고자 합니다.\n\n현재의 web 어플리케이션(회원용/트레이너용)을 고도화하고, 기존에 없던 mobile 어플리케이션(회원용/트레이너용) 론칭 후 고도화 하는데 필요한 백엔드 개발이 주요업무가 될 것입니다. 또한 개발팀을 빌딩하는 단계에서 모시는 첫 번째 서버 개발자 분께는 개발문화를 주도적으로 만들어가고 개발팀을 이끌어가는 tech leader로서의 포지션을 요청드릴 예정입니다.\n\n연봉 및 근무조건은 경력 등에 따라 협의가 가능하며, 버핏서울이 찾는 인재 상에 적합한 분께는 초기 스타트업 중 최고 수준의 대우를 약속 드립니다.\n\n*경력 및 보유 역량에 따라 연봉 6,000만원 ~ 1억2,000만원 내에서 협의드릴 예정이며, 특히 현재 웹베이스를 앱베이스로 리딩해주실 수 있으시거나 개발 마일스톤을 정의하고 팀 매니징 까지 할 수 있는 CTO로서의 역량까지 보유하셨다고 판단되는 부분에 대해서는 확실한 베네핏을 제공할 예정입니다. (연차 5년 ~ 15년 CTO급 : 연봉 6,000만원 ~ 1억 2,000만원 범위에서 협의 / 연차 3년 ~ 8년 팀장급 : 연봉 4,000만원 ~ 9,000만원 범위에서 협의)\n\n버핏서울은 현재 명확한 BM과 함께 빠르게 성장중인 서비스입니다. 하지만 offline 교육 제공 서비스의 특성상 제대로 된 online 제품의 도움 없이는 운영의 비효율이 많고, 빠르게 확장하기 어렵습니다. 성장궤도에 오른 비즈니스에 제대로 된 web/app 제품이라는 또 하나의 날개를 달아주실, 그로 인해 회사와 함께 성장하는 경험을 원하시는 개발자 분들의 많은 지원 부탁드립니다.\n\n감사합니다.\n\n-버핏서울 팀 드림","자격 조건\nB2C 서비스의 웹서버 개발 경력 5년 이상이신 분\n능숙한 데이터 모델링과 API 디자인 역량\nDjango로 만든 서비스를 Linux에 배포해 본 경험\n개발에 대한 비개발자와의 커뮤니케이션 역량","우대 사항\n유사한 제품의 웹서버 개발 경력을 가지신 분\n개발팀의 리더 역할을 해보신 분\n관련 학위 소지자 (ex. 컴퓨터공학)\nmobile app 개발 및 출시 a to z 경험"]}