{"url":"https://www.rocketpunch.com//jobs/67659/%EB%A1%9C%EC%A7%80%EC%8A%A4%ED%8C%9F-QA-Engineer","title":"[로지스팟] QA Engineer","origin":"로지스팟","start_date":"02/26 ","newbie":"경력","content":["\n        주요 업무\n                    로지스팟 서비스의 소프트웨어 품질 관리 및 테스트 자동화 업무\n\n      ","\n        업무 관련 기술 / 활동 분야\n        \n          qa\n        \n      ","\n        채용 상세\n                    담당업무- 디지털 물류 플랫폼 로지스팟 서비스의 소프트웨어 품질 관리 업무- 다양한 기법 및 툴을 활용한 기능/비기능적 품질 관리 업무 - 기획/개발 산출물의 품질 검증과 리스크 관리- 테스트 자동화를 통한 사이드 이펙트 조기 발견 환경 개선자격요건- 소프트웨어 테스팅 경력 3년 이상- Mobile Platform(iOS/Android)에 대한 이해…\n            더 보기\n            담당업무- 디지털 물류 플랫폼 로지스팟 서비스의 소프트웨어 품질 관리 업무- 다양한 기법 및 툴을 활용한 기능/비기능적 품질 관리 업무 - 기획/개발 산출물의 품질 검증과 리스크 관리- 테스트 자동화를 통한 사이드 이펙트 조기 발견 환경 개선자격요건- 소프트웨어 테스팅 경력 3년 이상- Mobile Platform(iOS/Android)에 대한 이해 및 QA 경험이 있으신 분- 웹 브라우저별 특성에 대한 기본적인 이해와 경험이 있으신 분- 실시간 오류 보고 대응과 로그 및 데이터 기반의 원인/재현단계 파악이 가능하신 분- 빌링/정산/결제와 관련된 QA 경험이 있으신 분- JIRA, Confluence, Github 등의 협업도구를 사용해보신 분- 스타트업의 빠른 변화에 적응할 수 있는 유연한 사고를 갖고 있으신 분- 기획단계, 코드리뷰 단계에도 함께 동참할 수 있는 적극적인 자세와 의지가 있으신 분우대사항- 테스트 자동화 도구 및 개발 경험이 있으신 분- 물류 시장에 대한 관심과 이해도가 있으신 분\n"]}