{"url":"https://programmers.co.kr/job_positions/1448","title":"[Web] Backend 개발자","origin":"플리토","start_date":"","newbie":false,"content":["업무 소개\n\n• 플리토 서비스 개발\n• 백오피스 개발","자격 조건\n\n• 서버 개발 분야 3년 이상의 경력 혹은 그에 준하는 경험이 있으신 분\n• 웹서비스에 대한 기초 지식을 가지신 분\n• 코드 리뷰 및 협업에 능한 커뮤니케이션 능력을 가지신 분\n• 끊임없는 학습 능력을 갖추신 분","우대 사항\n\n• 오픈 소스 개발 경력이 있으신 분\n• NodeJS 개발 경험 있으신 분\n• 영문 기술 문서에 거부감이 없으신 분"]}