{"url":"https://programmers.co.kr/job_positions/1491","title":"서버 프로그래머","origin":"투핸즈게임즈","start_date":"","newbie":false,"content":["기술 스택\nAmazon Web Services(AWS) Git Node.js JavaScript","업무 소개\n모바일 실시간 전략/골프 게임의 서버 컨텐츠 개발\n데이터 집계 및 분석\n AWS 서비스 개발 및 관리\n\n*프로젝트 배치는 최종 인터뷰에서 결정","자격 조건\nnode.js 숙련도가 높으신 분\nTcp / Ip 기반의 게임 서버 개발 경험이 있으신 분\nMongoDB, AWS, Linux 상용 서비스 경험이 있으신 분\nElasticSearch, Redis 사용 경험이 있으신 분\nC++을 사용한 프로젝트 개발 경험이 있으신 분 \n신기술에 대해 관심이 많고, 도전 정신이 뛰어나신 분\n문제의 원인을 파악하고, 해결하려는 열정이 높으신 분\n협업을 통한 긍정적인 커뮤니케이션이 가능하신 분","우대 사항\nnode.js 숙련도가 높으신 분"]}