{"url":"https://www.rocketpunch.com//jobs/70197/%EC%A6%9D%EA%B5%AD%EB%A7%88%EC%BC%80%ED%8C%85","title":"증국마케팅","origin":"석세스모드","start_date":"02/28 ","newbie":"소인턴신입경력","content":["\n        주요 업무\n        인바운드 관광객을 대상으로 한 O2O 커머스 서비스를 제공합니다. 주 고객은 관광객 중 비중이 큰 중국향 고객들로 이들을 대상으로 서비스를 홍보하고 관리합니다.\n      ","\n        업무 관련 기술 / 활동 분야\n        \n          온라인마케팅\n          소셜마케팅\n          콘텐츠마케팅\n          모바일광고\n          앱마케팅\n          중국어\n        \n      ","\n        채용 상세\n        담당업무- 중국향 SNS 채널 관리- 마케팅 콘텐츠 개발 및 중국어 통번역 - 외국 고객 대응 및 관리자격요건- HSK 6급 혹은 그에 준하는 중국어 능력우대사항- 마케팅 경험- 기업 근무 경험\n            \n              \n                  \n                \n            \n          \n            \n              \n                  \n                \n            \n          "]}