{"url":"https://www.rocketpunch.com//jobs/69983/TENDOM-%ED%95%A8%EA%BB%98-%EC%84%B8%EC%83%81%EC%97%90-%EC%84%A0%ED%95%9C-%EA%B0%80%EC%B9%98%EB%A5%BC-%EB%82%A8%EA%B8%B8-%ED%8D%BC%ED%8F%AC%EB%A8%BC%EC%8A%A4-%EB%A7%88%EC%BC%80%ED%84%B0%EB%A5%BC-%EB%AA%A8%EC%8B%AD%EB%8B%88%EB%8B%A4","title":"[TENDOM] 함께 세상에 선한 가치를 남길 퍼포먼스 마케터를 모십니다.","origin":"텐덤","start_date":"02/17 ","newbie":"경력","content":["\n        주요 업무\n        ■ 담당업무- 페이스북 및 다양한 paid 채널을 활용한 퍼포먼스 마케팅- SNS 및 다양한 광고 채널을 활용한 전략기획 및 실행- 바이럴이 될 수 있는 콘텐츠, 상품 기획을 통한 마케팅- 퍼포먼스 마케팅에서 그로스해킹까지 전략 기획- 다양한 프로모션 기획과 실행■ 자격요건- 실패를 두려워하지 않고 도전을 즐길 수 있는 분- 3rd party attribution tool, analytics tool을 활용한 데이터 분석이 가능하신 분- 상황에 따라 필요한 정도의 프로토타입을 제작할 수 있는 순발력- 광고소재 테스트나 랜딩페이지 테스트등 A/B테스트를 통해 퍼포먼스의 개선에 대한 경험이 있으신 분- 기획자, 콘텐츠 에디터 및 협업 부서와의 원활한 커뮤니케이션 능력을 갖춘 분- 고객 니즈 및 데이터를 바탕으로 논리적으로 문제를 정의하고 솔루션을 도출할 수 있는 분- 세상에 선한 가치를 남기고 싶은 분- 데이터를 통해 빠르게 규모를 성장시키는 일에 재미를 느끼시는 분■ 우대사항- 스타트업 및 IT 기업 경험이 있으신 분- TENDOM의 운영 서비스와 철학을 이해하시는 분- ROAS, ROI가 좋은 퍼포먼스를 만들어낸 경험이 있으신 분- 의사소통 및 협업에 능숙하신 분■ 지원방법- 로켓펀치로 지원해주시면 개별 연락 드리겠습니다.- 포트폴리오를 꼭 첨부해주세요!■ 기타- 지원서 허위기재 사실이 발견될 시에는 불합격 또는 입사 취소됩니다.- 지원서에 민감 개인 정보 (주민등록번호 등)가 기재되지 않도록 유의하여 주십시오.\n      ","\n        업무 관련 기술 / 활동 분야\n        \n          온라인마케팅\n          퍼포먼스마케팅\n          Google Analytics\n          디지털마케팅\n          콘텐츠마케팅\n          그로스해킹\n          소셜마케팅\n          브랜드마케팅\n          페이스북\n        \n      ","\n        채용 상세\n        TENDOM은 IT기술을 활용하여 커리어 정보를 보다 즐겁게 만들어가는 회사입니다.우리는 \u003c애드캠퍼스\u003e, \u003c베어유\u003e 모바일 서비스를 통해 청소년부터 성인까지 다양한 진로선택에 도움을 줄 수 있는 콘텐츠를 제공하는 회사입니다.\u003c애드캠퍼스란?\u003eURL : www.addcampus.com기존에 알지 못했던 대학 정보를 누구나 쉽고 간편하게 접근할 수 있는 서비스로 다양한 대학정보를 통해 청소년과 대학생들의 성장을 도와주고 있습니다.\u003c베어유란?\u003eURL : www.bear-u.com다양한 커리어 분야의 지식을 쉽고 재미있게 이해할 수 있도록 도와주는 온라인 클래스입니다. 언제 어디서나 들을 수 있도록, 세상에 모든 지식을 쉽고 빠르게 전달할 수 있도록 퀄리티 높은 영상으로 온라인 클래스를 제공합니다.TENDOM은 단순히 콘텐츠를 제공하는 서비스가 아닌, 교육 문화를 바꾸는 서비스로 성장하고 있습니다. 사용자의 교육 문화를 개선하고 성장시키는 사회적인 책임과 동시에 팀원들이 함께 성장하는 모습을 꾸준히 그려왔습니다. 설립 후 팀원 모두가 성장해온 이야기는 다음과 같습니다.- Google x 중기부 창구프로그램 R\u0026D 연구개발자금 지원 선정(2019)- Google x 중기부 창구프로그램 사업화자금 지원 선정(2019)- 신용보증기금 NEST 4기 선정(2018)- 벤처기업 인증(2018)- 스마일게이트 오렌지팜 패밀리 선정(2018)- 진학사\u0026애드캠퍼스, 진학사 점수공개 리포트 서비스에 대학 리뷰 정보 제공- 야나두\u0026애드캠퍼스, 중기청 선도벤처연계지원사업 선정- 앱스토어 전체 부문 4위, 교육부문 1위, 구글플레이스토어 교육부문 1위- 총 사용자 60만명 돌파, 대학정보 교육부문 사용자 1위, 사용자 평가 신뢰도 1위, 편리성 1위- 애드캠퍼스 어플리케이션 pv 1.7억 콘텐츠 view 돌파- 미래에셋대우 청년점프업오디션 우수상 수상 (사단법인 함께만드는세상)- 사회적기업가 육성사업선정(16년도), 우수팀 선정- SMART 창업경진대회 사회적기업진흥원장상 수상 (한국사회적기업진흥원)- 창조경제타운 우수아이템 선정(2016)- KU-startup 창업경진대회 대상 수상혼자서는 해낼 수 없었을 이야기들을 함께 모여 가능하게 만들어왔고, 이제는 더 큰 가능성을 만들어가고 있습니다. 더 큰 미래를 위해 당신과 함께 하고 싶습니다.그외 \u003c대학의 모든것, 텐덤\u003e 외 다수 페이스북 페이지 운영 중"]}