{"url":"https://programmers.co.kr/job_positions/1062","title":"서버 개발자 ","origin":"웨이브스톤","start_date":"","newbie":false,"content":["기술 스택\nJavaScript Git Node.js Python Spring MySQL Java","업무 소개\n\n- 암호화폐 데이터 수집용 시스템 개발\n- 코드 품질 개선 및 리팩토링","자격 조건\n\n(1년)\n- Java, Spring 및 Design Pattern 애 대한 이해\n- Python 데이터 분석 및 웹개발 경험\n- RESTful API 서버에 대한 이해 및 구현 능력\n- 기본적인 SQL문 작성 능력\n- Git 사용 경험\n\n(5년)\n- Java, Spring(/Boot) 및 Design Pattern 애 대한 이해\n- ReactiveX (RxJava, Reactor) 경험자 우선 채용\n- 분산 처리 시스템에 대한 이해/경험\n- AWS 이해와 활용 능력\n- Python 데이터 분석 및 웹개발 경험\n- Git 사용 경험","우대 사항\n\n- 관련 경력 1년 이상\n- 컴퓨터공학과 출신 선호\n- 금융, 트레이딩 업에 관심이 많으시고, 기본적인 이해가 있으신 분!\n- 호기심이 많고, Learning Curve가 좋으신 분!"]}