{"url":"https://www.rocketpunch.com//jobs/66916/%ED%92%80%EC%8A%A4%ED%83%9D-%EA%B0%9C%EB%B0%9C%EC%9E%90","title":"풀스택 개발자","origin":"와이폴라리스","start_date":"12/16 ","newbie":"경력","content":["\n        주요 업무\n        풀스택 개발 및 총괄\n      ","\n        업무 관련 기술 / 활동 분야\n        \n          Android\n          Java\n          C#\n          Node.js\n          JSP\n          iOS\n          Python\n          Back-end\n          풀스택개발\n          서버관리\n          Front-end\n        \n      ","\n        채용 상세\n        담당업무- 백엔드 설계, 구축- 데이터베이스 (MySQL)- 리눅스 서버개발- ios/android/web 개발자격요건- 이공계열- 경력 5년이상우대사항- 딥러닝(AI) 인공지능 개발 경험- 쇼핑/유통 서비스 관련 경력-"]}