{"url":"https://www.rocketpunch.com//jobs/65570/%EC%86%8C%EC%85%9C%EA%B2%8C%EC%9E%84fun%EA%B2%8C%EC%9E%84-%EC%BD%98%ED%85%90%EC%B8%A0%EB%B0%8F-%ED%94%8C%EB%9E%AB%ED%8F%BC-%EA%B3%B5%EA%B8%89","title":"소셜게임,fun게임 콘텐츠및 플랫폼 공급","origin":"에프엠도트","start_date":"11/13 ","newbie":"경력","content":["\n        주요 업무\n        게임플랫폼 웹기획업무 전반\n      ","\n        업무 관련 기술 / 활동 분야\n        \n          Game Development\n        \n      ","\n        채용 상세\n        담당업무기획 UI/UX--자격요건----우대사항-즉시근무가능자 우대--"]}