{"url":"https://www.rocketpunch.com//jobs/67439/8%ED%8D%BC%EC%84%BC%ED%8A%B8-Python-%EA%B0%9C%EB%B0%9C%EC%9E%90-%EC%8B%A0%EC%9E%85%EA%B2%BD%EB%A0%A5-%EC%82%B0%EC%97%85%EA%B8%B0%EB%8A%A5%EC%9A%94%EC%9B%90-%EC%A0%84%EC%A7%81%EB%B3%B4%EC%B6%A9%EC%97%AD-%EA%B0%80%EB%8A%A5","title":"8퍼센트 Python 개발자 (신입/경력, 산업기능요원 전직/보충역 가능)","origin":"에잇퍼센트","start_date":"12/30 ","newbie":"신입경력","content":["\n        주요 업무\n                    1) 에잇퍼센트의 웹서비스 설계와 개발2) 금융 데이터 분석과 분석 플랫폼 운영- 은행의 기본 시스템을 만듭니다. 생각보다 돈을 받고 빌려주는 것은 쉽지 않습니다. 복잡한 DB 설계와 결함 없는 Transaction 관리를 필요로 합니다.- 다양한 곳과 연계를 합니다. 금융의 세상은 혼자 힘으로 다 잘할 수가 없습니다. 많은 곳과 효과적으로 연동을 …\n            더 보기\n            1) 에잇퍼센트의 웹서비스 설계와 개발2) 금융 데이터 분석과 분석 플랫폼 운영- 은행의 기본 시스템을 만듭니다. 생각보다 돈을 받고 빌려주는 것은 쉽지 않습니다. 복잡한 DB 설계와 결함 없는 Transaction 관리를 필요로 합니다.- 다양한 곳과 연계를 합니다. 금융의 세상은 혼자 힘으로 다 잘할 수가 없습니다. 많은 곳과 효과적으로 연동을 하기 위한 방법들을 고민하고 또 준비하고 있습니다.- 8퍼센트 웹 서비스를 만들어 갑니다. 많은 사람들이 자신의 돈을 맡기고 빌려가는 서비스입니다. 신뢰를 줄 수 있고 어려운 금융 정보를 효과적으로 전달할 수 있는 방법을 고민하고 구현합니다.- 데이터를 체계적으로 관리하고 이로부터 사업에 필요한 인사이트를 얻고 신용평가모델을 개선 할 수 있는 시스템을 만듭니다.\n\n      ","\n        업무 관련 기술 / 활동 분야\n        \n          Python\n          Django\n          Back-end\n          GitHub\n          Amazon AWS\n          Git\n          Front-end\n          Vue.js\n        \n      ","\n        채용 상세\n                    [어떻게 일하나요?]내부적으로 칸반을 사용하고 있습니다. 하지만 스크럼과 같이 주기를 가지고 일을 하며 2주에 한 번씩 전체 앞에서 데모를 하고 있습니다.매일 아침 데일리 미팅을 통해 서로의 이야기를 나누고 진행 상황의 싱크를 맞춥니다.저희가 사용하고 있는 기술 스택을 참고 해 주세요. 특히 업무 도구로는 슬랙, 트렐로, 컨플루언스를 사용합니다.팀워…\n            더 보기\n            [어떻게 일하나요?]내부적으로 칸반을 사용하고 있습니다. 하지만 스크럼과 같이 주기를 가지고 일을 하며 2주에 한 번씩 전체 앞에서 데모를 하고 있습니다.매일 아침 데일리 미팅을 통해 서로의 이야기를 나누고 진행 상황의 싱크를 맞춥니다.저희가 사용하고 있는 기술 스택을 참고 해 주세요. 특히 업무 도구로는 슬랙, 트렐로, 컨플루언스를 사용합니다.팀워크샵을 함께 갑니다.(https://brunch.co.kr/@leehosung/52)[어떤 사람을 찾고 있나요?]지적 겸손을 갖추신 분개인의 성과보다 팀의 성과에 더 큰 가치를 두는 분내일 사용할 수 있는 공부를 오늘 하고, 어제 공부한 것은 오늘 사용하실 수 있는 분팀에 긍정적인 영향력을 발휘할 수 있는 분경력과 관계가 없지만, Python을 사랑하시는 분을 찾습니다.백엔드를 하고 싶다면 백엔드를 프론트엔드를 하고 싶다면 프론트엔드를 하실 수 있습니다. 다만 다른 파트의 코드를 이해할 수 있으면 좋습니다.*산업기능요원의 경우 전직/보충역 가능합니다.[저희는 현재 다음과 같은 일을 하고 있습니다.] - 은행의 기본 시스템을 만듭니다. 생각보다 돈을 받고 빌려주는 것은 쉽지 않습니다. 복잡한 DB 설계와 결함 없는 Transaction 관리를 필요로 합니다.- 다양한 곳과 연계를 합니다. 금융의 세상은 혼자 힘으로 다 잘할 수가 없습니다. 많은 곳과 효과적으로 연동을 하기 위한 방법들을 고민하고 또 준비하고 있습니다.- 8퍼센트 웹 서비스를 만들어 갑니다. 많은 사람들이 자신의 돈을 맡기고 빌려가는 서비스입니다. 신뢰를 줄 수 있고 어려운 금융 정보를 효과적으로 전달할 수 있는 방법을 고민하고 구현합니다.- 데이터를 체계적으로 관리하고 이로부터 사업에 필요한 인싸이트를 얻고 신용평가모델을 개선 할 수 있는 시스템을 만듭니다.[제출 서류]• 접수 이메일: hr@8percent.kr• 자유양식의 이력서, 자기소개서 (pdf로 보내주세요)• 서류접수 -\u003e 사전 인터뷰 -\u003e 직무 인터뷰 -\u003e 임원 인터뷰 -\u003e 최종 합격 발표CTO 이호성 님이 작성한 이전 구인 공고(https://brunch.co.kr/@8percent/23) 를 참고하세요. 회사 문화에 대해서는 8퍼센트 브런치(https://brunch.co.kr/magazine/8percent) 를 참고하세요.8퍼센트가 사용하고 있는 개발 스택은 https://stackshare.io/8percent/8percent 를 참고하세요.8퍼센트 프로덕트 블로그: https://8percent.github.io/ 혜택 및 복지- 역량에 맞는 급여, 옵션 제공- 쾌적한 근무환경 (강남역 6번 출구에서 1분 거리)- 뛰어난 동료- 탄력적 출퇴근 제도- 업무 관련 비용 제공- 연 1회 종합 건강 검진- 특별한 점심 : 랜덤 4인 1조로 월 1회 동료들과의 즐거운 시간- 함께하는 스터디: 오셔서 원하는 스터디를 만드실 수 있습니다.- 말랑말랑 세미나 : 외부 연사 초청 세미나, 흥미롭고 말랑말랑한 주제로 학습 기회 제공, 자율 참여로 외부와의 소통\n"]}