{"url":"https://www.rocketpunch.com//jobs/69058/%ED%94%BC%ED%84%B0%ED%8C%AC%EC%9D%98-%EC%A2%8B%EC%9D%80%EB%B0%A9-%EA%B5%AC%ED%95%98%EA%B8%B0-%EA%B2%BD%EB%A0%A5%EC%A7%81-%EB%A7%88%EC%BC%80%ED%84%B0-%EC%B1%84%EC%9A%A9-%EA%B2%BD%EB%A0%A5-3%EB%85%84-%EC%9D%B4%EC%83%81","title":"피터팬의 좋은방 구하기 경력직 마케터 채용 (경력 3년 이상)","origin":"피터팬의 좋은방 구하기","start_date":"02/05 ","newbie":"경력","content":["\n        주요 업무\n                    - 디지털 퍼포먼스 마케팅 기획, 운영, 광고 효율 분석, 예산 관리 등- 대행사 및 매체사 커뮤니케이션- 기존 Paid Channel 운영과 성과 개선 및 신규 Channel 발굴 테스트 - 트레킹 분석 툴을 활용한 데이터 체크 및 지표 리포트\n\n      ","\n        업무 관련 기술 / 활동 분야\n        \n          온라인마케팅\n          디지털마케팅\n          브랜드마케팅\n          콘텐츠마케팅\n          퍼포먼스마케팅\n          마케팅기획\n          앱마케팅\n          마케팅분석\n          Online Marketing\n          Digital Marketing\n        \n      ","\n        채용 상세\n                    자격요건- 책임감이 있고, 셀프 동기 부여가 가능하신 분- 스스로 업무의 완성도를 높일 수 있는 디테일한 분- data-driven 사고를 가지신 분- 원활한 업무 커뮤니케이션이 가능하신 분- 온라인 디지털 마케팅 관련 경력 3~5년 이상- 구글, 네이버, 페이스북, AD네트워크 광고 집행 및 운영 경험- 트레킹 분석 툴 사용 경험(3rd party…\n            더 보기\n            자격요건- 책임감이 있고, 셀프 동기 부여가 가능하신 분- 스스로 업무의 완성도를 높일 수 있는 디테일한 분- data-driven 사고를 가지신 분- 원활한 업무 커뮤니케이션이 가능하신 분- 온라인 디지털 마케팅 관련 경력 3~5년 이상- 구글, 네이버, 페이스북, AD네트워크 광고 집행 및 운영 경험- 트레킹 분석 툴 사용 경험(3rd party tool, GA 등)우대사항- 온라인 마케팅 대행사, 미디어렙사 근무 경험자 우대- 관련 분야에서 4년 이상의 경력을 가지신 분\n"]}