{"url":"https://www.rocketpunch.com//jobs/63192/%ED%81%B4%EB%A0%88%EC%96%B4%EB%8A%94-%EB%94%94%EC%9E%90%EC%9D%B4%EB%84%88%EC%99%80-%EB%A7%88%EC%BC%80%ED%84%B0%EB%A5%BC-%EC%B0%BE%EA%B3%A0%EC%9E%88%EC%96%B4%EC%9A%94-%ED%97%AC%EC%8A%A4%EC%BC%80%EC%96%B4%EB%B6%84%EC%95%BC","title":"클레어는 디자이너와 마케터를 찾고있어요 \u003e_\u003c (헬스케어분야)","origin":"클레어","start_date":"02/21 ","newbie":"신입경력","content":["\n        주요 업무\n                    - 30~50대 고소득자 \u0026 30~40대 아이를 키우는 부모님들 고객들에 대한 이해- 고관여제품에 대한 프리미엄 멤버십 기반의 브랜드 디자인- 후기마케팅 기반의 정보 전달부터 구매유도까지의 마케팅 과정 설계 및 컨텐츠 제작- 서비스 중에 받는 고객의 UI/UX 설계- 마케팅 자료 기획 및 디자인, 제작\n\n      ","\n        업무 관련 기술 / 활동 분야\n        \n          온라인마케팅\n          브랜드마케팅\n          Adobe Photoshop\n          Adobe Illustrator\n          UI/UX디자인\n        \n      ","\n        채용 상세\n                    입사일 협의 (3월 중순 ~ 3월말으로 생각하고 있으며 그 이외도 협의 가능)담당업무- 고객조사 기반의 서비스 브랜딩과 UX설계- 소개 랜딩페이지 기획- 고객의 유입부터 구매 확정, 서비스 제공까지의 Journey Map 기반의 자료 기획 및 제작- 서비스 자료 제작(Photoshop, Illustrator)자격요건- 브랜드 마케팅 또는 SNS 마케…\n            더 보기\n            입사일 협의 (3월 중순 ~ 3월말으로 생각하고 있으며 그 이외도 협의 가능)담당업무- 고객조사 기반의 서비스 브랜딩과 UX설계- 소개 랜딩페이지 기획- 고객의 유입부터 구매 확정, 서비스 제공까지의 Journey Map 기반의 자료 기획 및 제작- 서비스 자료 제작(Photoshop, Illustrator)자격요건- 브랜드 마케팅 또는 SNS 마케팅 기획/제작 경험- Photoshop, Illustrator 및 시각디자인 관련 스킬 보유우대사항- 앱이나 특정 서비스를 이용할 때 UX를 중요하고 깐깐하게 여기시는 분- IT분야 업종의 사람들과 함께 어울려나가실 분기타사항안녕하세요, KAIST출신 창업팀 CLAIRE입니다.우리는 미세먼지, 새집증후군으로부터 자유롭게 숨쉴 수 있는 세상을 만들어가고 있습니다.이를 위해 아파트내 AI기반 공기질 관리서비스를 론칭하여 서비스하고 있습니다.https://www.youtube.com/watch?v=1xJ8QtSr52w\u0026feature=youtu.be\u0026t=2252팀원을 찾습니다!!우리는 어마무시하게 유명하신 노정석님과 함께 사업을 진행하고 있고, 설립 4개월만에 1억 시드투자 및 4억 지원금, pre-A 투자유치를 통해 빠르게 성장해나가고 있어요! 또, 실리콘밸리 출신의 AWAIR 공기질 센서 업체와 함께 협업하면서 어메리칸 스타일로 실내 환기 문제를 해결해나가고 있습니다 ♨강남 선릉역 D.camp 바로 옆건물에서 선릉, 정릉 뷰가 끝내주는 사무실에서 같이 즐겁게 성장하며 일해요!우리와 함께 어울리며 마음껏 숨쉴 수 있는 세상을 만들 자유로운 영혼의 팀원 분을 모십니다!!\n\n            \n              \n                  \n                \n            \n          \n            \n              \n                  \n                \n            \n          \n            \n              \n                  \n+3                \n            \n          \n            \n              \n                  \n                \n            \n          \n            \n              \n                  \n                \n            \n          \n            \n              \n                  \n                \n            \n          "]}