{"url":"https://www.rocketpunch.com//jobs/69147/%EC%8B%A4%EB%A6%AC%EC%BD%98%EB%B0%B8%EB%A6%AC-%EC%8A%88%ED%8D%BC%EC%8A%A4%ED%83%80%ED%8A%B8%EC%97%85-%ED%95%9C%EA%B5%AD-%EC%98%A4%ED%94%BC%EC%8A%A4-Cloud-Infrastructure-DevOps-Engineer","title":"실리콘밸리 슈퍼스타트업 한국 오피스 Cloud Infrastructure (DevOps) Engineer","origin":"뤼드코리아","start_date":"02/06 ","newbie":"경력","content":["\n        주요 업무\n        Build and deploy automated software deployment pipelines, infrastructure-as-code, config management and monitoring toolsMaintain and Improve our Continuous Integration / Continuous Deployment Infrastructure stackAutomate infrastructure and configuration managementMonitor server resources\n      ","\n        업무 관련 기술 / 활동 분야\n        \n          devops\n          devops engineer\n          infrastructure\n          Amazon AWS\n          Python\n          Java\n          INFRA\n        \n      ","\n        채용 상세\n        자격요건- DevOps experience or similar software engineering role- Strong scripting and (e.g. Python) and automation skills- Experience of working in AWS Cloud infra- Experience with system monitoring tools- Knowledge of Container- Familiar with SQL and NoSQL우대사항- Experience with logging systems- Experience with multi-region deployment- Experience handling massive concurrent connections and processing large-scale traffic- Understanding of Unix/Linux systems- Understanding of Python, Java, and Event-Driven Frameworks- Understanding of TCP/IP and network programming- Understanding of RDBMS, NoSQL and distributed databases- Understanding of server virtualization, global infrastructures, load balancing, and handling massive data traffic"]}