{"url":"https://www.rocketpunch.com//jobs/53830/%EA%B0%9C%EB%B0%9C%ED%8C%80-%EC%86%8C%ED%94%84%ED%8A%B8%EC%9B%A8%EC%96%B4-%EC%97%94%EC%A7%80%EB%8B%88%EC%96%B4%EB%B3%91%EC%97%AD%ED%8A%B9%EB%A1%80-%EA%B0%80%EB%8A%A5","title":"개발팀 - 소프트웨어 엔지니어(병역특례 가능)","origin":"플라이하이","start_date":"12/02 ","newbie":"신입경력","content":["\n        주요 업무\n                    플라이하이 소프트웨어 엔지니어는 안정적인 서비스 운영을 위해 새로운 학습을 두려워하지 않는 자세를 가진 팀원으로, 입사 후 담당하실 업무에 대해 알려드립니다. - HTTP protocol에 대한 이해를 바탕으로 한 네트워크 패킷 분석- Digital Transformation solution에 대한 연구와 서비스 개발- 웹 서비스 분석과 스크래핑 (…\n            더 보기\n            플라이하이 소프트웨어 엔지니어는 안정적인 서비스 운영을 위해 새로운 학습을 두려워하지 않는 자세를 가진 팀원으로, 입사 후 담당하실 업무에 대해 알려드립니다. - HTTP protocol에 대한 이해를 바탕으로 한 네트워크 패킷 분석- Digital Transformation solution에 대한 연구와 서비스 개발- 웹 서비스 분석과 스크래핑 (Web service analysis \u0026 Scrapping)\n\n      ","\n        업무 관련 기술 / 활동 분야\n        \n          C\n          C++\n          packet-sniffers\n          HTML\n          JavaScript\n          Web Service\n        \n      ","\n        채용 상세\n                    --- 채용과 직무에 관한 자세한 설명은 아래 링크를 참고해주세요!https://www.notion.so/fhx/3aea528735fc46fd8e9a082fb01b2bec## 지원자격---- 커뮤니케이션 스킬이 좋은 분- 컴퓨터공학 등 소프트웨어 관련학과 석사 이상(졸업예정자 경우 편입 시기 조율)이거나,- 4급 보충역 판정자 중 소프트웨어 관련학과…\n            더 보기\n            --- 채용과 직무에 관한 자세한 설명은 아래 링크를 참고해주세요!https://www.notion.so/fhx/3aea528735fc46fd8e9a082fb01b2bec## 지원자격---- 커뮤니케이션 스킬이 좋은 분- 컴퓨터공학 등 소프트웨어 관련학과 석사 이상(졸업예정자 경우 편입 시기 조율)이거나,- 4급 보충역 판정자 중 소프트웨어 관련학과 학사 이상이신 분- 새로운 기술을 배우고 사용하는 것을 즐기는 분- 프로그래밍 언어에 종속되지 않고 엔지니어로의  역량 강화와 성장을 원하시는 분## 우대사항---- C/C++에 익숙하고 능숙한 분- Computer Science 분야의 학부기초 지식을 공부한 경험이 있는 분(운영체제, 자료구조 등)- 메인 프로그래밍 언어 이외 서브 프로그래밍 언어를 사용할 줄 아시는 분## 임직원 복지제도--- 플라이하이의 직원이되시면 다음과 같은 복지 혜택을 누리실 수 있으며, 지금 이 시간에도 직원을 위한 새로운 복지제도를 정비중입니다. - 중석식 실비 제공(아침 시리얼 제공)- 청년층 입사자를 위한 전월세 대출 지원, 내일채움공제 등- 직원 역량강화를 위한 임직원 교육 프로그램(유료) 준비- 소프트웨어 엔지니어를 위한 비공개 세미나 티켓 제공- 성과에 따른 성과급과 명절 상여 지급- 주말근무 시 대체 휴일 제공- 커피 머신과 간식 상시 구비- 법정 연차 자율 소진## 플라이하이가 더 궁금하시다면---- 재직 직원 인터뷰[20181107_플라이하이](https://www.facebook.com/watch/?v=296807751156917)- SNS트위터: [http://bit.ly/2LfnWyS](http://bit.ly/2LfnWyS)유튜브: [http://bit.ly/2J4NDiS](http://bit.ly/2J4NDiS)페이스북: [http://bit.ly/2Yf6DkY](http://bit.ly/2Yf6DkY)블로그: [http://bit.ly/2NlVDRE](http://bit.ly/2NlVDRE)\n\n            \n              \n                  \n                  \n                \n            \n          \n            \n              \n                  \n                \n            \n          "]}