{"url":"https://www.rocketpunch.com//jobs/65772/%EB%A7%81%ED%81%AC%EC%83%B5%EC%8A%A4-%EB%B0%B1%EC%97%94%EB%93%9CBack-end-%EA%B0%9C%EB%B0%9C","title":"[링크샵스] 백엔드(Back-end) 개발","origin":"링크샵스","start_date":"11/18 ","newbie":"경력","content":["\n        주요 업무\n                    동대문 2만여개의 도매상가와 전국 50만여개의 소매상가를 이어주는 e커머스 플랫폼 (주)링크샵스 입니다.국내 최대 규모의 패션 중심지 동대문에서, 주목받는 e커머스 플랫폼으로 인정 받기까지 많은 노력과 시간이 필요했습니다.이제는 글로벌 패션 e커머스의 중심으로 발돋움 하기 위해 노력하고 있으며, 이 글을 읽고 있는 여러분들이 링크루(Linkrew)로…\n            더 보기\n            동대문 2만여개의 도매상가와 전국 50만여개의 소매상가를 이어주는 e커머스 플랫폼 (주)링크샵스 입니다.국내 최대 규모의 패션 중심지 동대문에서, 주목받는 e커머스 플랫폼으로 인정 받기까지 많은 노력과 시간이 필요했습니다.이제는 글로벌 패션 e커머스의 중심으로 발돋움 하기 위해 노력하고 있으며, 이 글을 읽고 있는 여러분들이 링크루(Linkrew)로서 함께 했으면 하는 바램입니다.※ 링크루(Linkrew)란, Link+Crew의 합성어로 링크샵스를 이끄는 크루들이라는 뜻.주요 업무는 링크샵스 플랫폼(Back-end)의 지속적인 개발을 담당하시게 됩니다.\n\n      ","\n        업무 관련 기술 / 활동 분야\n        \n          옴니채널\n          플랫폼\n          rdbms\n          웹프레임워크\n          nodejs\n          Spring\n          Amazon AWS\n          Elasticsearch\n          NoSQL\n          API\n          Git\n          logstash\n          spark\n          테스트 자동화\n        \n      ","\n        채용 상세\n                    [담당업무]• 패션 도매쇼핑몰 국내/해외 서비스 플랫폼개발• Omni channel 플랫폼 디자인 및 개발• 쇼핑몰  물류관리 플랫폼 디자인 및 개발[자격요건]• 2년이상 실무 개발• RDBMS 실무 사용 경험• 웹프레임워크 개발 경험 (nodejs, spring 등)• 논리적인 문제해결 능력 및 커뮤니케이션 능력-[우대사항]• Back-end : …\n            더 보기\n            [담당업무]• 패션 도매쇼핑몰 국내/해외 서비스 플랫폼개발• Omni channel 플랫폼 디자인 및 개발• 쇼핑몰  물류관리 플랫폼 디자인 및 개발[자격요건]• 2년이상 실무 개발• RDBMS 실무 사용 경험• 웹프레임워크 개발 경험 (nodejs, spring 등)• 논리적인 문제해결 능력 및 커뮤니케이션 능력-[우대사항]• Back-end : Nodejs 실무 2년이상, 실무DB 모델링 경험, AWS 경험• Elasticsearch/NoSQL 경험• Java script 개발경험• 비동기식 대용량 요청을 처리 환경(API 등을 통한)에 대한 경험• 버전관리시스템 사용 경험 (GIT)• 빅 데이터 로그 수집 및 분석 시스템 개발 경험 (logstash, spark 등)• 테스트 및 배포 자동화 경험[채용절차]• Stage1 : 본인을 자유롭게 표현해주세요. (Ctrl+C / Ctrl+V skill 사용금지!!!)• Stage2 : 실무진에서 적극 검토하겠습니다.(가능한 모든 분들께 면접의 기회 제공)• Stage3 : 우리의 아지트에서 팀 리더들과 좀 더 심도깊은 얘기를 나눠보아요.• Stage4 : 모든 스테이지를 클리어 하시면 링크루(Linkrew) 합류~![혜택 및 복지]• 글로벌 비즈니스에 참여할 수 있는 대박 찬스!!!• \"~님\"의 호칭과 함께 적극적인 의사표현이 가능한 토론 문화• 보정동카페거리 같은 분위기의 사내 라운지~♥• 연차는 당연히 쉬고 싶을때 사용하는거 아닌가요?• 각종 경조사 휴가는 기본옵션! 생일과 결혼기념일은 뽀너스 휴가!!!• 커피와 음료는 맘껏 드세요^^• 링크루(Linkrew)의 건강은 우리가 책임집니다 → 건강검진 비용지원\n"]}