{"url":"https://www.rocketpunch.com//jobs/65660/NHN-Service-%ED%8C%90%EA%B5%90%EA%B8%B0%EC%88%A0%EC%A7%80%EC%9B%90-%EA%B2%BD%EB%A0%A5-%EC%B1%84%EC%9A%A9","title":"[NHN Service] [판교]기술지원 경력 채용","origin":"엔에이치엔서비스","start_date":"12/05 ","newbie":"경력","content":["\n        주요 업무\n                    - 클라우드 및 레거시 플랫폼 기반의 사내/외 민간 · 공공 · 금융에 관한 고객 기술 지원 및 운영 업무\n\n      ","\n        업무 관련 기술 / 활동 분야\n        \n          devops\n          system\n          network\n          Linux\n          Microsoft Server Solution\n          RESTful-api\n        \n      ","\n        채용 상세\n                    자격요건- 아래 기술 분야 중 하나 이상의 풍부한 지식 및 운영 경험 보유자(2~6년이내)(DevOps, System, Network,   Linux, Microsoft Server Solution 등)- RESTful API 활용 경험자- 기술 문서 작성 및 가이드 경험이 풍부한 자우대사항- 대외 고객 기술 지원 경험자- Network, Linux…\n            더 보기\n            자격요건- 아래 기술 분야 중 하나 이상의 풍부한 지식 및 운영 경험 보유자(2~6년이내)(DevOps, System, Network,   Linux, Microsoft Server Solution 등)- RESTful API 활용 경험자- 기술 문서 작성 및 가이드 경험이 풍부한 자우대사항- 대외 고객 기술 지원 경험자- Network, Linux, Windows Server 트러블 슈팅 숙련자- 2년 이상의 개발 경험자(PHP, Python 등)지원방법- 당사 채용홈페이지에서 지원(https://recruit.nhn.com/ent/recruitings/20001184)기타사항- 당사 홈페이지 참조(http://www.nhnservice.com/ns/index.nhn)\n"]}