{"url":"https://programmers.co.kr/job_positions/1242","title":"OGQ Backgrounds - 안드로이드 개발자","origin":"OGQ","start_date":"","newbie":false,"content":["기술 스택\nAndroid Java Kotlin","업무 소개\n\nOGQ는 1,000만명의 글로벌 크리에이터, 누적 콘텐츠 다운로드 25억건, 월평균 3천만 건 이상의 콘텐츠가 소비되는 소셜 크리에이터 플랫폼을 개발하고 있습니다.\n\nOGQ Backgrounds\n누적 다운로드 2억에 가까운 세계 1위의 배경화면 모바일 서비스로, 앞으로 더 다양한 디지털 콘텐츠를 다룰 수 있는 플랫폼이 되고자 준비하고 있습니다.\n\nNaver OGQ 마켓\n네이버 블로그, 카페, 댓글 등에 사용되는 이미지, 스티커, 음원, 컬러링시트 등과 같은 디지털 리소스를 판매하고 구매할 수 있는 마켓입니다.\n\n관련 기사\n네이버, OGQ에 전략적 투자 진행\n소셜크리에이터플랫폼 OGQ, 아프리카TV로부터 50억 규모 전략적 투자 유치\n\n담당 서비스 : OGQ Backgrounds\n\nOGQ Backgrounds 안드로이드 앱 개발 (설치 링크)","자격 조건\nAndroid 앱 개발 경력 5년 이상 또는 그에 맞는 역량을 보유하신분\n이미지 관련 서비스 혹은 SNS 서비스를 초기부터 개발, 운영해보신분\n안드로이드의 UI/UX 가이드라인에 대한 이해도가 높으신 분\nAndroid API 4.4버전 대응 가능하신분\n앱 현지화에 따른 UI 대응이 가능하신분\n적극적으로 동료들과 커뮤니케이션하며, 팀원의 성장에 도움을 줄 수 있는 분","우대 사항\n디자인 패턴 등 설계 지식과 구조를 바탕으로 앱을 설계, 개발 해보신 분\nAndroid 플랫폼에 대한 이해를 기반으로 성능/메모리 최적화 경험이 있으신 분\n코드 개선 및 코드 리뷰에 적극 참여하시는 분\n유닛 테스트 및 UI 테스트 작성 경험을 해보신 분\nJava to Kotlin 마이그레이션 경험을 해보신 분\n새로운 기술 습득과 지식 공유에 즐거움을 느끼시는 분"]}