{"url":"https://www.rocketpunch.com//jobs/61620/%EB%A1%9C%ED%94%8C%EB%9E%AB-%EB%B9%85%EB%8D%B0%EC%9D%B4%ED%84%B0-%EC%97%94%EC%A7%80%EB%8B%88%EC%96%B4-%EC%B1%84%EC%9A%A9-%EC%8B%A0%EC%9E%85%EA%B2%BD%EB%A0%A5","title":"[로플랫] 빅데이터 엔지니어 채용 (신입/경력)","origin":"로플랫","start_date":"02/19 ","newbie":"신입경력","content":["\n        주요 업무\n                    위치데이터 플랫폼 스타트업 로플랫에서 함께 할 성장할 데이터 엔지니어를 찾고 있습니다.로플랫 데이터 엔지니어는 다양한 데이터로 구성된 빅데이터를 적절하게 가공 처리하여 정보로 변환하거나 사용성을 높이는 역할을 수행합니다. 로플랫에서는 데이터 엔지니어로서 다양한 경험을 쌓고 성장하기에 좋은 환경을 제공해 드릴 수 있습니다.**다양한 데이터**로플랫에서…\n            더 보기\n            위치데이터 플랫폼 스타트업 로플랫에서 함께 할 성장할 데이터 엔지니어를 찾고 있습니다.로플랫 데이터 엔지니어는 다양한 데이터로 구성된 빅데이터를 적절하게 가공 처리하여 정보로 변환하거나 사용성을 높이는 역할을 수행합니다. 로플랫에서는 데이터 엔지니어로서 다양한 경험을 쌓고 성장하기에 좋은 환경을 제공해 드릴 수 있습니다.**다양한 데이터**로플랫에서는 위치인식의 기준이 되는 매장 데이터 뿐 아니라 와이파이 정보, 지오폴리곤, 로플랫이 운영하는 각종 서비스의 로그 등 위치 서비스와 관련한 다양한 종류의 데이터를 다루어 볼 수 있습니다.**진짜 빅데이터**대용량 데이터를 처리해본 경험이 있으신가요? 로플랫에서는 월간 수 십 억 건 이상의 위치 인식 데이터를 문제 없이 적재 및 가공하고 운영하고 있습니다. 책에서는 배울 수 없는 빅데이터 처리와 관련한 다양한 노하우를 체득할 수 있습니다.**엔지니어링에서 분석 활용까지**데이터 엔지니어로서, 로플랫 데이터 파이프라인을 운영하는 것 뿐 아니라, 이로부터 데이터를 추출하고 분석하여 다양한 주제로 데이터를 활용합니다. 로플랫에서는 실제로 데이터를 기반으로 다양한 의사결정을 지원하고 있고, 고객사의 문제를 함께 풀기 위한 분석 프로젝트도 꾸준히 진행하고 있어 데이터 분석과 활용에도 관심이 있다면 좋은 기회가 될 수 있습니다.[주요업무]- 데이터 수집 파이프라인 운영 (위치 인식 기반 데이터 수집, 정제)- 다양한 데이터 수요 요건에 맞춰 데이터 추출- 로플랫 내부 의사결정을 지원하기 위한 데이터 통계, 분석, 시각화- 고객사 데이터 분석 프로젝트 수행\n\n      ","\n        업무 관련 기술 / 활동 분야\n        \n          Google BigQuery\n          MySQL\n          R\n          Python\n          빅데이터\n        \n      ","\n        채용 상세\n                    □ 주요업무- 데이터 수집 파이프라인 운영 (위치 인식 기반 데이터 수집, 정제)- 다양한 데이터 수요 요건에 맞춰 데이터 추출- 로플랫 내부 의사결정을 지원하기 위한 데이터 통계, 분석, 시각화- 고객사 데이터 분석 프로젝트 수행□ 지원자격 - 신입 / 경력 모두 지원 가능 □ 필요역량- 기본적인 SQL 및 프로그래밍 능력- 논리적인 사고와 꼼꼼한…\n            더 보기\n            □ 주요업무- 데이터 수집 파이프라인 운영 (위치 인식 기반 데이터 수집, 정제)- 다양한 데이터 수요 요건에 맞춰 데이터 추출- 로플랫 내부 의사결정을 지원하기 위한 데이터 통계, 분석, 시각화- 고객사 데이터 분석 프로젝트 수행□ 지원자격 - 신입 / 경력 모두 지원 가능 □ 필요역량- 기본적인 SQL 및 프로그래밍 능력- 논리적인 사고와 꼼꼼한 성격을 타고났거나 이미 개발하신 분□ 우대사항 - 로플랫 데이터 팀의 기술 stack에 익숙하신 분 (MySQL, Python, Google Bigquery)- 위치와 관련한 데이터를 다루어 본 경험이 있는 분- AWS, GCP등 클라우드 환경에서의 데이터 파이프라인 구축 및 운영 경험이 있는 분- 반복되는 업무가 싫어 자동화를 추구하는 분□ 채용과정 서류심사 → 1차 인터뷰 → 실무TEST → 2차 인터뷰 (경영진) → 레퍼런스체크 → 최종합격 (각 단계별 과정은 상황에 따라 변동 될 수 있습니다.) □ 제출사항 및 제출처 - 이력서(혹은 경력기술서)  개인의 역량이 잘 나타날 수 있는 자료를 보내주시면 됩니다. - 제출처 : kbm@loplat.com (이메일로 접수 부탁드립니다!) □ 복지혜택  -  탄력근무제 (출근시간 오전 9시~10시 / 퇴근시간 오후 6시 ~ 오후 7시)  -  최신형 MacBook Pro 및 모니터 제공  -  연 1회 20-30만원 상응 건강검진 지원 (배우자포함) -  생일자 조기퇴근  -  명절 1+day 유급휴가 제공  -  네스프레소 캡슐 커피, 원두커피 무한제공  -  간식 무제한 제공  -  유료 세미나, 유료 강의 비용 지원  -  맛있는 점심 제공 (야근시 저녁식사 제공)  -  월 1회 회식 진행 (희망자의 한하여 참석, 술 NoNo! 맛집 탐방 회식)  -  연차사용시 눈치 따윈 No! 자유롭게 연차 사용  -  반반차 제도 운영 (2시간 단위 연차 사용 가능)  -  각종 경조사비 및 경조사휴가 제공 * 10월중 사무실 이전 예정입니다.   신논현역 도보 1분 이내 위치로 이전 예정이니 참고 부탁드려요! :) * 연봉 및 처우는 개인 역량에 따라 협의하고 있습니다. * 채용 관련 궁금한 사항은 위 연락처로 언제든지 문의주세요 :)* 재직자의 경우 인터뷰 일정 협의 가능합니다. (오후 6시 이후 인터뷰 가능합니다.)\n"]}