{"url":"https://www.rocketpunch.com//jobs/63793/%EC%A3%BC%EC%8B%9D%ED%9A%8C%EC%82%AC-%EC%9E%90%EC%98%81%EC%97%85%EC%9E%90-%EC%95%84%EC%9E%89-%EC%84%9C%EB%B2%84-%EA%B0%9C%EB%B0%9C-%EB%B0%8F-%EB%AA%A8%EB%B0%94%EC%9D%BC-%EC%95%B1-%EA%B0%9C%EB%B0%9C%EC%9E%90-%ED%92%80%EC%8A%A4%ED%83%9D-%EA%B0%9C%EB%B0%9C-%EB%AA%A8%EC%A7%91","title":"주식회사 자영업자 '아잉' 서버 개발 및 모바일 앱 개발자 (풀스택 개발) 모집","origin":"주식회사 자영업자 - 아잉(aing)","start_date":"01/20 ","newbie":"인턴신입경력","content":["\n        주요 업무\n                    ㈜자영업자의 사업 “아잉”은 배터리 부족에 시달리는 현대인들을 위해언제 어디서나 쉽게 사용할 수 있는 보조 배터리 공유 서비스를 제공합니다.자영업자와 사용자 모두의 불편함을 해소하며 새로운 충전문화를 만들어 나갑니다.(현재, 라이프 온디맨드 서비스 ‘띵동’, 마이크로 모빌리티 서비스 ‘씽씽’과 함께 하고 있습니다)- 하고 싶은게 있다면 일단 지르고 …\n            더 보기\n            ㈜자영업자의 사업 “아잉”은 배터리 부족에 시달리는 현대인들을 위해언제 어디서나 쉽게 사용할 수 있는 보조 배터리 공유 서비스를 제공합니다.자영업자와 사용자 모두의 불편함을 해소하며 새로운 충전문화를 만들어 나갑니다.(현재, 라이프 온디맨드 서비스 ‘띵동’, 마이크로 모빌리티 서비스 ‘씽씽’과 함께 하고 있습니다)- 하고 싶은게 있다면 일단 지르고 볼 수 있어요!    직원 개개인의 결정과 의견을 서로 존중하기 때문에, 높은 자율성을 가지고 일할 수 있습니다.    또한, 회사에 도움이 되는 더 나은 것을 누구나, 언제나 제안할 수 있습니다.- 백지장도 맞들면 낫다잖아요?     사용자의 편의를 위해 우리의 서비스를 각자의 영역에서 함께 열심히 고민합니다.    함께 고민하고, 이것저것 시도하며 최적화합니다.- 손은 빠르게 고민은 신중하게.   우리는 새로운 시장아이템으로 세상에 나설 것이기 때문에 속도가 매우 중요합니다.    때문에 작업의 완급조절이 중요합니다.- 골고루 성장을 기회로 삼아요.    기업의 성장시기이기 때문에 전공 외 분야에도 다양하게 관심을 가지고 업무에 참여할 수 있습니다.* 아잉 앱과 백엔드를 개발하고 유지 관리하는 업무를 담당합니다.* 주요 업무는 백엔드 서버 개발이며, 모바일 앱 개발도 같이 할 수 있습니다.\n\n      ","\n        업무 관련 기술 / 활동 분야\n        \n          Amazon AWS\n          풀스택개발\n          서버관리\n          Back-end\n          Front-end\n          Git\n          HTML5\n          MySQL\n          JavaScript\n          jQuery\n          Node.js\n          GitHub\n          CSS3\n          Bootstrap\n          Ruby On Rails\n          iOS\n          Android\n        \n      ","\n        채용 상세\n                    \u003c담당업무\u003e- 백엔드 서버 개발- 모바일 앱을 위한 API 엔드포인트 개발- 관리자 화면의 프론트엔드 개발- 백엔드 서버 운영 및 관리- AWS 운영 및 관리- iOS 앱 개발 (풀스택 가능시)- Android 앱 개발 (풀스택 가능시)\u003c자격요건\u003e- 이공계 4년제 대학 졸업\n            더 보기\n            \u003c담당업무\u003e- 백엔드 서버 개발- 모바일 앱을 위한 API 엔드포인트 개발- 관리자 화면의 프론트엔드 개발- 백엔드 서버 운영 및 관리- AWS 운영 및 관리- iOS 앱 개발 (풀스택 가능시)- Android 앱 개발 (풀스택 가능시)\u003c자격요건\u003e- 이공계 4년제 대학 졸업\n\n            \n              \n                  \n                \n            \n          \n            \n              \n                  \n                \n            \n          \n            \n              \n                  \n                \n            \n          "]}