{"url":"https://www.rocketpunch.com//jobs/5206/React-Native-Engineer-%EB%AA%A8%EB%B0%94%EC%9D%BC-%EA%B0%9C%EB%B0%9C%EC%9E%90","title":"React Native Engineer 모바일 개발자","origin":"클래스팅","start_date":"01/15 ","newbie":"경력","content":["\n        주요 업무\n                    - 클래스팅 앱내 에듀스토어 부분 유지보수 및 지속적인 개선- 클래스팅 앱내 에듀스토어 부분 신규 기능 개발\n\n      ","\n        업무 관련 기술 / 활동 분야\n        \n          Java\n          Python\n          Node.js\n          JavaScript\n        \n      ","\n        채용 상세\n                    채용절차*제출서류: 본인이 수행한 포트폴리오(pdf) 첨부 또는 git 등 공개된 소스정보(url) 제출/현재 및 희망연봉 기재포함(필수)1차: 서류 전형 (이메일 접수: careers@classting.com)2차: 과제 전형 (직무 관련 전문성 판단을 위한 과제 부여)      제출한 포트폴리오가 검증되면 skip 될 수 있음3차: 오프라인 대면…\n            더 보기\n            채용절차*제출서류: 본인이 수행한 포트폴리오(pdf) 첨부 또는 git 등 공개된 소스정보(url) 제출/현재 및 희망연봉 기재포함(필수)1차: 서류 전형 (이메일 접수: careers@classting.com)2차: 과제 전형 (직무 관련 전문성 판단을 위한 과제 부여)      제출한 포트폴리오가 검증되면 skip 될 수 있음3차: 오프라인 대면 혹은 화상 인터뷰      과제(포트폴리오)에 대한 Q\u0026A      클래스팅이 원하는 인재상 부합 여부 확인4차: 레퍼런스 체크(경력직)5차: CEO 최종면접**주요업무**- 클래스팅 앱내 에듀스토어 부분 유지보수 및 지속적인 개선- 클래스팅 앱내 에듀스토어 부분 신규 기능 개발**자격요건**- React Native 개발 경험 2년 이상- Git 사용에 능숙한 분- UI/UX에 대해 높은 가치를 두고 있는 분- 좋은 코드를 작성하는 데에 욕심이 있는 분- 테스트를 작성해본 경험이 있거나 테스트에 대해서 심도 있게 고민해본 분- 여러 직군과 논리적인 커뮤니케이션으로 협업하여 문제를 정의하고 개선 가능한 분**우대사항**- 컴퓨터공학 관련 학위 소지자- Web Frontend 개발 경험 2년 이상- Typescript 경험이 있으신 분- Lean Startup, Agile process에 대한 경험이 있는 분- 커머스 서비스 개발 경험혜택 및 복지자율을 보장하는 유연한 근무 환경을 제공합니다.- 자율 출퇴근 “지옥철 공중부양, 헬게이트는 다른 세상 이야기”- 자율 재택 근무 “장소가 무슨 상관이에요~”- 휴가 무제한 “여행, 생각만 하지 말고 떠나세요!”- 연말 전사 리프레쉬 휴가 2주 “다시 찾아온 겨울방학의 설렘”- 수평적 조직 문화 “직급, 직책 없이 이름을 불러주세요~” 쾌적한 업무 환경과 동등한 기회를 지원합니다.- 개별 정착금 300만원 “업무는 장비빨! 필요한 기기 마음껏 사세요~”- 연차보다는 실력과 기여도에 따른 대우 “동기 부여는 필수”- 기업 및 프로젝트 목표 달성에 따른 추가 인센티브개개인의 성장과 조직 발전을 함께 생각합니다.- 각종 교육, 컨퍼런스, 도서 구입 등 지원 “법인카드 쓰라고 만들었습니다.”- 코드 리뷰, 기술 세미나 등 직군별 스터디 지원 “업무 시간에 하는 건 안 비밀!”- 테니스, 풋살, 골프 등 동아리 활동과 팀워크 액티비티 지원건강하고 즐거운 삶을 지향합니다.- 점심, 저녁 지원 “저녁 먹고 칼퇴하세요~”- 사내 매점 운영, 무제한 간식 신청 “살찔 걱정은 해야 합니다…”- 디톡스 워터, 커피, 콜드브루, 생맥주 무제한 “위워크 선릉Ⅱ을 검색해보세요”- 본인 및 가족 1인 종합 건강 검진 지원- 플레이스테이션, 탁구 등 게임 시설 구비 “누가 안 보이면 여기서 찾으세요~”당연한 복지는 생략합니다… 사대보험, 경조사, 명절, 생일축하금 등등등\n\n            \n              \n                  \n                  \n                \n            \n          "]}