{"url":"https://www.rocketpunch.com//jobs/65912/%EC%BD%98%ED%85%90%EC%B8%A0-%EC%BB%A4%EB%A8%B8%EC%8A%A4-UXUI-%EB%94%94%EC%9E%90%EC%9D%B4%EB%84%88","title":"[콘텐츠 커머스] UX/UI 디자이너","origin":"카펜스트리트(에이콘3D)","start_date":"11/20 ","newbie":"경력","content":["\n        주요 업무\n                    [주요 업무]- 웹 디자인 전략 수립- 서비스 유저 분석- UX/UI 설계 및 디자인- 유저 중심의 웹 프로덕트 경험 개선- 서비스 콘텐츠 기획 및 디자인\n\n      ","\n        업무 관련 기술 / 활동 분야\n        \n          그래픽디자인\n          브랜드디자인\n          Adobe Photoshop\n          Adobe Illustrator\n          크리에이티브디자인\n          마케팅디자인\n          콘텐츠디자인\n          UI디자인\n          UI/UX디자인\n          GUI디자인\n          서비스디자인\n          웹디자인\n          UX디자인\n        \n      ","\n        채용 상세\n                    에이콘3D는 아시아의 3D모델러 생태계를 개척하기 위해,다양한 분야에서 만들어지는 3D모델을 웹툰/게임 등 콘텐츠 창작자들과이어주는 공유 플랫폼입니다(acon3d.com).1월 베타서비스 오픈 이후로 네이버 산하 VC 스프링캠프에서 시드 투자를 받았으며(5월),엑셀러레이팅 프로그램 1위로 후속 투자까지 유치했습니다(8월).내년 상반기 시리즈A 투자를…\n            더 보기\n            에이콘3D는 아시아의 3D모델러 생태계를 개척하기 위해,다양한 분야에서 만들어지는 3D모델을 웹툰/게임 등 콘텐츠 창작자들과이어주는 공유 플랫폼입니다(acon3d.com).1월 베타서비스 오픈 이후로 네이버 산하 VC 스프링캠프에서 시드 투자를 받았으며(5월),엑셀러레이팅 프로그램 1위로 후속 투자까지 유치했습니다(8월).내년 상반기 시리즈A 투자를 목표로 하고 있으며,평균 연령이 높지 않은 만큼 즐겁고 자유롭게,하지만 빠르고 밀도 있게 성장하실 것을 보장합니다.스타트업을 경험 해보고 싶거나, 업계 진입에 대한 확신이 있는 분들을 환영합니다. :)역할은 회사의 니즈와 지원자의 관심사에 따라 조정 가능하니,간단한 티타임 혹은 식사를 하면서 핏을 맞춰 보아요!▶ 근무시간    - 월-목요일 11시 이전 출근 후 8시간 근무    - 일요일 2-6시 코어타임 출근 외 8시간 자율근무      (일요일 주간 전체회의 진행. 인턴/알바 분들은 제외)▶ 복지    - 주1회 랜선출근(재택)이 주어지며, 8회 미사용 시 강제휴가를 보내요.    - 직무 관련 컨퍼런스 및 외부 교육 참여비를 지원 해드려요.    - 업무 관련 도서 및 콘텐츠 구입비용도 지원합니다.    - 업무 장비도 과하지 않은 선에서 최대한 지원 해드립니다!    - 점심/저녁 식대는 당연히 제공!    - 탕비시설은 상시로 채워집니다.    - 내 집 같은 휴게공간도 있어요.[주요 업무]    - 웹 디자인 전략 수립    - 서비스 유저 분석    - UX/UI 설계 및 디자인    - 유저 중심의 웹 프로덕트 경험 개선    - 서비스 콘텐츠 기획 및 디자인[채용 상세]   ▶ 자격요건        - 웹 서비스 UI/UX 디자인 경력 3년 이상 혹은 동등한 역량        - 개발자, 기획자와의 원활한 커뮤니케이션 능력        - UI/UX 디자인 포트폴리오 필수   ▶ 우대사항        - 스타트업 유경험자        - ecommerce 서비스 경력        - 콘텐츠 산업에 대한 애정이 있으신 분\n"]}