{"url":"https://programmers.co.kr/job_positions/1274","title":"Back-end 서버개발 (퍼블리싱 품질 플랫폼 개발자)","origin":"넷마블컴퍼니","start_date":"","newbie":false,"content":["기술 스택\nSpring GCP(Google Cloud Platform) Java","업무 소개\n퍼블리싱 품질 플랫폼 구축 및 운영\n클라우드 기반의 대용량 분산 아키텍쳐 구축 및 운영\n실시간 로그 분석 플랫폼 운영 및 고도화\n업무 자동화 시스템 및 도구 개발","자격 조건\nJava 기반 백엔드 프로그램 개발 3년 이상","우대 사항\n대용량 분산 처리, 마이크로 서비스, 클라우드 기반 아키텍쳐 설계, 구축, 운영 경험\nJava 기반의 서버를 Golang 또는 새로운 기술의 서버로 전환 구축 경험"]}