{"url":"https://www.rocketpunch.com//jobs/63120/%EB%A0%88%EA%B1%B0%EC%8B%9C-PHP%EC%99%80%EC%9D%98-%EC%9D%B4%EB%B3%84%EC%9D%84-%EC%9B%90%ED%95%9C%EB%8B%A4%EB%A9%B4-%EC%97%AC%EA%B8%B0%EB%A1%9C-%EB%AA%A8%EB%8D%98PHP-%EA%B0%9C%EB%B0%9C%EC%9E%90-%EB%8C%80%EA%B7%9C%EB%AA%A8-%EC%B1%84%EC%9A%A9","title":"레거시 PHP와의 이별을 원한다면 여기로! 모던PHP 개발자 대규모 채용","origin":"에어텔닷컴","start_date":"12/07 ","newbie":"경력","content":["\n        주요 업무\n                    - B2C 여행 플랫폼 개발- 항공사 API 연동- 호텔 API 연동- 커머스 플랫폼 API 연동- B2B API 개발- CRM 개발- 신사업 준비\n\n      ","\n        업무 관련 기술 / 활동 분야\n        \n          PHP\n          jQuery\n          MySQL\n          Apache\n          Node.js\n          Python\n          nginx\n          Amazon AWS\n          Redis\n          서버관리\n          Git\n          Back-end\n          풀스택개발\n          React\n          GitHub\n        \n      ","\n        채용 상세\n                    - 웹개발 경력 만 3년 이상- Modern PHP, Laravel 혹은 이에 준하는 개발 경험 보유자- RESTful API 개발 경험 혹은 설계 원칙을 이해하고 있는자- RDBMS, SQL 개발 경험 혹은 지식 보유자- 아이디어와 지식을 함께 공유하고 커뮤니케 이션할 수 있는 자[우대조건]- 오픈소스 / 개발 커뮤니티 활동- 꾸준한 자기개발- 해…\n            더 보기\n            - 웹개발 경력 만 3년 이상- Modern PHP, Laravel 혹은 이에 준하는 개발 경험 보유자- RESTful API 개발 경험 혹은 설계 원칙을 이해하고 있는자- RDBMS, SQL 개발 경험 혹은 지식 보유자- 아이디어와 지식을 함께 공유하고 커뮤니케 이션할 수 있는 자[우대조건]- 오픈소스 / 개발 커뮤니티 활동- 꾸준한 자기개발- 해외여행 경험자- 커뮤니케이션 우수자[조직 문화 ]- 기업부설 연구소 근무- 업무에 대한 자율성 보장 (자기주도적으로 업무하는 분 우대)- 적극적인 신기술 도입- 대외활동 지원 및 권장 (오픈소스, 개발커뮤니티)- 자기개발 지원 (도서구매, 온라인강의 지원)- 20~30대위주의 수평적 조직문화- 야근/회식 강요 없음- 자유로운 휴가 사용- 여행상품 임직원가 제공\n"]}