{"url":"https://www.rocketpunch.com//jobs/70384/%EC%95%88%EB%93%9C%EB%A1%9C%EC%9D%B4%EB%93%9C-%EC%95%B1-%EA%B0%9C%EB%B0%9C%EC%9E%90-%EC%B1%84%EC%9A%A9","title":"안드로이드 앱 개발자 채용","origin":"이음","start_date":"03/03 ","newbie":"경력","content":["\n        주요 업무\n                    ☺︎ 안드로이드 네이티브 앱 개발 및 유지보수 (Kotlin)☺︎ 신규 프로젝트 안드로이드 네이티브 설계☺︎ 자사 모바일 어플리케이션 성능 개선☺︎ UX 구현을 위한 디자이너와의 적극적인 협업\n\n      ","\n        업무 관련 기술 / 활동 분야\n        \n          Android\n          Java\n          Kotlin\n          RxJava\n          RxAndroid\n        \n      ","\n        채용 상세\n                    ♜ 자격요건- Android 개발 경험을 1년 이상 보유하신 분- JAVA, Kotlin 기본 개발 역량을 보유하신 분- Android Custom View와 Animation에 대한 경험을 보유하신 분- 테스트 코드 작성 경험을 보유하신 분♜ 우대사항- Android 최신 트렌드를 이용한 개발 경험을 보유하신분- Reactive 프로그래밍에 대한 …\n            더 보기\n            ♜ 자격요건- Android 개발 경험을 1년 이상 보유하신 분- JAVA, Kotlin 기본 개발 역량을 보유하신 분- Android Custom View와 Animation에 대한 경험을 보유하신 분- 테스트 코드 작성 경험을 보유하신 분♜ 우대사항- Android 최신 트렌드를 이용한 개발 경험을 보유하신분- Reactive 프로그래밍에 대한 이해 및 RxAndroid 사용 경험을 보유하신 분- 유닛 테스트 / UI 테스트 작성 경험을 보유하신 분- 각종 협업 도구에 익숙하고 팀워크 기반의 업무 경험을 보유하신 분- Git을 이용한 협업 및 버전 관리에 능숙하신 분- MVP, MVVM 등의 디자인 패턴 적용에 대한 경험을 보유하신 분- 사용 서비스 및 제품 개발에 참여 경험을 보유하신 분- 신기술에 대한 호기심을 가지고 있고, 이를 사용하는 것을 즐기시는 분- 개인 어플리케케이션을 개발하고 배포해보신 분♜ 제출서류- 경력기술서 필수 첨부- Github 혹은 기술 블로그 첨부♜ 전형절차서류심사 \u003e 실무자 면접 \u003e 최종합격♜ 복리후생4대 보험중식 제공각종 간식 제공회식 강요 안해요야근 강요 안해요연차 눈치 보지 말고 쓰세요건강검진♜ 근무환경근무형태 : 정규직근무지역 : 부산 해운대구근무시간 : 주 5일(월~금) 09:30 ~ 18:00회사주소 : 부산광역시 해운대구 APEC로 17 센텀리더스마크 1602호\n"]}