{"url":"https://www.rocketpunch.com//jobs/67544/iOS-Developer","title":"iOS Developer","origin":"데일리","start_date":"01/30 ","newbie":"경력","content":["\n        주요 업무\n                    You are so Special to us!Client Team은 데일리호텔 서비스를 사용하는 고객들이 어떠한 환경에서도 최고의 만족을 경험할 수 있도록 어플리케이션을 개발하고 서비스하는 조직입니다. 사용자 친화적인 어플리케이션을 개발하기 위해서 다양한 직군과 협업하고, 사용자 데이터를 적극 활용합니다. iOS Developer는 iOS 기반의 '…\n            더 보기\n            You are so Special to us!Client Team은 데일리호텔 서비스를 사용하는 고객들이 어떠한 환경에서도 최고의 만족을 경험할 수 있도록 어플리케이션을 개발하고 서비스하는 조직입니다. 사용자 친화적인 어플리케이션을 개발하기 위해서 다양한 직군과 협업하고, 사용자 데이터를 적극 활용합니다. iOS Developer는 iOS 기반의 '데일리호텔' 어플리케이션을 개발합니다. 고객 중심이라는 가치를 서비스에 녹여내기 위해서 데일리의 비즈니스 모델과 경험 시장에 대해서 끊임없이 학습합니다. 또한 어플리케이션 개선을 위해 테스트, 최적화, 개발 등에 대한 다양한 시도를 두려워하지 않습니다.데일리호텔 서비스를 최고의 어플리케이션으로 만들어 나갈 당신을 기다립니다.\n\n      ","\n        업무 관련 기술 / 활동 분야\n        \n          iOS\n          Objective-C\n          Swift 개발 경험자\n          ios-autolayout\n        \n      ","\n        채용 상세\n                    • 근무지 : 서울 본사• 구   분 : 정규직[주요업무]• 데일리호텔 iOS 클라이언트 개발[자격요건]• iOS 개발 경력이 2년 이상이신 분• Swift 개발에 능숙하신 분• Storyboard, Auto Layout 활용에 능숙하신 분• 언제나 최신 기술 트렌드를 학습 / 연구하고 개발에 적용하기 위해 고민 / 시도하고 노력하시는 분• 더 좋은…\n            더 보기\n            • 근무지 : 서울 본사• 구   분 : 정규직[주요업무]• 데일리호텔 iOS 클라이언트 개발[자격요건]• iOS 개발 경력이 2년 이상이신 분• Swift 개발에 능숙하신 분• Storyboard, Auto Layout 활용에 능숙하신 분• 언제나 최신 기술 트렌드를 학습 / 연구하고 개발에 적용하기 위해 고민 / 시도하고 노력하시는 분• 더 좋은 코드와 구조를 고민하면서 좋은 결과를 이끌어 내기 위해 시도하고 노력 하시는 분[우대사항]• Swift와 Objective-C를 함께 활용해본 경험이 있으신 분• 애니메이션 구현에 능숙하신 분• Instrument를 사용한 경험이 있으신 분• 커뮤니티를 통해 개발 지식 공유 활동을 해보신 분• 소셜 커머스 업계 또는 해외 스타트업에서 근무한 경험이 있으신 분[혜택 및 복지]• 다양한 기술을 맛볼 기회! (stackshare / DAILY Product Blog)* stackshare : https://stackshare.io/dailyhotel/dailyhotel* DAILY Product Blog : https://dailyhotel.io/• 원하는 개발 환경 제공 (맥북프로 13\" / 15\", iMAC, Windows 등 선택 가능)• Dell 27'' 4K 모니터 제공• 시차 출퇴근 (08:00~10:00 사이 출근 후 8시간 근무) 및 눈치 없는 퇴근 보장• 식사비 지원으로 점심, 저녁 든든하게 일하기• 영어 닉네임 사용으로 서로 존중하는 문화• 매월 찾아오는 DAILY 임직원이 하나가 되는 One Team Day 행사• 자유로운 복장으로 무한 창의력 발산• 읽고 싶은 도서와 교육비 무한 지원으로 똑똑하게 일하기• 예고 없이 찾아오는 호텔 숙박의 기회 제공[채용 절차]• 서류 전형 → Job Interview → Culture Interview → 처우협의 → 입사    ※ 절차는 추가되거나 생략될 수 있습니다.[지원 안내]• 지원 서류 : 이력서 (자유 형식이며, 경력기술 위주로 작성해주세요.)\n"]}