{"url":"https://www.rocketpunch.com//jobs/69317/%EC%A3%BC%EC%9C%A0%EB%8B%88%EB%A9%94%EC%98%A4%EC%97%90%EC%84%9C-%EB%AA%A8%EB%B0%94%EC%9D%BC%EA%B0%9C%EB%B0%9C%EC%9E%90-%EC%9D%B8%EC%9E%AC%EB%A5%BC-%EC%B0%BE%EC%8A%B5%EB%8B%88%EB%8B%A4","title":"(주)유니메오에서 모바일개발자 인재를 찾습니다.","origin":"유니메오","start_date":"02/19 ","newbie":"경력","content":["\n        주요 업무\n                    생명존중과 공생의 철학 아래 글로벌 헬스케어 산업을 꿈꾸는 (주)유니메오 입니다.현재 재활 가상증강현실 및 유기/유실 반려동물 사업을 진행중입니다. 조직 구성원들과 가족같은 환경에서 다같이 성장할 개발자(모바일) 여러분을 초대합니다.\n\n      ","\n        업무 관련 기술 / 활동 분야\n        \n          소프트웨어개발\n          응용프로그램 개발\n          안드로이드\n          Android\n          모바일앱개발\n          안드로이드 앱개발\n          어플리케이션 개발\n          native app 개발\n        \n      ","\n        채용 상세\n                    [모바일 개발]* 담당업무- 모바일 APP 개발자(Android)* 자격요건- 학력 : 초대졸 이상- 경력 : 3년 이상- 성별 : 무관* 필요기술- Android 플랫폼 기반 개발 경력- 앱 관련 외부 솔루션 API 연계 개발 경력- 네이티브 프로그래밍 가능자 - Restful 가능자 * 우대사항- 다양한 외부 솔루션 및 오픈소스 라이브러리 활용 …\n            더 보기\n            [모바일 개발]* 담당업무- 모바일 APP 개발자(Android)* 자격요건- 학력 : 초대졸 이상- 경력 : 3년 이상- 성별 : 무관* 필요기술- Android 플랫폼 기반 개발 경력- 앱 관련 외부 솔루션 API 연계 개발 경력- 네이티브 프로그래밍 가능자 - Restful 가능자 * 우대사항- 다양한 외부 솔루션 및 오픈소스 라이브러리 활용 가능자- 모바일 트렌드를 반영한 UI/UX개발 가능자[전형 절차 및 근무조건]* 전형 절차 소개서류전형 → 실무면접 → 임원면접 → 최종합격* 근무형태- 정규직(수습1개월 정규직 전환)* 접수방법- 구인사이트 지원(본인서류 제출 가능) * 제출서류- 이력서 및 경력기술서 제출처(서류심사 시) -\u003e info@unimewo.com- 졸업증명서, 직전회사 원천징수영수증, 4대보험 가입 내역 확인서 등 제출(최종합격 후)* 허위사실이 발견될 경우 채용이 취소 될 수 있습니다.\n"]}