{"url":"https://www.rocketpunch.com//jobs/68808/%EC%A0%9C%ED%92%88-%EA%B8%B0%ED%9A%8D%EA%B0%9C%EB%B0%9C-%EB%B0%8F-ODMOEM-%EC%98%81%EC%97%85-%EA%B2%BD%EB%A0%A5%EC%82%AC%EC%9B%90-%EC%B1%84%EC%9A%A9","title":"제품 기획개발 및 ODM/OEM 영업 경력사원 채용","origin":"유니젠","start_date":"01/30 ","newbie":"경력","content":["\n        주요 업무\n        1. 천연 소재를 활용한 기능성 화장품 기획 개발 2. 천연 소재를 활용한 기능성 화장품 ODM/OEM 영업 3. 건강기능식품 기획 개발\n      ","\n        업무 관련 기술 / 활동 분야\n        \n          화장품 기획\n          화장품 개발\n          화장품원료\n          건강기능식품정보\n          건강기능식품 기획\n          건강식품개발\n          ODM/OEM 관리\n        \n      ","\n        채용 상세\n        담당업무- 기능성 화장품 기획 개발 - 기능성 화장품 ODM/OEM 영업 - 건강기능식품 기획 개발 자격요건- 기능성 화장품 기획 개발 : 관련 업무경력 2년 이상 10년 이내- 기능성 화장품 ODM/OEM 영업 : 관련 업무경력 3년 이상 10년 이내- 건강기능식품 기획 개발 : 관련 업무경력 2년 이상 10년 이내우대사항- 영어 가능 및 능통자 우대- 관련 업무 전공자 우대- 운전가능 및 자동차 소유자 우대"]}