{"url":"https://www.rocketpunch.com//jobs/69706/%EC%A0%84%EC%9E%90%EC%83%81%EA%B1%B0%EB%9E%98-%EC%8B%9C%EC%8A%A4%ED%85%9C-%EA%B0%9C%EB%B0%9C%EC%9E%90-PM-%EB%AA%A8%EC%A7%91-%ED%95%A9%EB%8B%88%EB%8B%A4","title":"전자상거래 시스템 개발자/ PM 모집 합니다","origin":"와이즈커머스","start_date":"03/02 ","newbie":"신입경력","content":["\n        주요 업무\n                    - 전자상거래 전문 기업 와이즈커머스에서 시스템 개발을 지원해주실 멤버를 구합니다. - 프로리그 스포츠팀 처럼 각자의 영역에서 탁월한 역량을 내고 스스로 성장시킬 줄 아는 선수들이 모인 팀은 분명 우승 할 수 있을거라고 믿고 있습니다. - 적당히 일하게 좋은 직장이 아닌 이력서에 굵은 한줄을 쓰고 싶으신 팀원을 찾고 있습니다.\n\n      ","\n        업무 관련 기술 / 활동 분야\n        \n          서비스 기획\n          기획자\n          스토리보드\n          솔루션기획\n          제안서\n          서비스기획\n          프로젝트관리\n          사업기획\n          사업전략\n          전략기획\n          커뮤니케이션\n          웹/앱 기획\n          웹기획\n        \n      ","\n        채용 상세\n                    담당업무- 전자상거래 시스템 개발 기획- 시스템 운영 기획- 개발 프로젝트 관리 및 라이프사이클 전반자격요건- 전자상거래 운영 시스템 개발 기획/운영 경험 - 쇼핑몰 개발 프로젝트 경험우대사항- 마젠토 개발 및 운영 경험- ERP, WMS 시스템 개발 경험- 영어 커뮤니케이션- 결과 지향 커뮤니케이션\n            더 보기\n            담당업무- 전자상거래 시스템 개발 기획- 시스템 운영 기획- 개발 프로젝트 관리 및 라이프사이클 전반자격요건- 전자상거래 운영 시스템 개발 기획/운영 경험 - 쇼핑몰 개발 프로젝트 경험우대사항- 마젠토 개발 및 운영 경험- ERP, WMS 시스템 개발 경험- 영어 커뮤니케이션- 결과 지향 커뮤니케이션\n\n            \n              \n                  \n                \n            \n          "]}