{"url":"https://www.rocketpunch.com//jobs/69235/%EB%B0%B1%EC%97%94%EB%93%9C-%EA%B0%9C%EB%B0%9C%EC%9E%90Back-end-Developer","title":"백엔드 개발자(Back-end Developer)","origin":"텀블벅","start_date":"","newbie":"경력","content":["\n        주요 업무\n                    텀블벅(www.tumblbug.com)은 누적 론칭 프로젝트 수 20,000건 돌파하며 디자인, 예술, 출판, 게임, 만화, 음악 등 다양한 분야 창작자들의 필수적인 펀딩 플랫폼으로 자리매김하고 있습니다.텀블벅을 통해, 누군가는 늘 만들어보고 싶었던 제품을 선보이며 성공적인 사업으로 성장시키게 되었고, 누군가는 팬들과 함께 자신이 사랑하는 일을 지속…\n            더 보기\n            텀블벅(www.tumblbug.com)은 누적 론칭 프로젝트 수 20,000건 돌파하며 디자인, 예술, 출판, 게임, 만화, 음악 등 다양한 분야 창작자들의 필수적인 펀딩 플랫폼으로 자리매김하고 있습니다.텀블벅을 통해, 누군가는 늘 만들어보고 싶었던 제품을 선보이며 성공적인 사업으로 성장시키게 되었고, 누군가는 팬들과 함께 자신이 사랑하는 일을 지속할 힘을 얻었으며, 누군가는 자신이 직접 출판한 책으로 대형서점의 베스트셀러에 오르기도 하였습니다.백엔드 개발자는 텀블벅의 훌륭한 개발팀/제품팀과 함께, 더 많은 창작자가 자신의 프로젝트를 효과적으로 알리고 팬덤을 구축할 수 있는 툴을 만드는 한편, 더 많은 후원자가 프로젝트에 참여할 수 있는 환경을 만들어갈 것입니다.이상적인 지원자는 2년 이상의 실무 백엔드 개발 경험을 지닌 분으로, 개발팀은 물론 다양한 직군과 같이 문제를 정의하고 해결책을 찾아 나갈 수 있는 협업 능력을 갖춘 분입니다.관심 있는 분들의 많은 지원을 부탁드리겠습니다! ?‍♀️\n\n      ","\n        업무 관련 기술 / 활동 분야\n        \n          Java\n          SpringBoot\n          nodejs\n          Ruby On Rails\n          React\n          MobX\n          Express\n          rxjs\n          ramda.js\n          aws-ec2\n          AWS RDS(with MySQL)\n          AWS Elastic Cache(Redis)\n          AWS Redshift\n          AWS Lambda\n          Docker\n          nginx\n          Tomcat\n          Elasticsearch\n          imgix\n          Algolia\n          semaphoreci\n          PeriscopeData\n        \n      ","\n        채용 상세\n                    [주요 업무]- 크라우드펀딩 플랫폼 텀블벅 서비스의 백엔드 시스템을 설계하며 구현합니다.- 클라이언트 사이드에서 사용하는 RESTful API를 개발합니다.- 회원/인증, 결제, CS 및 운영 시스템을 개발합니다.- 백엔드 시스템의 성능을 개선합니다.[자격 요건]- 웹 애플리케이션 개발, 운영 경험자로서 실무 2년차 이상 또는 그에 준하는 역량을 보…\n            더 보기\n            [주요 업무]- 크라우드펀딩 플랫폼 텀블벅 서비스의 백엔드 시스템을 설계하며 구현합니다.- 클라이언트 사이드에서 사용하는 RESTful API를 개발합니다.- 회원/인증, 결제, CS 및 운영 시스템을 개발합니다.- 백엔드 시스템의 성능을 개선합니다.[자격 요건]- 웹 애플리케이션 개발, 운영 경험자로서 실무 2년차 이상 또는 그에 준하는 역량을 보유한 분- Java에 익숙하고 기타 언어 하나 이상을 습득한 분- Spring 프레임워크(Spring Boot)를 이용한 Web Application 개발경험이 있으신 분- MVC framework 기반의 웹 서비스나 API 개발경험이 있으신 분- MySQL(Maria DB), MS-SQL 등 RDBMS 경험이 있으신 분- 기본적인 Linux/Unix 명령 사용 능력을 갖춘 분- 테스트 주도 개발 및 페어프로그래밍에 익숙하신 분[우대 사항]- 기술과 커뮤니티를 바탕으로 사람들의 창조적인 시도를 돕는 텀블벅의 미션을 깊이 이해하고, 이에 관한 제품 및 인프라 개발 기회를 탐색하고 있는 분- 새로운 기술에 호기심이 많고 공유하시는 분, 코드 리뷰 등을 통해 주변 동료에게 자극을 주는 분- 기획/디자인/운영 등 다양한 직군과 같이 문제를 정의하고 해결책을 찾아나갈 수 있는 협업 능력을 갖춘 분- 객체지향 개발 및 테스트 코드 작성에 숙달된 분- Java 기반의 C2C 마켓 플랫폼 서비스 개발 경험이 있으신 분- JPA, Hibernate 등 ORM 사용과 도메인 모델링 경험이 있으신 분- React, iOS, Android 등 클라이언트 사이드 기술에 관한 경험과 이해가 있으신 분- AWS를 활용한 개발, 운영 경험이 있으신 분- NoSQL 등을 이용한 대용량 데이터 처리 경험이 있으신 분- 빌드/테스트/배포 자동화 경험이 있으신 분- 대규모 트래픽 처리 경험이 있으신 분- 각종 장애 극복 경험이 있으신 분[텀블벅을 구성하는 기술과 서비스]- Java, Spring Boot, NodeJS, Ruby on Rails, React, MobX, Express, RxJS, Ramda- AWS EC2, AWS RDS(with MySQL), AWS Elastic Cache(Redis), AWS Redshift, AWS Lambda, Docker, Nginx, Tomcat, Elasticsearch, Imgix, Algolia, SemaphoreCI, PeriscopeData[채용 형태와 조건]- 급여 : 연봉제 4,000~8,500만원.[혜택 및 복지]- 팀 리드 승인 하에 원격 집중 근무(Remote) 가능- 월 최대 35만 원의 선택적 복리후생제도 (Flexible Benefits Plan)- 연 20만 원 건강검진비 추가 지원- 각종 경조 휴가 및 경조금 지원- 장기근속자 만 3년마다 유급 리프레시 휴가 및 휴가비 제공- 실제적인 육아휴직 제도 · 육아기 근로시간 단축 · 가족 돌봄 휴직 지원[상세 채용 프로세스]- 전형 안내: 서류전형 → 프로젝트 과제 → 실무/경영진면접 → 처우 협의 → 입사- 전형 과정에서 레퍼런스 체크를 요청할 수 있습니다.- 지원 순으로 먼저 채용 프로세스를 진행하고, 적격자가 있는 경우 채용이 마감될 예정입니다.ㅤ※ 지원 의사가 있으시면 마감일에 관계 없이 지원해주세요.- 입사 지원 서류에서 허위 사실이 발견될 경우 채용이 취소될 수 있습니다.- 본 채용과 관련된 문의사항은 이메일(hiring@tumblbug.com)을 통해 연락주시기 바랍니다.[제출서류]- 이력서 및 경력기술서(자유양식): 상기 자격요건과 우대사항에 관련된 사항을 반드시 기재해주세요.ㅤ※ 서류는 1개 PDF 파일로 합하여 제출 부탁드립니다.[꼭 읽어 주세요!]- 경력기술서는 자신의 기술력을 보여 줄 수 있는 프로젝트나 협력 했던 활동사항 위주로 작성해주세요.ㅤ(진행기간, 주요업무내용, 본인이 기여한 기술력, 결과/성과/성취 등)- 프로젝트는 개별적으로 안내드리며, 프로젝트 제출 후 평균 일주일 이내 결과가 발표됩니다.\n\n            \n              \n                  \n                \n            \n          \n            \n              \n                  \n                \n            \n          \n            \n              \n                  \n                \n            \n          "]}