{"url":"https://www.rocketpunch.com//jobs/69815/%EC%A7%B8%EA%B9%8D%EC%95%85%EC%96%B4-%ED%8D%BC%ED%8F%AC%EB%A8%BC%EC%8A%A4-%EB%A7%88%EC%BC%80%ED%84%B0-%EA%B2%BD%EB%A0%A5%EC%A7%81","title":"[째깍악어] 퍼포먼스 마케터 (경력직)","origin":"째깍악어","start_date":"02/19 ","newbie":"경력","content":["\n        주요 업무\n                    [담당 업무]광고예산 집행 (2020년 예산 약 10~15억원)데이터 기반 성과 관리앱 성과에 따른 프로모션 기획+ 좀 더 자세히육아/교육 시장에서의 경험보다는 앱 퍼포먼스를 위해 다양한 경험이 더 중요합니다.광고 대행사에서 근무하시면서 좀 더 주도적으로 해보는 것에 갈증이 있었던 분이면 환영합니다. 광고를 통해 유입된 고객이 만족하고 재방문하고 후…\n            더 보기\n            [담당 업무]광고예산 집행 (2020년 예산 약 10~15억원)데이터 기반 성과 관리앱 성과에 따른 프로모션 기획+ 좀 더 자세히육아/교육 시장에서의 경험보다는 앱 퍼포먼스를 위해 다양한 경험이 더 중요합니다.광고 대행사에서 근무하시면서 좀 더 주도적으로 해보는 것에 갈증이 있었던 분이면 환영합니다. 광고를 통해 유입된 고객이 만족하고 재방문하고 후기를 남기는 경험까지 해보실 수 있습니다.광고효과를 위해 테스트 하실 수 있도록 멋진 소재를 빠르게 제공하는 동료들과 함께 합니다.[자격 요건 및 역량]매체 전략 기획 및 운영 경력 최소 3년 이상 포함협업, 커뮤니케이션 능력마케팅 성과 지표 분석 및 활용[우대 사항]O2O 플랫폼 마케팅 경력O2O 플랫폼의 마케팅 대행 경력BI 툴 Tableau, appsflyer, 구글 애널리틱스(GA) 이용 경험\n\n      ","\n        업무 관련 기술 / 활동 분야\n        \n          광고디자인\n          편집디자인\n          브랜드디자인\n          그래픽디자인\n          마케팅디자인\n          콘텐츠디자인\n        \n      ","\n        채용 상세\n                    대한민국 필수 육아앱. 시간제 아이돌봄 서비스, 째깍악어아이를 키우는 부모님이 가장 힘든 순간은, '몇 시간 아이 맡길 곳이 없어 아무것도 하지 못할 때' 입니다. 째깍악어는 시간제로 아이 맡길 곳이 필요한 부모님과, 철저하게 검증, 교육된 돌봄교사를 연결하는 온디맨드 매칭 플랫폼입니다.2016년 11월에 처음 공식 앱을 출시하였으며, 서비스 본격 …\n            더 보기\n            대한민국 필수 육아앱. 시간제 아이돌봄 서비스, 째깍악어아이를 키우는 부모님이 가장 힘든 순간은, '몇 시간 아이 맡길 곳이 없어 아무것도 하지 못할 때' 입니다. 째깍악어는 시간제로 아이 맡길 곳이 필요한 부모님과, 철저하게 검증, 교육된 돌봄교사를 연결하는 온디맨드 매칭 플랫폼입니다.2016년 11월에 처음 공식 앱을 출시하였으며, 서비스 본격 출시 5개월 만에 아이 돌봄 서비스 업계 최초로 임팩트 투자를 받으며 빠르게 성장하고 있는 중 입니다.고용노동부 예비 사회적 기업에 선정된 바 있으며, 2019년 한국인터넷대상 국무총리상, 여성가족부 '여성 친화적 사회적 기업 우수모델' 최우수 상, 중소기업벤처부 여성창업경진대회 장관상 등을 수상하였습니다.- 째깍악어 공식 홈페이지 https://www.tictoccroc.com- 째깍악어 공식 블로그 https://blog.naver.com/tictoc_croc- 째깍악어 공식 페이스북 https://facebook.com/tt.croc/째깍악어 더 알아보기보육·경력단절·일자리 세 가지 문제 동시해결 플랫폼 ‘째깍악어 http://www.eroun.net/72070“회사 이전에 사람이 먼저”… ‘째깍악어’가 지향하는 가치 http://platum.kr/archives/84857세바시 774회 육아가 교육과 성장의 기회가 된다면! | 김희정 째깍악어 대표https://www.youtube.com/watch?v=-kX-PbwB46c\u0026vl=ko째깍악어와 함께 동반 성장할 분을 찾습니다.[담당 업무]광고예산 집행 (2020년 예산 약 10~15억원)데이터 기반 성과 관리앱 성과에 따른 프로모션 기획+ 좀 더 자세히육아/교육 시장에서의 경험보다는 앱 퍼포먼스를 위해 다양한 경험이 더 중요합니다.광고 대행사에서 근무하시면서 좀 더 주도적으로 해보는 것에 갈증이 있었던 분이면 환영합니다. 광고를 통해 유입된 고객이 만족하고 재방문하고 후기를 남기는 경험까지 해보실 수 있습니다.광고효과를 위해 테스트 하실 수 있도록 멋진 소재를 빠르게 제공하는 동료들과 함께 합니다.[자격 요건 및 역량]매체 전략 기획 및 운영 경력 최소 3년 이상 포함협업, 커뮤니케이션 능력마케팅 성과 지표 분석 및 활용[우대 사항]O2O 플랫폼 마케팅 경력O2O 플랫폼의 마케팅 대행 경력BI 툴 Tableau, appsflyer, 구글 애널리틱스(GA) 이용 경험\n\n            \n              \n                  \n                  \n                \n            \n          "]}