{"url":"https://www.rocketpunch.com//jobs/70089/%ED%8D%BC%ED%8F%AC%EB%A8%BC%EC%8A%A4-%EB%A7%88%EC%BC%80%ED%8C%85-%EC%A0%84%EB%9E%B5-%EC%88%98%EB%A6%BD-%EB%B0%8F-%EC%8B%A4%ED%96%89","title":"퍼포먼스 마케팅 전략 수립 및 실행","origin":"공공공간","start_date":"02/26 ","newbie":"신입경력","content":["\n        주요 업무\n                    공공공간은 자원의 낭비를 줄이며 환경, 사회적으로 지속가능한 디자인으로 책임있는 생산과 소비문화를 만들어갑니다. 이 과정에서 다양한 디자이너, 작가들의 참여로 디자인의 다양성을 확보하고, 지역 생산자들과 고부가가치 일거리로 협력합니다. 단순히 물건을 만들고, 파는 것을 넘어 지속가능한 디자인의 인식 전환과 확산을 위해 아래와 사업을 진행합니다. -\t…\n            더 보기\n            공공공간은 자원의 낭비를 줄이며 환경, 사회적으로 지속가능한 디자인으로 책임있는 생산과 소비문화를 만들어갑니다. 이 과정에서 다양한 디자이너, 작가들의 참여로 디자인의 다양성을 확보하고, 지역 생산자들과 고부가가치 일거리로 협력합니다. 단순히 물건을 만들고, 파는 것을 넘어 지속가능한 디자인의 인식 전환과 확산을 위해 아래와 사업을 진행합니다. -\t사람과 환경을 고려한 지속가능 디자인 제품 브랜드 ZERO DESIGN 제품 생산 및 유통 -\t선구매를 통해 다양한 디자이너, 작가들을 지지하고, 작품이 담긴 굿즈(지속가능 디자인 모듈)를 합리적인 가격에 제공하는 굿즈 플랫폼 ‘위드굿즈’. -\t다양한 기업, 단체와의 지속가능 디자인(브랜드, 제품) 콜라보레이션 -\t메이커스 체험 워크숍, 소셜 디자인 프로그램 제공공공공간의 핵심 사업으로 성장할 위드굿즈의 서비스의 마케팅 전략 수립에서 실행까지 진행 합니다. 프로젝트를 처음부터 끝까지 모두 이끌 수 있으며, 그만큼 높은 몰입감과 성취감을 맛볼 수 있습니다. 1. 구글 애널리틱스 등을 기반으로 데이터 분석을 통하여 디지털 마케팅 전략과 수립 실행 2. 온 오프라인 프로모션 기획, 집행, 효과 분석 후 개선점 도출 3. 광고 콘텐츠 기획 및 운영, 광고관리자 분석 및 피드백 4. 보도자료 작성 5. 운영에 필요한 공통 업무는 함께 합니다. (재고 정리, 전시 설치 준비 등)\n\n      ","\n        업무 관련 기술 / 활동 분야\n        \n          온라인마케팅\n          디지털마케팅\n          브랜드마케팅\n          소셜마케팅\n          Google Analytics\n          바이럴마케팅\n          인스타그램\n          블로그\n          그로스해킹\n          페이스북\n        \n      ","\n        채용 상세\n                    \u003c담당업무\u003e1. 구글 애널리틱스 등을 기반으로 데이터 분석을 통하여 디지털 마케팅 전략과 수립 실행 2. 온 오프라인 프로모션 기획, 집행, 효과 분석 후 개선점 도출 3. 광고 콘텐츠 기획 및 운영, 광고관리자 분석 및 피드백 4. 보도자료 작성 5. 운영에 필요한 공통 업무는 함께 합니다. (재고 정리, 공간 청소, 전시 설치 준비 등…\n            더 보기\n            \u003c담당업무\u003e1. 구글 애널리틱스 등을 기반으로 데이터 분석을 통하여 디지털 마케팅 전략과 수립 실행 2. 온 오프라인 프로모션 기획, 집행, 효과 분석 후 개선점 도출 3. 광고 콘텐츠 기획 및 운영, 광고관리자 분석 및 피드백 4. 보도자료 작성 5. 운영에 필요한 공통 업무는 함께 합니다. (재고 정리, 공간 청소, 전시 설치 준비 등)반려동물 친화 오피스 입니다. 창밖을 보는걸 좋아하는 공공공간의 마스코트 ‘엄버’와 함께 일합니다.\u003c자격요건\u003e1.\t디지털 마케팅 경력 2년 이상 2.\t GA, Google Adwords, Facebook Ads 등의 관리자 툴 사용이 능통하신 분3.\t데이터베이스 및 검색 엔진에 대한 이해도가 높으신 분 4.\t고객 중심적 사고와 핵심 가치 기반의 마케팅 전략 기획, 콘텐츠 기획이 가능한 분\u003c우대사항\u003e-  그로스 해킹 경험이 있거나 디지털 마케팅 전문가로서 성장할 의지가 있는 사람 -  스타트업 혹은 플랫폼 서비스에 대한 경험이 있으신 분 -  B2B 콘텐츠 마케팅 업무 경험이 있으신 분-  환경 문제, 메이커스 문화에 관심을 가지고 해당 분야에 대해 배워보고 싶은 욕구가 있으신 분 \u003c기업 및 조직 문화\u003e 공공공간은 수 년간 다양한 소셜 디자인 분야의 프로젝트를 해오면서 소셜벤처로 기반을 다져 왔습니다. 하지만 지금, 이 시점.  보다 많은 창작자들과 생산자들이 협력할 수 있는 확장성 있는 모델로 성장을 향해 나아가야 할 때입니다. 이에 ‘위드굿즈’서비스를 기획하고 있습니다. 위드굿즈는 아직  씨앗 단계의 서비스입니다.  메이커스 문화를 활성화 하고 지속가능한 제작 생태계를 구축하며 쇠락하는 도심 제조업의 혁신으로 한단계 더 나아가고자 합니다. 그러기 위해서 우리는 함께 씨앗을 틔우고,  서로의 능력을 신뢰하며 성과로 인정받는 팀을 만들고자 합니다.  공공공간은 아래 가치에 부합하는 팀원들에게 더 많은 성장 기회와 그에 상응하는 인센티브를 부여합니다. 그리고 우리의 핵심 가치와 역량에 맞지 않는 팀원들과는 서로의 성장을 위해 빨리 헤어지는 것이 더 친절한 선택이라고 생각합니다.  1.\t문제에 공감하고, 고객 중심의 가치에 집중합니다. 우리는 ‘공감’을 단순하게 듣고 이해하는 데에서 그치는 것에서 나아가, 실천적인 행동으로 옮기는 적극적이 자세를 말합니다. 공감을 통해 고객 중심으로 사고하고, 그 가치를 최대한으로 창출 하기 위해 노력합니다.#공감 #고객중심   2.\t높은 퍼포먼스 문화를 지향합니다. 우리는 탁월한 능력을 가지고 변화를 통해 성장해 나가는 사람들에게 더 어울리는 문화를 지향합니다. 멋진 성과를 내고, 그를 통해 사회에 긍정적인 임팩트를 창출하는 일, 그 과정에서 팀원들의 존경을 받는 것, 그리고 훌륭한 동료들과의 상호 존중 속에서 일하는 것이 큰 도전 없이 안락하게 사는 것 보다 더 중요한 사람들. 탁월함과 대담함으로  빠른 실행을 하고 업무의 핵심을 파악하여 빠른 학습 속도와 자기주도 성장을 만들어 갑니다. 나의 직업에서의 전문성과 성장이 삶의 목표이자 만족인 사람,  우리는 이런 사람들과 함께 일하고 성장하고 싶습니다. 탁월한 인재들과 함께 초과 근무를 지양하고 생산적으로 일하고자 합니다.#탁월함 #대담함 #실행중심 #빠른속도 #린_Lean #생산성3.\t목표의식을 가지고, 자율성과 책임감을 가지고  일합니다.스타트 업에서는 한사람이 여러 업무를 담당해야 할 수도 있고, 각자 맡은 업무에 대해서도 확실한 주인이 되어야 합니다. 높은 역량을 가진 사람들은 불필요한 규율이나 프로세스가 있을 때 보다 자율적으로 일할 수 있을 때 최고의 효율을 낼 수 있습니다. 스스로 고객 가치와 미션에 기반한 업무의 목표의식을 세우고, 더 높은 생산성을 전략적으로 실천하는 것.  최선의 성과를 만들기 위해 그릿*를 추구하고, 그 결과에 책임을 지는 것. 이것이 우리가 말하는 자율성과 책임감 입니다.  우리는 탁월한 역량과 집념, 끈기가 있는 인재들과 함께 일하고 싶습니다.  #목표의식 #책임감 #자율성 #그릿 *그릿(Grit):  자신이 성취하고자 하는 목표를 끝까지 해내는 힘이자, 어려움, 역경, 슬럼프가 있더라도 그 목표를 향해 오랫동안 꾸준히 정진할 수 있는 능력4.\t서로의 다름을 인정하고 존중하며, 의견 충돌의 과정을 회피하지 않습니다.공공공간은 자기답게 일하는 문화를 지향합니다. 그러기 위해 의사 표현의 과정에서 솔직하고 명확하게 소통하고, 다른 의견을 경청합니다.  괜찮은 척, 동의하는 척, 이해한 척 하지 않고, 강점 뿐만 아니라 약점과 두려움을 오픈하고 서로의 다름을  인정하는 것에서 신뢰를 기반으로 한 협력이 시작 됩니다. 혁신은 혼자서 만들수 없습니다. 솔루션을 치열하게 고민하며, 다양한 구성원이 함께 협력하는 것에서 의견충돌은 당연한 것입니다. 우리는 이것이 감정 소모의 갈등이 아닌 창조적인 발전으로의 에너지가 되는 것을 지향합니다. #자기다움 #경청 #소통 #신뢰 #협력 5.\t서로의 성장을 응원합니다나의 역량이 다른 동료들에게 동기를 부여하고, 영감을 줄 수 있도록 노력합니다.서로가 함께 탁월한 동료로 성장하도록 도와주고, 팀과 함께 성장하는 문화를 만들어 가며 그 성과와 책임을 공동으로 가져갑니다.  #함께_성장 \u003c복리후생\u003e- 유연 출퇴근제 (출근 8:00~10:00 / 퇴근 17:00~19:00)- 선택 시간제 근무 가능( 주20시간 / 주 30시간)- 수습 기간에도 4대 보험에 가입, 정직원 전환 후 육아 휴직과 출산 휴가를 지원.- 경조사비 - 여유로운 점심시간 (1시간 30분) / 점심 회식- 고급 원두 콜드 브루 커피, 간식 제공, 점심 식비 지원 (야근시 저녁 제공) - 업무 성장에 필요한 도서, 교육비 지원.- 협의에 따라 지분(스톡옵션) 지급 가능. - 분기별 매출 성과 따른 인센티브 지급 가능\n\n            \n              \n                  \n                \n            \n          \n            \n              \n                  \n                  \n                \n            \n          "]}