{"url":"https://programmers.co.kr/job_positions/1215","title":"백엔드 웹 개발자 (신입 가능)","origin":"Xinics","start_date":"","newbie":false,"content":["기술 스택\nLaravel PHP MySQL","업무 소개\n하버드, 예일 등 북미 아이비리그 대학 대다수에서 사용하는 Canvas를 기반으로 국내 교육 환경에 맞게 최적화한 러닝 플랫폼 LMS(Learning Management System) 개발\n국내 100여개 이상의 대학 및 관공서에서 사용하는 CMS(Content Management System) 개발\n미래형 학습 솔루션(Blended learning, Flipped learning, MOOC 등) 관련 신규 제품 연구 및 개발\n기타 학사 시스템 연동 개발","자격 조건\nPHP 개발에 능숙하신 분\nPHP Framework(Laravel) 기반 프로젝트 경험이 있으신 분\nRDBMS(PostgreSQL) 또는 NoSQL(MongoDB)의 모델링 및 사용 경험이 있으신 분\nLinux 서버 환경(기본 구조 및 명령어, 쉘 스크립트 등)에 익숙하신 분\n버전관리 시스템(git, svn)을 사용한 경험이 있으신 분","우대 사항\n전산/컴퓨터 공학 관련 전공자\nHTTP(Restful) API 디자인 및 대용량 트래픽 개발 경험이 있으신 분\n클라우드 서비스(AWS, MS Azure) 경험이 있으신 분\nJira 활용 및 Confluence 문서화에 익숙하신 분\n통계 분석 및 빅데이터 및 AI 관련 프로젝트 유경험자\nIMS Global 등의 국제 표준 인증 개발 경험이 있으신 분"]}