{"url":"https://www.rocketpunch.com//jobs/52969/PHP-%EA%B0%9C%EB%B0%9C%EC%9E%90-%EB%AA%A8%EC%8B%AD%EB%8B%88%EB%8B%A4","title":"PHP 개발자 모십니다","origin":"워드바이스","start_date":"02/18 ","newbie":"경력","content":["\n        주요 업무\n                    Wordpress/Laravel 기반 프론트 엔드 및 백엔드 서비스를 개발 및 개선해 나가실 개발자를 찾고있습니다. 2년 이상의 PHP 개발 경험이 있으신 분만 지원 부탁합니다.[ 업무 내용 ]• essayreview.co.kr / wordvice.com / wordvice.com.tw / wordvice.cn / wordvice.com.tr / w…\n            더 보기\n            Wordpress/Laravel 기반 프론트 엔드 및 백엔드 서비스를 개발 및 개선해 나가실 개발자를 찾고있습니다. 2년 이상의 PHP 개발 경험이 있으신 분만 지원 부탁합니다.[ 업무 내용 ]• essayreview.co.kr / wordvice.com / wordvice.com.tw / wordvice.cn / wordvice.com.tr / wordvice.jp 사이트 기능 및 추가 크라우드소싱 기반 웹서비스 개발, UI/UX 개선 ( PHP Laravel framework + Wordpress 기반 )• AWS/Ubuntu 기반 시스템 운영• 교정 데이터 분석 및 자동 교정 기술 개발• 해외 신규 서비스 개발- 연봉: 경력/업무 능력에 따른 협의 가능- 연봉 외 인센티브 지급- 근무장소 : 분당구 신분당선 정자역 킨스타워 20층\n\n      ","\n        업무 관련 기술 / 활동 분야\n        \n          PHP\n          Amazon AWS\n          WordPress\n          jQuery\n          MySQL\n          풀스택개발\n          서버관리\n          Git\n          Laravel\n          devops\n        \n      ","\n        채용 상세\n                    워드바이스는 2015년 런칭한 스타트업으로서 4,000명 이상의 원어민이 등록된 글로벌 영문 교정/번역 플랫폼을 운영하고 있으며, 기존에 불투명했던 영문 번역/교정 시장의 서비스 표준화/자동화를 통해 빠르게 성장하고 있으며, 크라우드소싱을 통하여 가격 경쟁력도 확보하고 있습니다. 교정/번역 데이터를 축적하여 경기대학교와 산학협력 과제로 개인화된 학습…\n            더 보기\n            워드바이스는 2015년 런칭한 스타트업으로서 4,000명 이상의 원어민이 등록된 글로벌 영문 교정/번역 플랫폼을 운영하고 있으며, 기존에 불투명했던 영문 번역/교정 시장의 서비스 표준화/자동화를 통해 빠르게 성장하고 있으며, 크라우드소싱을 통하여 가격 경쟁력도 확보하고 있습니다. 교정/번역 데이터를 축적하여 경기대학교와 산학협력 과제로 개인화된 학습 프로그램도 개발 중입니다. 비즈니스 모델의 핵심은 미국 영국에서 활동하는 500명이상의 아이비리그급 석박사 원어민과 번역사를 크라우드 소싱과 아웃소싱을 결합한 시스템을 통해 프리랜서로 고용합니다. 에세이리뷰라는 서비스 브랜드를 통해 5,100만 단어, 36,000건 이상의 영문 교정 서비스를 500개 이상의 17,000명 이상의 고객에게 제공하고 있습니다. 연세대, 고려대, 중앙대, 아산병원 등 26개 국내 외 연구기관과 B2B 계약을 맺고 있으며, 일본 법인을 설립하여 본격적으로 해외로도 확장 중입니다.이를 통해 학술영문교정 및 번역 단가를 낮추고 품질을 높여 세계 유명 학술기관과 B2C 연구자들에게 경쟁사대비 35% 저렴한 비용과 납기기한을 절반으로 축소했습니다. 프리랜서 석박사들은 원하는 시간에 원하는 곳에서 원하는 작업만을 할 수 있는 flexibility 이점 덕분에 상대적으로 낮은 단가 및 높은 만족도를 더불어 업무를 진행하고 있습니다.현재 워드바이스는 한국(essayreview.co.kr), 미국(wordvice.com), 중국(wordvice.cn), 대만(wordvice.com.tw), 일본(wordvice.jp), 터키(wordvice.com.tr) 총 6개국에서 영문교정 및 번역 서비스를 제공하고 있으며, 2017년에는 비즈코치( bizcoach.co.kr )라는 비즈니스 영어작문교육 플랫폼으로도 확장 중에 있습니다.국내 사업은 이미 안정적인 수익모델을 기반으로 탄탄한 재무안정성과 함께 빠르게 성장하고 있으며 (16개 대학교 및 정부기관 계약), 사업 포트폴리오 또한 지속적으로 확장하고 있습니다. 지난 3년간 투자 필요 없이 지속적으로 안정적으로 사업을 영위하고 있으며, 정보통신산업진흥원의 해외인재채용 및 창진원의 중국 엑셀러레이터 사업에도 선정되고 매출의 35%가 해외 매출로 해외사업도 빠른 성장을 하고 있습니다. 국내외 운용액 기준 1조 규모의 사모펀드/IB에서 펀드레이징과 투자경력을 가진 대표, IBM 출신 프로그래머,  미국인 컨텐츠 매니저, 그리고 영국/대만/일본/중국/터키인 PM으로 절반이 외국인으로 구성된 워드바이스 팀은 풍부한 사업운영 경험과 넓은 국내외 네트워크를 가지고 있습니다.[ 필수사항 ]•\tPHP 개발 경험•\tHTTP 프로토콜, RESTful API에 대한 이해•\t프론트엔드 개발을 위한 HTML/CSS/jQuery에 대한 기본 지식•\t데이터 구조에 대한 지식•\t상용 서비스 운영 경험[우대조건]•\tGit 사용 경험자•\tWordpress 또는 Laravel framework 개발 경험•\tAWS 운영 경험자•\t프로그래밍을 일이라고 생각하지 않고 즐겁게 코딩하시는 분•\t리눅스 기반으로 Apache, MySQL 등을 운영해보신 분•\t영어로 의사소통이 가능하신 분•\t다국어 지원 웹사이트 구축 경험•\t다양한 API 연동 경험자\n\n            \n              \n                  \n                \n            \n          "]}