{"url":"https://www.rocketpunch.com//jobs/70163/java-python-%EC%98%81%EC%83%81-Tool-%EA%B0%9C%EB%B0%9C","title":"[java, python] 영상 Tool 개발","origin":"에이아이메이커","start_date":"03/02 ","newbie":"신입경력","content":["\n        주요 업무\n                    AIMaker는 데이터 라벨링을 통해 Ai를 만들기 위한, 가장 기초가 되는, 새로운 경제화폐인 데이터를 만드는 회사입니다. 데이터 산업은 관련 분야의 세분화와 정부 정책과 함께 급성장하는 시장입니다.SW 관련기업의 인적분할회사로 본사에서 함께 근무하실 개발자를 채용합니다.\n\n      ","\n        업무 관련 기술 / 활동 분야\n        \n          Python\n          Java\n          Amazon AWS\n          JavaScript\n          GitHub\n        \n      ","\n        채용 상세\n                    담당업무- 영상 라벨링 Tool 개발- Tool 정확도 개선자격요건- Java - Python우대사항- 관련 개발 경력 2,3년 우대- 영상툴개발 경력 우대기타사항- 강아지랑 출근 가능- 흡연실 가까움- 정치, 개인사 관여 없음\n\n            \n              \n                  \n                \n            \n          \n            \n              \n                  \n                \n            \n          \n            \n              \n                  \n                \n            \n          "]}