{"url":"https://www.rocketpunch.com//jobs/70279/2D-designer","title":"2D designer","origin":"큐어스크립트","start_date":"03/02 ","newbie":"경력","content":["\n        주요 업무\n        www.drpauhls.com큐어스크립트는 치유의 처방을 제공하는 프리미엄 라이프 스타일 브랜드로써, 매일의 일상에서 새로움을 줄수있는 제품을 지속적으로 개발하고 있습니다. 큐어스크립트는 자유롭고 창의적인 생각을 가진 젊은 회사로써, 판매에 치중한 커머셜 브랜드 업계에서 새로운 시도와 높은 퀄리티의 제품 및 브랜드 철학으로 다른 감각을 전달하려 하고있습니다. 큐어스크립트에서 당신의 잠재된 창조력을 깨워보세요.\n      ","\n        업무 관련 기술 / 활동 분야\n        \n          디자인\n          그래픽디자이너\n          시각디자인\n          광고디자인\n          컨텐츠디자이너\n          광고디자이너\n          브랜드디자인\n        \n      ","\n        채용 상세\n        담당업무- 그래픽/편집/웹 디자인 및 ux/ui 디자인- 웹 컨텐츠 아트웍 디자인- 온,오프라인 광고 인쇄물 등 전반적인 2d 디자인자격요건- adobe illustrator/photoshop/indesign/primiere등 디자인툴 상급 능력자- 인쇄협력업체 감리경험 및 디자인 작업물을 리딩해서 생산 경험이 있는분우대사항- 새로운 시도의 디자인에 적극적이신분- 타 부서 및 외부 업체와의 협업 시 원활하고 유연한 커뮤니케이션 능력을 가지신 분- 브랜딩 프로세스를 이해하고 콘텐츠 기획력에 자신이 있으신 분"]}