{"url":"https://www.rocketpunch.com//jobs/70238/%EC%A3%BC%EC%8B%9D%ED%9A%8C%EC%82%AC-%EB%94%94%EC%89%90%EC%96%B4-Frontend-%EA%B0%9C%EB%B0%9C%EC%9E%90","title":"[주식회사 디쉐어] Frontend 개발자","origin":"디쉐어","start_date":"02/28 ","newbie":"경력","content":["\n        주요 업무\n                    - 학생들이 사용하는 강의 수강 서비스 개발- 선생님이 학생 관리 및 업무에 사용하는 서비스 신규 개발\n\n      ","\n        업무 관련 기술 / 활동 분야\n        \n          MySQL\n          HTML\n          CSS\n          JavaScript\n          React\n          frontend\n          Vue.js\n          angular\n        \n      ","\n        채용 상세\n                    자격요건- Frontend 개발 경력 2년 이상- HTML, CSS, Javascript의 이해와 업무 활용- 긍정적인 태도와 협업, 커뮤니케이션 능력우대사항- Frontend 프레임워크 (React, Vue.js, Angular 등) 개발 경험자- MySQL 또는 유사한 관계형 데이터베이스 경험\n\n            \n              \n                  \n                \n            \n          \n            \n              \n                  \n                \n            \n          \n            \n              \n                  \n+5                \n            \n          \n            \n              \n                  \n                \n            \n          \n            \n              \n                  \n                \n            \n          \n            \n              \n                  \n                \n            \n          \n            \n              \n                  \n                \n            \n          \n            \n              \n                  \n                \n            \n          "]}