{"url":"https://www.rocketpunch.com//jobs/70087/%EC%9B%B9%EC%95%B1-UX-%EB%94%94%EC%9E%90%EC%9D%B4%EB%84%88-AI-%ED%95%99%EC%8A%B5%EB%8D%B0%EC%9D%B4%ED%84%B0%EB%A5%BC-%EC%9C%84%ED%95%9C-%ED%81%AC%EB%9D%BC%EC%9A%B0%EB%93%9C%EC%86%8C%EC%8B%B1-%ED%94%8C%EB%9E%AB%ED%8F%BC","title":"웹/앱 UX 디자이너 (AI 학습데이터를 위한 크라우드소싱 플랫폼)","origin":"셀렉트스타 주식회사","start_date":"  ","newbie":"신입경력","content":["\n        주요 업무\n                    셀렉트스타는 인공지능 개발에 필요한 데이터를 모바일 크라우드소싱을 통해 수집 및 가공하는 서비스를 제공하고 있습니다. 모바일 앱 '캐시미션'의 2만여명의 사용자들이 AI 기업들이 요청한 데이터 수집과 가공을 수행하고, 보상을 받아가는 플랫폼입니다. 2018년 말 카이스트 창업팀에서 시작된 셀렉트스타는 현재 네이버, LG CNS, 한국전력, 롯데정보통…\n            더 보기\n            셀렉트스타는 인공지능 개발에 필요한 데이터를 모바일 크라우드소싱을 통해 수집 및 가공하는 서비스를 제공하고 있습니다. 모바일 앱 '캐시미션'의 2만여명의 사용자들이 AI 기업들이 요청한 데이터 수집과 가공을 수행하고, 보상을 받아가는 플랫폼입니다. 2018년 말 카이스트 창업팀에서 시작된 셀렉트스타는 현재 네이버, LG CNS, 한국전력, 롯데정보통신, 카이스트 등 40개의 고객사/매출 14억을 확보하였고 카카오 벤처스의 투자를 받아 빠르게 성장하고 있는 스타트업입니다. 현재 25명의 풀타임 멤버로 구성돼 있습니다.크라우드소싱 플랫폼이란 고객사들이 B2B 웹 '셀렉트스타'를 통해 자유롭게 데이터 수집/레이블링 프로젝트를 올리고 관리하며, 업로드 된 작업이 B2C 앱을 통해 작업자들에게 공개가 돼 작업이 이뤄지는 형태입니다. 현재 셀렉트스타에서는 B2C 앱 캐시미션만을 개발하여 모든 프로젝트 세팅 및 관리를 하고 있는 상태이며, B2B 웹 개발을 포함한 완전 플랫폼화가 기획 초기 단계입니다. B2C 앱 '캐시미션'을 고도화하고,  B2B 웹 '셀렉트스타'를 신규 기획/디자인하며, 더 나아가 플랫폼 자체의 설계에 참여할 신규 기획/디자인 멤버를 모집하고 있습니다. 현재 기획/디자인팀은 기획 겸 디자인 2명과 기획 담당 1명으로 구성돼 있습니다.셀렉트스타는 '몰입, 성장, 고객'의 키워드 아래, 구성원들이 몰입할 수 있는 환경을 만들고 가치있는 미션을 통해 성장하여 고객에게 좋은 서비스를 제공할 수 있도록 최선을 다하고 있습니다. 많은 지원 부탁드립니다!현재 회사가 대전에 위치해있지만, 2020년 7월 서울로 이전할 계획입니다.\n\n      ","\n        업무 관련 기술 / 활동 분야\n        \n          UI/UX디자인\n          웹디자인\n          모바일디자인\n          서비스디자인\n        \n      ","\n        채용 상세\n                    담당업무- 크라우드소싱 플랫폼 설계 및 기획/디자인- 크라우드소싱 플랫폼의 B2C 앱 ‘캐시미션’ (사용자들이 직접 데이터 수집/레이블링을 수행하고 보상을 얻어가는 앱) 기획/디자인- 크라우드소싱 플랫폼의 B2B 웹' 셀렉트스타' (고객사들이 직접 데이터 수집/레이블링 프로젝트를 올리고 관리할 수 있는 웹)  기획/디자인자격요건- 대전 근무 가능우대…\n            더 보기\n            담당업무- 크라우드소싱 플랫폼 설계 및 기획/디자인- 크라우드소싱 플랫폼의 B2C 앱 ‘캐시미션’ (사용자들이 직접 데이터 수집/레이블링을 수행하고 보상을 얻어가는 앱) 기획/디자인- 크라우드소싱 플랫폼의 B2B 웹' 셀렉트스타' (고객사들이 직접 데이터 수집/레이블링 프로젝트를 올리고 관리할 수 있는 웹)  기획/디자인자격요건- 대전 근무 가능우대사항- 웹 혹은 앱 서비스 기획/디자인 경력 3년 이상- 플랫폼 설계 경력- 2020년 7월 이후에 서울에서 근무 가능혜택 및 복지- 연봉 및 스톡옵션 협의 가능- 팀 분위기가 무척 좋습니다!!- 선택적 근로제 운영, 코어타임(14~17시)를 제외하고는 자율 근무(재택도 가능)- 커피 및 스낵 무한 지원- 멤버 5명 이상 모일 시 외식 지원- 2달에 1번 이상, 맛있는 회식\n"]}