{"url":"https://www.rocketpunch.com//jobs/68780/%EC%8A%A4%ED%83%80%ED%8A%B8%EC%97%85%EC%A3%BC%EC%8B%9D%ED%9A%8C%EC%82%AC-%EC%A7%80%EC%8B%9D%ED%8C%A9%ED%86%A0%EB%A6%AC%EC%97%90%EC%84%9C-%EC%9B%B9%EA%B0%9C%EB%B0%9C%EC%9E%90-%EC%B1%84%EC%9A%A9","title":"(스타트업)주식회사 지식팩토리'에서 웹개발자 채용","origin":"지식팩토리","start_date":"01/30 ","newbie":"소신입경력","content":["\n        주요 업무\n                    **웹 개발자(신입 / 경력직)\u003c주식회사 지식팩토리\u003e는 OCR-AI를 통한 빅데이터 이미지 분석, 컨설팅 진단 및 매칭 프로그램으로 입시정보 통합관리 플랫폼 \u003c잡썰(Jobssul)\u003e 광학스캐너(OCR)를 사용하여 아날로그 문서를 디지털화하는 기술을 바탕으로 어느 교육업체도 시도하지 않았던 [학생부 전체 정보 스캔]을 통해 학생부…\n            더 보기\n            **웹 개발자(신입 / 경력직)\u003c주식회사 지식팩토리\u003e는 OCR-AI를 통한 빅데이터 이미지 분석, 컨설팅 진단 및 매칭 프로그램으로 입시정보 통합관리 플랫폼 \u003c잡썰(Jobssul)\u003e 광학스캐너(OCR)를 사용하여 아날로그 문서를 디지털화하는 기술을 바탕으로 어느 교육업체도 시도하지 않았던 [학생부 전체 정보 스캔]을 통해 학생부 자료를 DB화하고 AI를 학습시킴으로써 스스로 발전하는 교육AI시스템 구축(학생/학부모, 교사/강사, 학원/학교, 관공서, 기업 대상)하는 것을 목표로 하고 있는 스타트기업입니다.\n\n      ","\n        업무 관련 기술 / 활동 분야\n        \n          PHP\n          jQuery\n          Ajax\n          MySQL\n          Git\n          GitHub\n          프론트엔드개발자\n        \n      ","\n        채용 상세\n                    담당업무- 웹 개발- 응용프로그램 개발- DB 설계 및 튜닝자격요건- 학력 : 대졸 이상 (4년)- 경력 : 경력 3년 ~ 9년- 성별 : 무관- 모집인원 : 0명필수사항- PHP/Ajax/JQuery 개발 경험자- Mysql 개발 경험자- git, github 등 버전관리 시스템 사용 경험자- 데이터베이스 분석 및 설계 역량우대사항- 자연계열 전공자\n            더 보기\n            담당업무- 웹 개발- 응용프로그램 개발- DB 설계 및 튜닝자격요건- 학력 : 대졸 이상 (4년)- 경력 : 경력 3년 ~ 9년- 성별 : 무관- 모집인원 : 0명필수사항- PHP/Ajax/JQuery 개발 경험자- Mysql 개발 경험자- git, github 등 버전관리 시스템 사용 경험자- 데이터베이스 분석 및 설계 역량우대사항- 자연계열 전공자\n"]}