{"url":"https://www.rocketpunch.com//jobs/70058/%EC%9B%B9-%EA%B0%9C%EB%B0%9C-%ED%94%84%EB%9F%B0%ED%8A%B8-%EB%B0%8F-%EB%B0%B1%EC%97%94%EB%93%9C-%EB%B6%84%EC%82%B0-DB-%EB%B9%85%EB%8D%B0%EC%9D%B4%ED%83%80-%EA%B4%80%EB%A6%AC%EB%93%B1","title":"웹 개발, 프런트 및 백엔드, 분산 DB, 빅데이타 관리등","origin":"스프링클라우드","start_date":"12/30 ","newbie":"신입경력","content":["\n        주요 업무\n        자율주행 모빌리티 서비스 시스템 개발웹 개발, 프런트 및 백엔드, 분산 DB, 빅데이타 관리등\n      ","\n        업무 관련 기술 / 활동 분야\n        \n          Java\n          Python\n          Android\n          Back-end\n          풀스택개발\n          JavaScript\n          GitHub\n          Front-end\n          서버관리\n        \n      ","\n        채용 상세\n        담당업무---자격요건----우대사항---"]}