{"url":"https://www.rocketpunch.com//jobs/65163/React-%EA%B8%B0%EB%B0%98-%ED%94%84%EB%A1%A0%ED%8A%B8%EC%95%A4%EB%93%9C-%EA%B0%9C%EB%B0%9C%EC%9E%90-%EB%AA%A8%EC%A7%91","title":"React 기반 프론트앤드 개발자 모집","origin":"Wecode","start_date":"02/14 ","newbie":"신입경력","content":["\n        주요 업무\n                    - 온라인 교육 사이트 개발 50%- HTML, CSS, JavaScript,  React 멘토링 50%채용공고를 읽고 계신 개발자분들! 안녕하세요. wecode의 lead frontend 멘토 김예리입니다.wecode는 멘토의 검증된 실력과 풍부한 경험으로 좋은 개발자를 양성하고자 설립된 프리미엄 집중 코딩 부트캠프입니다.2019년도 4월에 1기를…\n            더 보기\n            - 온라인 교육 사이트 개발 50%- HTML, CSS, JavaScript,  React 멘토링 50%채용공고를 읽고 계신 개발자분들! 안녕하세요. wecode의 lead frontend 멘토 김예리입니다.wecode는 멘토의 검증된 실력과 풍부한 경험으로 좋은 개발자를 양성하고자 설립된 프리미엄 집중 코딩 부트캠프입니다.2019년도 4월에 1기를 시작하여 이제까지 수많은 wecoder 분들이 프론트/백앤드 개발자로 새로운 인생을 시작하셨고, 동료 개발자로 무럭무럭 설장하고 있습니다.무늬만 코딩, 사용할 수 없는 코드가 아닌, \"진짜 개발\"을 할 수 있는 좋은 개발자를 양성하는 것이 wecode의 사명 중 하나입니다.매 기수 학생의 성과로 보람은 이루말할 수 없으며, 저 또한 오랜기간 개발자로만 일하다가 처음 멘토링을 하면서 기술적으로 한층 더 성장할 수 있었습니다. 현재는 오프라인 소수정예 코딩교육으로 이루어져 있지만, 앞으로 개척해야할 것들이 수없이 많습니다.wecode의 초창기 멤버로서 회사의 도약을 위해 함께하실 분들을 모집하고 있습니다.\n\n      ","\n        업무 관련 기술 / 활동 분야\n        \n          React\n        \n      ","\n        채용 상세\n                    담당업무- 온라인 교육 사이트 개발 50%- HTML, CSS, JavaScript,  React 멘토링 50%자격요건- 포트폴리오, github 주소 필수- React 경력 1년 이상 또는 React를 사용한 서비스 개발 / 배포 경험이 있으신 분- 또는, SPA 기반 (Vue, Angular) 2년 이상 실무 경험 있으신 분- 존중과 신뢰를 바탕…\n            더 보기\n            담당업무- 온라인 교육 사이트 개발 50%- HTML, CSS, JavaScript,  React 멘토링 50%자격요건- 포트폴리오, github 주소 필수- React 경력 1년 이상 또는 React를 사용한 서비스 개발 / 배포 경험이 있으신 분- 또는, SPA 기반 (Vue, Angular) 2년 이상 실무 경험 있으신 분- 존중과 신뢰를 바탕으로 자유롭고 적극적인 커뮤니케이션을 잘하시는분- 학습과 성장에 관심있고 자기개발을 위해 노력하는 분- 능동적인 업무 수행우대사항- Redux / MobX / Context / Hooks 등 React 의 깊은 이해가 있으신 분- Node.js / React Native / TypeScript 이해 및 경험이 있으신분- 나만 알기보다 지식을 공유하고 설명하기를 좋아하는 분- 꾸준히 기술 블로그를 작성하시는 분- 백앤드, db에도 관심이 있고 이해도가 있는 분- 과외나 선생님 경험있으신 개발자- 개발스터디 모임을 개설했거나 참여한 경우** 개발자를 양성하는 곳에서 왜 1년차 개발자를 뽑나요? **- 리액트 초보자가 겪는 에러는 대부분 비슷하다 -\u003e 패턴을 알면 80% 이상 대답 가능- 리액트 생태계를 아직 모르고, 개발 환경에 익숙치 않다 -\u003e 실제 스타트업 서비스를 그대로 클론하면서 진짜 개발환경을 최소 3번 반복한다- JavaScript 중급 내용은 따로 있다 -\u003e 이 부분은 7년차 멘토가 지도하게 되며, 신입 멘토는 코드로 직접 경험하고 개념을 정리할 수 있도록 지도합니다. -\u003e 그 후에는 누구라도 원리를 설명할 수 있습니다.** 위코드와 함께하면 이런 점이 좋습니다 **- 7년차 프론트앤드 멘토에게 집중 교육, 그리고 함께 서비스 개발- 원하는 기술스펙으로 토이프로젝트 지원(Node.js, React Native, Vue 환영)- 매 기수 열정적인 wecoder 분들과 함께 긍정적인 에너지 얻음!!- 탄탄한 기술 스터디 진행- 기술서적, 스터디 지원- 맥북제공- TERAROSA COFFEE: 아메리카노, 라떼 무제한- 수제맥주 8종 무제한- 위워크 선릉2의 쾌적한 업무 환경\n\n            \n              \n                  \n                  \n                \n            \n          \n            \n              \n                  \n                \n            \n          \n            \n              \n                  \n+2                \n            \n          \n            \n              \n                  \n                \n            \n          \n            \n              \n                  \n                \n            \n          "]}