{"url":"https://www.rocketpunch.com//jobs/69692/UIUX%EA%B8%B0%ED%9A%8D-%EB%94%94%EC%9E%90%EC%9D%B4%EB%84%88","title":"UI/UX기획, 디자이너","origin":"아키스케치(아키드로우)","start_date":"  ","newbie":"신입경력","content":["\n        주요 업무\n        자사 플랫폼인 아키스케치의UI/UX 디자인 (기획도 가능하면 더 좋습니다!!!)\n      ","\n        업무 관련 기술 / 활동 분야\n        \n          UI/UX디자인\n          UX디자인\n          서비스디자인\n          UI디자인\n          브랜드디자인\n        \n      ","\n        채용 상세\n        담당업무아키스케치 Web/ Mobile 서비스 설계아키스케치 Web/ Mobile UI/ UX 기획사용자 경험 문제 도출 및 해결자격요건\"새롭게 성장하고 있는 아키스케치와 같이 성장할 용기와 패기만 있으면 됩니다!!!\"Web/ Mobile UI\u0026UX 경험 (1년 이상) 기획 프로세스에 대한 풍부한 이해모바일과 웹용 제품 설계에 필요한 기반지식 보유타 부서(개발팀, 운영팀, 데이터 팀) 와의 커뮤니케이션 능력 보유 논리적이고 체계적인 사고력과 문제해결능력 보유"]}