{"url":"https://www.rocketpunch.com//jobs/70123/%EB%B0%94%EC%9D%B4%EC%98%A4%EC%A0%9C%EC%95%BD%EC%97%B0%EA%B5%AC%EC%86%8C-%EC%9D%B8%EC%82%AC%EC%B4%9D%EB%AC%B4IT%ED%9A%8C%EA%B3%84%EC%9E%AC%EB%AC%B4-%EA%B2%BD%EB%A0%A5%EC%A7%81-%EB%AA%A8%EC%A7%91%ED%95%A9%EB%8B%88%EB%8B%A4","title":"바이오제약연구소 인사/총무/IT/회계/재무 경력직 모집합니다","origin":"뉴로라이브","start_date":"02/26 ","newbie":"인턴경력","content":["\n        주요 업무\n                    바이오제약연구소 인사/총무/IT/회계/재무\n\n      ","\n        업무 관련 기술 / 활동 분야\n        \n          재무\n          경영지원\n          회계\n          세무\n          총무\n          인사\n          사무\n          행정\n          자금관리\n          경영관리\n        \n      ","\n        채용 상세\n                    Ⅰ. 사명과 비전우리의 사명은 삶의 질의 증진과 인간의 생명 연장을 통한 인간답게 살 최소한의 인권 존중이며, 비전은 혁신을 통한 신약 개발로 글로벌 기업으로 거듭나는 것입니다.  Ⅱ. 채용안내뉴로라이브는 전문 지식과 풍부한 경험을 바탕으로 자기능력 개발에 적극적인 인재를 찾고 있으며, 사업과 관련해 새로운 시각과 방법을 창출해내기 위해 다양한 교육…\n            더 보기\n            Ⅰ. 사명과 비전우리의 사명은 삶의 질의 증진과 인간의 생명 연장을 통한 인간답게 살 최소한의 인권 존중이며, 비전은 혁신을 통한 신약 개발로 글로벌 기업으로 거듭나는 것입니다.  Ⅱ. 채용안내뉴로라이브는 전문 지식과 풍부한 경험을 바탕으로 자기능력 개발에 적극적인 인재를 찾고 있으며, 사업과 관련해 새로운 시각과 방법을 창출해내기 위해 다양한 교육적, 문화적, 전문적 배경을 지닌 인재들을 등용하고 있습니다.뉴로라이브와 함께할 역량 있는 분들의 많은 지원을 기다립니다.Ⅲ. 모집분야 : 1.\t인사/총무 채용인원 : 0명2.\t총무 /IT 채용인원 : 0명3.\t회계/재무 : 0명(대학/연구소내 과제 비용 정산 경력자)Ⅳ. 공통 자격요건1.\t학력 : 대졸 이상2.\t각 분야 경력 5년 이상인 자3.\t영어/중국어 능통자 우대4.\t바이오회사 근무자 경력 우대5.\t해외출장에 결격사유가 없는 자로 남자의 경우 병역필 또는 면제자6.\t임용결격사유 인사규정 제 18조6-1.\t피성년후견인 또는 피한정후견인6-2.\t파산선고를 받고 복권되지 아니한 자6-3.\t금고이상의 형을 받고 그 집행이 종료되거나, 집행을 받지 아니하기로 확정된 후 5년을 경과하지 아니한 자6-4.\t금고이상의 형을 받고 그 집행유예의 기간이 만료된 날로부터 2년을 경과하지 아니한 자6-5.\t금고이상의 형을 선고유예를 받고 그 선고유예 기간 중에 있는 자6-6.\t법원의 판결에 의하여 자격이 상실 또는 정지된 자6-7.\t병역의무자로서 병역을 기피한 자6-8.\t전직근무기관에서 징계에 의하여 파면 또는 면직, 해임된 자로서 그 징계 처분을 받은 날로부터 5년이 경과하지 아니한 자6-9.\t「형법」제355조 및 제356조에 규정된 죄를 범한 사람으로서 300만원 이상의 벌금형을 선고받고 그 형이 확정된 후 2년 지나지 아니한 자6-10.\t기타 직원으로 임용할 수 없는 현격한 결격사유가 있다고 인정되는 자Ⅴ. 채용조건 : 정규직(6개월간 수습기간을 두며 근무성적 평가 후, 정규직 임용)Ⅵ. 근무지 : 수원 광교Ⅶ. 근무요일 : 주5일Ⅷ. 근무시간 : 9시~18시Ⅸ. 급여 : 회사 내규에 따름(면접 후 결정)Ⅹ. 복리후생1.\t퇴직연금2.\t경조금지원3.\t다양한 교육프로그램ⅩⅠ. 채용절차1.\t서류전형일시 : 2020. 03.06(금)까지 접수방법 : contact@neurorive.com 메일 접수제출서류 : 이력서, 자기 소개서 2.\t면접전형(1차 면접 -\u003e 2차 면접)일시 : 개별통보평가기준 : ①인성 및 자질, ②전문지식과 그 응용능력, ③업무적극성 및 추진력, ④창의성 및 기획력, ⑤시사상식(관련 산업동향 및 전망, 지역경제 활성화에 대한 사고)3.\t합격자발표 : 면접 전형 결과 최고득점자 순(채용 전 임용 결격사유 조회 합격자)으로 개별 통보-\t최종발표일 : 2020.03.31(화) 예정4.\t기타사항 : 허위 사실이 발견될 경우 채용이 취소될 수 있습니다.\n\n            \n              \n                  \n                \n            \n          \n            \n              \n                  \n                \n            \n          \n            \n              \n                  \n+4                \n            \n          \n            \n              \n                  \n                \n            \n          \n            \n              \n                  \n                \n            \n          \n            \n              \n                  \n                \n            \n          \n            \n              \n                  \n                \n            \n          "]}