{"url":"https://www.rocketpunch.com//jobs/68851/%EA%BF%80%EB%A6%AC%EB%B7%B0-%EB%AA%A8%EB%B0%94%EC%9D%BC-%EC%95%B1-%ED%94%84%EB%A1%A0%ED%8A%B8%EC%97%94%EB%93%9C-%EA%B0%9C%EB%B0%9C%EC%9E%90","title":"[꿀리뷰] 모바일 앱 / 프론트엔드 개발자","origin":"컨슈머브릿지","start_date":"02/03 ","newbie":"경력","content":["\n        주요 업무\n                    - React(Next.js) 와 React Native로 개발된 꿀리뷰의 웹과 iOS/Android앱 모두를 담당합니다.\n\n      ","\n        업무 관련 기술 / 활동 분야\n        \n          React\n          Next.js\n          HTML\n          CSS\n          JavaScript\n          TypeScript\n          graphql\n          GitHub\n          ReactNative\n        \n      ","\n        채용 상세\n                    [담당업무]- React(Next.js) 와 React Native로 개발된 꿀리뷰의 웹과 iOS/Android앱 담당[자격요건]- 비지니스를 이해하고 능동적으로 서비스 기획, UI/UX 개선에 참여할 수 있으신 분.- 새로운 개발 기술 및 패러다임을 익히는데 어려움이 없으신 분- React, Vue, Angular 등을 사용한 SPA 웹 서비스 혹…\n            더 보기\n            [담당업무]- React(Next.js) 와 React Native로 개발된 꿀리뷰의 웹과 iOS/Android앱 담당[자격요건]- 비지니스를 이해하고 능동적으로 서비스 기획, UI/UX 개선에 참여할 수 있으신 분.- 새로운 개발 기술 및 패러다임을 익히는데 어려움이 없으신 분- React, Vue, Angular 등을 사용한 SPA 웹 서비스 혹은 React Native를 사용한 앱 개발 경험- 하나 이상의 스크립트 언어에 대한 높은 이해[우대사항]- HTML, CSS, JavaScript에 대한 높은 이해- TypeScript, Flow등의 JavaScript 정적 타입핑 툴 경험- GraphQL에 대한 이해\n\n            \n              \n                  \n                \n            \n          \n            \n              \n                  \n                \n            \n          \n            \n              \n                  \n+2                \n            \n          \n            \n              \n                  \n                \n            \n          \n            \n              \n                  \n                \n            \n          "]}