{"url":"https://www.rocketpunch.com//jobs/69734/%EB%A7%98%EC%8B%9C%ED%84%B0-%EC%95%84%EC%9D%B4%EB%8F%8C%EB%B4%84-%ED%94%8C%EB%9E%AB%ED%8F%BC-%EC%84%9C%EB%B9%84%EC%8A%A4-%EA%B8%B0%ED%9A%8DPM","title":"[맘시터] 아이돌봄 플랫폼 서비스 기획/PM","origin":"맘편한세상","start_date":"02/11 ","newbie":"경력","content":["\n        주요 업무\n                    저희는 바쁜 부모들이 든든하고 안전하게 아이를 맡길 수 있도록 돕기 위해, 2016년부터 아이돌보미 매칭 플랫폼 '맘시터'를 런칭하여 운영하고 있습니다.런칭 후 지금까지 '맘시터' 서비스 연혁 및 현황을 공유드리면 다음과 같습니다.- '16년 9월, '맘시터' 서비스 런칭- '17년 11월, 본엔젤스 seed 투자유치 (컴투스 박지영대표님)- '17…\n            더 보기\n            저희는 바쁜 부모들이 든든하고 안전하게 아이를 맡길 수 있도록 돕기 위해, 2016년부터 아이돌보미 매칭 플랫폼 '맘시터'를 런칭하여 운영하고 있습니다.런칭 후 지금까지 '맘시터' 서비스 연혁 및 현황을 공유드리면 다음과 같습니다.- '16년 9월, '맘시터' 서비스 런칭- '17년 11월, 본엔젤스 seed 투자유치 (컴투스 박지영대표님)- '17년 말, 누적회원 3만명 달성- '18년 5월, Tips 정부사업 선정- '18년 말, 누적회원 12만명 달성- '19년 5월, 미래에셋 등 30억원 시리즈A 투자유치- '19년 말, 누적회원 50만명 달성 (업계 1위)특히 최근에 성장속도가 가파러져서 6개월만에 2배 이상 성장하며, 18조원 이상으로 추정되고 있는 아이돌봄시장을 가장 빨리 혁신하고 있는 팀이 되었습니다.저희가 속도를 낼수록 우리들의 삶 속에 깊히 박혀 있는 '여성경력단절', '황혼육아', '어린이집 대란' 등의 사회문제를 해결하여, 살기 좋은 사회를 만드는 데에 이바지할 수 있다고 생각하며, 저희팀이 똘똘 뭉쳐 자부심과 책임감을 갖고 일하고 있습니다.저희가 더 단단하고 좋은 서비스를 통해 바쁜 부모님들을 돕기 위해서 맘시터 서비스 기획자를 채용하고 있습니다.\u003c주요업무\u003e- 맘시터 서비스 사용자가 겪는 문제를 이해하고, - 문제를 해결하기 위해 데이터 분석 및 리서치를 합니다.- 다양한 이해관계자의 요구사항을 경청하고 수렴하며,- 빠른 iteration을 위한 최소 기능 배포 단위를 정립하고 이를 기반으로 제품팀과 함께 발전시키고 개발합니다.- 제품을 릴리즈하고, 사용자에게 전달 되는 과정을 모니터링하며- 사용자 피드백을 기반으로 인사이트를 얻고 이를 제품에 다시 반영하기 위해 학습합니다.\n\n      ","\n        업무 관련 기술 / 활동 분야\n        \n          project-management\n          서비스 기획\n          데이터분석\n        \n      ","\n        채용 상세\n                    \u003c자격 요건\u003e• 모바일 서비스 제품과 시장, 그리고 사업에 대한 이해• 데이터분석, 사용자 인터뷰 등 정량적・정성적 데이터를 종합하여 문제를 해결하고, 성과를 측정하는 분• 기술과 개발 프로세스 이해도가 높으신 분• 목표를 설정하고, 달성하고, 성과를 이끌어내 본 경험이 있으신 분   • 애자일, Lean 업무 방식을 지향하고 새로운 업무…\n            더 보기\n            \u003c자격 요건\u003e• 모바일 서비스 제품과 시장, 그리고 사업에 대한 이해• 데이터분석, 사용자 인터뷰 등 정량적・정성적 데이터를 종합하여 문제를 해결하고, 성과를 측정하는 분• 기술과 개발 프로세스 이해도가 높으신 분• 목표를 설정하고, 달성하고, 성과를 이끌어내 본 경험이 있으신 분   • 애자일, Lean 업무 방식을 지향하고 새로운 업무 프로세스와 환경을 만들어가는 것에 거부감이 없으신 분• 배움의 의지가 크고, 스스로의 역량을 키우고 싶으신 분\u003c우대사항\u003e• 유아/키즈 서비스 기획 경험이 있으신 분• 플랫폼, O2O서비스 기획 경험이 있으신 분• SQL 활용한 전방위적인 데이터 분석 경험이 있으신 분• Agile(Scrum, Lean Process)경험이 있으신 분 • PC/Mobile App/m-Web 기획을 두루 경험하신 분• 맘시터 서비스를 직접 사용해보신 분\n"]}