{"url":"https://www.rocketpunch.com//jobs/68859/AI-Engine-Developer-%EC%A0%84%EB%AC%B8%EC%97%B0%EA%B5%AC%EC%9A%94%EC%9B%90%EC%82%B0%EC%97%85%EA%B8%B0%EB%8A%A5%EC%9A%94%EC%9B%90","title":"A.I. Engine Developer (전문연구요원/산업기능요원)","origin":"아카에이아이","start_date":"02/19 ","newbie":"신입경력","content":["\n        주요 업무\n        AKA의 인공지능 엔진, Muse(뮤즈)를 개발합니다. AI 개발팀 안에는 다양한 국적을 가진 개발자분들이 모여있어, 영어를 사용하면서 업무에 임하고 있으며, 자연어 처리, 영상 처리, 음성 처리와 같은 다양한 데이터 코드들을 상품/서비스화 하는데 목적이 있습니다.AKA의 엔진 팀은 기본적으로 기계학습과 관련된 지식이 갖추어져 있어야 합니다.(NLP, Machine Vision, Speech Recognition/Synthesis)\n      ","\n        업무 관련 기술 / 활동 분야\n        \n          Python\n          MySQL\n          theano\n          TensorFlow\n          machine-learning\n          NLP\n          spacy\n          caffe\n          Amazon AWS\n          AWS CodeDeploy\n          speech-recognition\n          speech-synthesis\n          computer-vision\n          Flask\n          Django\n        \n      ","\n        채용 상세\n        ▶ AKA에서 저희와 함께하시면, 본인의 지원분야에 알맞은 일은 물론, \"본인이 정말로 원하는 일\"을 중심으로 회사와 본인의 비전을 조율하여 알맞은 업무를 배분해 드립니다.\n            \n              \n                  \n                \n            \n          "]}