{"url":"https://www.rocketpunch.com//jobs/69420/%EB%8D%94%EC%BC%80%EC%96%B4%EB%9E%A9-%EC%84%9C%EB%B9%84%EC%8A%A4-%EA%B8%B0%ED%9A%8D%EC%9E%90-%EC%B1%84%EC%9A%A9","title":"[더케어랩] 서비스 기획자 채용","origin":"더케어 컴퍼니 _ 채용","start_date":"02/27 ","newbie":"신입경력","content":["\n        주요 업무\n                    더케어와 함께할 동료를 찾습니다.[더케어랩는 보살핌의 영역을 확장합니다.]우리 삶 속에는 보살핌이 필요한 순간이 많습니다. 더케어랩는 지금까지 우리가 간과해온 산모와 유아를 섬세한 보살핌의 영역으로 끌어들이는 서비스를 제공하고 있습니다. 임신과 출산, 육아까지 단계별로 대상을 세분화하여 그들에게 어떠한 케어 경험을 제공했을 때 보다 가치 있을지를 저…\n            더 보기\n            더케어와 함께할 동료를 찾습니다.[더케어랩는 보살핌의 영역을 확장합니다.]우리 삶 속에는 보살핌이 필요한 순간이 많습니다. 더케어랩는 지금까지 우리가 간과해온 산모와 유아를 섬세한 보살핌의 영역으로 끌어들이는 서비스를 제공하고 있습니다. 임신과 출산, 육아까지 단계별로 대상을 세분화하여 그들에게 어떠한 케어 경험을 제공했을 때 보다 가치 있을지를 저희는 고민합니다.[사람의 일생과 함께하는 기업으로 성장하길 원합니다.]임신, 출산, 육아와 같이 생애 주기의 시작점에서 여러 케어 서비스를 제공하고, 이를 통해 확보된 트래픽 및 데이터를 기반으로 실버, 펫 케어 서비스 등과 같은 생의 전반에 필요한 서비스 영역들로 확장하는 것이 저희의 목표입니다.[우리가 서비스하는 것은, 다양한 O2O 케어 서비스입니다.]▶ 산후조리원 검색, 예약 플랫폼▶ 조리원 내 신생아 캠 서비스▶ 임신 다이어리 앱⋯⋯ 근무 조건 및 환경 ⋯⋯⋯⋯⋯⋯⋯⋯⋯⋯⋯⋯⋯⋯⋯⋯⋯⋯⋯⋯⋯⋯⋯⋯⋯⋯⋯⋯⋯⋯⋯⋯⋯⋯⋯⋯• 근무 형태 : 정규직• 근무 요일 및 시간 : 월~금, 09:30 ~ 18:30• 근무지 : 서울특별시 강남구 도산대로 317, 13층(호림아트센터1빌딩)• 급여 : 내부 규정에 따름(경력 및 이전 직장 연봉 참고)⋯⋯ 더케어인에게 드리는 혜택 ⋯⋯⋯⋯⋯⋯⋯⋯⋯⋯⋯⋯⋯⋯⋯⋯⋯⋯⋯⋯⋯⋯⋯⋯⋯⋯⋯⋯⋯⋯⋯• 아난티 리조트 회원가 이용• 하계, 동계 단체복 제공• 자유로운 연차 사용• 명절 선물 지급• 도산공원 바로 앞 위치• 경조금, 경조 휴가 지원• 참석, 음주 강요 없는 회식 문화• 커피, 차 등 음료 제공• 산전/후 휴가, 육아 휴직, 남성 출산 휴가• 4대보험, 퇴직금 등⋯⋯ 제출 서류 ⋯⋯⋯⋯⋯⋯⋯⋯⋯⋯⋯⋯⋯⋯⋯⋯⋯⋯⋯⋯⋯⋯⋯⋯⋯⋯⋯⋯⋯⋯⋯⋯⋯⋯⋯⋯⋯⋯⋯⋯• 공통 서류 : 이력서, 자기소개서, 상세 경력기술서• 더케어랩 추가 필요 서류 : 포트폴리오(경험, 프로젝트 포함) / URL 또는 PDF 형식으로 제출⋯⋯ 전형 절차 ⋯⋯⋯⋯⋯⋯⋯⋯⋯⋯⋯⋯⋯⋯⋯⋯⋯⋯⋯⋯⋯⋯⋯⋯⋯⋯⋯⋯⋯⋯⋯⋯⋯⋯⋯⋯⋯⋯⋯⋯• 서류전형 \u003e 1차 면접(실무진) \u003e 2차 면접(임원) \u003e 최종 합격⋯⋯ 기타 사항 ⋯⋯⋯⋯⋯⋯⋯⋯⋯⋯⋯⋯⋯⋯⋯⋯⋯⋯⋯⋯⋯⋯⋯⋯⋯⋯⋯⋯⋯⋯⋯⋯⋯⋯⋯⋯⋯⋯⋯⋯• 이력서 내 희망 연봉 및 직전 연봉 기재• 입사 지원 서류에 허위 사실이 발견될 경우 채용 확정 이후라도 채용이 취소될 수 있습니다.\n\n      ","\n        업무 관련 기술 / 활동 분야\n        \n          서비스 기획\n          웹/앱 기획\n          UI/UX \n          모바일서비스기획\n          기획자\n          기획안\n          앱기획\n          웹기획\n          기획•운영\n          비즈니스분석\n          솔루션기획\n          사업전략\n          커뮤니케이션\n          모바일서비스\n        \n      ","\n        채용 상세\n                    • 담당 업무- 신규 플랫폼 서비스 기획- 기획 화면 구성 및 가이드, 서비스 개선방안 시나리오 작성- 중개 서비스 Market Research- 고객 데이터 분석 및 UX 기반한 최적화된 서비스 도출• 자격 요건- 1년 이상의 앱, 웹 서비스 UX 설계, 기획 경험이 있는 분- 시나리오 작성을 포함한 스토리보드 작성이 가능한 분- 논리적 사고와 원…\n            더 보기\n            • 담당 업무- 신규 플랫폼 서비스 기획- 기획 화면 구성 및 가이드, 서비스 개선방안 시나리오 작성- 중개 서비스 Market Research- 고객 데이터 분석 및 UX 기반한 최적화된 서비스 도출• 자격 요건- 1년 이상의 앱, 웹 서비스 UX 설계, 기획 경험이 있는 분- 시나리오 작성을 포함한 스토리보드 작성이 가능한 분- 논리적 사고와 원활한 커뮤니케이션 능력을 가진 분- 신규 트렌드에 관심이 많으신 분• 우대 사항- 앱, 웹 서비스 개발 기획 및 런칭 경험- UI/UX 기획, 설계 가능한 분- 프로토타입 Tool(Sketch, Adobe XD, Zeplin) 활용 능숙하신 분- Google Analytics, Firebase Analytics 등의 서비스 통계 분석이 가능한 분- 다양한 웹/모바일 서비스를 경험해 보신 분\n\n            \n              \n                  \n                \n            \n          \n            \n              \n                  \n                \n            \n          \n            \n              \n                  \n+3                \n            \n          \n            \n              \n                  \n                \n            \n          \n            \n              \n                  \n                \n            \n          \n            \n              \n                  \n                \n            \n          "]}