{"url":"https://www.rocketpunch.com//jobs/70214/%EB%A7%88%EC%BC%80%ED%84%B0","title":"마케터","origin":"위트레인","start_date":"02/28 ","newbie":"신입경력","content":["\n        주요 업무\n        안녕하세요 :)운동닥터의 마케팅을 리드해주실 마케터를 찾습니다.주요 업무는 다음과 같습니다.- 운동닥터 App 마케팅 기획 및 실행 총괄- 캠페인/미디어 믹스 전략 수립 및 운영- 마케팅 아이디어, 신규채널 발굴- 예산 수립 및 ROAS 최적화* 운동 열심히 하기 :)\n      ","\n        업무 관련 기술 / 활동 분야\n        \n          온라인마케팅\n          디지털마케팅\n          브랜드마케팅\n          소셜마케팅\n          그로스해킹\n          콘텐츠마케팅\n          블로그\n          페이스북\n          앱마케팅\n          모바일광고\n          instagram\n          인스타그램\n          Mobile Marketing\n        \n      ","\n        채용 상세\n        담당업무- 운동닥터 App 마케팅 기획 및 실행 총괄- 캠페인/미디어 믹스 전략 수립 및 운영- 마케팅 아이디어, 신규채널 발굴- 예산 수립 및 ROAS 최적화* 운동 열심히 하기 :)자격요건- 디지털 마케팅(퍼포먼스 마케팅) 경험- 캠페인 예산 운영 능력 (월 1000만원 이상)- 제품 / 서비스 Data 분석 및 트래킹 기반 ROAS 최적화우대사항- 프로젝트 / 포트폴리오- 마케팅 / 광고 에이전시 경력- 트래킹 툴 (Firebase, Amplitude, GA 등) 운영 경험- SEO 이해- 컨텐츠(블로그, SNS) 제작 및 운영 경험* 운동을 주 2회 이상 하는 강한 의지\n            \n              \n                  \n                  \n                \n            \n          "]}