{"url":"https://www.rocketpunch.com//jobs/69504/%EC%A7%B8%EA%B9%8D%EC%95%85%EC%96%B4-iOS-%EC%95%B1-%EA%B0%9C%EB%B0%9C%EC%9E%90-%EA%B2%BD%EB%A0%A5-3%EB%85%84-%EC%9D%B4%EC%83%81","title":"[째깍악어] iOS 앱 개발자 (경력 3년 이상)","origin":"째깍악어","start_date":"02/19 ","newbie":"경력","content":["\n        주요 업무\n                    필수 자격요건◈ iOS 개발 경험 3년 이상◈ 원활한 커뮤니케이션 능력담당업무◈ 하이브리드 앱 신규 기능 개발 연동 및 유지보수  ◈ 지도, 채팅,  api 연결 및 관리◈ 에이전시 협업[우대사항]* 아마존 웹서비스 운영 경험 (EC2, S3, Lambda 등)* 웹뷰와 네이티브 간의 통신 경험* 위치 정보 서비스 운영 경험* MVVM Archite…\n            더 보기\n            필수 자격요건◈ iOS 개발 경험 3년 이상◈ 원활한 커뮤니케이션 능력담당업무◈ 하이브리드 앱 신규 기능 개발 연동 및 유지보수  ◈ 지도, 채팅,  api 연결 및 관리◈ 에이전시 협업[우대사항]* 아마존 웹서비스 운영 경험 (EC2, S3, Lambda 등)* 웹뷰와 네이티브 간의 통신 경험* 위치 정보 서비스 운영 경험* MVVM Architecture Pattern에 능하신 분* RxSwift, RxCocoa 사용 경험* Voice Chat서비스 구현 및 최적화 서비스 경험리쿠르팅 페이지http://tictoccroc.com/recruit.php\n\n      ","\n        업무 관련 기술 / 활동 분야\n        \n          iOS\n          Git\n        \n      ","\n        채용 상세\n                    필수 자격요건◈ iOS 개발 경험 3년 이상◈ 원활한 커뮤니케이션 능력담당업무◈ 하이브리드 앱 신규 기능 개발 연동 및 유지보수  ◈ 지도, 채팅,  api 연결 및 관리◈ 에이전시 협업[우대사항]* 아마존 웹서비스 운영 경험 (EC2, S3, Lambda 등)* 웹뷰와 네이티브 간의 통신 경험* 위치 정보 서비스 운영 경험* MVVM Archite…\n            더 보기\n            필수 자격요건◈ iOS 개발 경험 3년 이상◈ 원활한 커뮤니케이션 능력담당업무◈ 하이브리드 앱 신규 기능 개발 연동 및 유지보수  ◈ 지도, 채팅,  api 연결 및 관리◈ 에이전시 협업[우대사항]* 아마존 웹서비스 운영 경험 (EC2, S3, Lambda 등)* 웹뷰와 네이티브 간의 통신 경험* 위치 정보 서비스 운영 경험* MVVM Architecture Pattern에 능하신 분* RxSwift, RxCocoa 사용 경험* Voice Chat서비스 구현 및 최적화 서비스 경험리쿠르팅 페이지http://tictoccroc.com/recruit.php대한민국 필수 육아앱. 시간제 아이돌봄 서비스, 째깍악어아이를 키우는 부모님이 가장 힘든 순간은, '몇 시간 아이 맡길 곳이 없어 아무것도 하지 못할 때' 입니다. 째깍악어는 시간제로 아이 맡길 곳이 필요한 부모님과, 철저하게 검증, 교육된 돌봄교사를 연결하는 온디맨드 매칭 플랫폼입니다.2016년 11월에 처음 공식 앱을 출시하였으며, 서비스 본격 출시 5개월 만에 아이 돌봄 서비스 업계 최초로 임팩트 투자를 받으며 빠르게 성장하고 있는 중 입니다. 고용노동부 예비 사회적 기업에 선정된 바 있으며, 2019년 한국인터넷 대상 국무총리상, 여성가족부 '여성 친화적 사회적 기업 우수모델' 최우수 상, 중소기업벤처부 여성창업경진대회 장관상 등을 수상하였습니다.- 째깍악어 공식 홈페이지 https://www.tictoccroc.com- 째깍악어 공식 블로그 https://blog.naver.com/tictoc_croc- 째깍악어 공식 페이스북 https://facebook.com/tt.croc/째깍악어 더 알아보기보육·경력단절·일자리 세 가지 문제 동시해결 플랫폼 ‘째깍악어 http://www.eroun.net/72070“회사 이전에 사람이 먼저”… ‘째깍악어’가 지향하는 가치 http://platum.kr/archives/84857세바시 774회 육아가 교육과 성장의 기회가 된다면! | 김희정 째깍악어 대표https://www.youtube.com/watch?v=-kX-PbwB46c\u0026vl=ko째깍악어와 함께 동반 성장할 분을 찾습니다.[채용조건]수습기간 3개월, 정규직 전환 (수습기간 중 급여 100%지급, 4대보험 신고)[자격요건]3년 이상 경력[전형 절차]·1차 : 서류 ·2차 : 실무자 면접·3차 : 사전과제 (필요시)[근무 조건]· 연봉 : 능력에 맞는 대우 협의 가능· 4대보험 가입 / 연차 및 여름휴가 지급 / 상시 준비되어있는 간단한 조식, 간식 · 개인장비 제공 또는 PC와 모니터 개인 지참시 보조금 지급· 연차: 1개월 만근 시 1일    유급 생일휴가 1일 (1년 만근시 연차 미공제)   유급 여름 휴가 3일 (1년 만근시 연차 미공제)   3년간 만근시 2주   5년간 만근시 3주의 유급 창의력재충전 휴가\n\n            \n              \n                  \n                  \n                \n            \n          "]}