{"url":"https://programmers.co.kr/job_positions/1444","title":"Java 서버 개발자","origin":"케어랩스(굿닥)","start_date":"","newbie":false,"content":["기술 스택\nFlask Django Ruby on Rails MySQL Java Git Node.js Python PHP BitBucket CodeIgniter Jenkins","업무 소개\n굿닥 서비스 백엔드 시스템 개발\n\n•  병원광고플랫폼, PHR(Personal Health Record), 병원찾기등의 서비스 개발","자격 조건\n기본적인 Linux 사용 능력\nJava 언어에 능숙하신분(flask 또는 Django 개발 운영 경험)\nMySQL(Maria DB)등 RDBMS 능숙자\nGit,SVN등의 버전 관리 시스템 사용 경험","우대 사항\nAWS를 활용한 개발, 운영 경험\nMicroservices 아키텍처 기반의 시스템 개발 유경험자\n대규모 트래픽이나 대용량 데이터 처리 유경험자\nruby on rails 개발이나 유지 보수 경험.\nNoSQL사용 경험"]}