{"url":"https://www.rocketpunch.com//jobs/69118/AI-Engineer-AI-%EC%97%94%EC%A7%80%EB%8B%88%EC%96%B4-%EA%B0%9C%EB%B0%9C%EC%9E%90","title":"AI Engineer (AI 엔지니어, 개발자)","origin":"인공지능연구원","start_date":"02/06 ","newbie":"신입경력","content":["\n        주요 업무\n                    1. 딥러닝 기반 얼굴 모션 추출 기술 연구 개발주요 업무 (상세)- 인공지능(딥러닝) 기반 얼굴 표정(모션) 변화 검출 및 강도 추출 기술 연구 개발- 모션 캡처 기술 기반 서비스 개발2. 딥러닝 기반 바디 모션 추출 기술 연구 개발주요 업무 (상세)   - 인공지능(딥러닝)기반 인체 3차원 모션 캡처 기술 연구 개발   - 모션 캡처 기술 기반 …\n            더 보기\n            1. 딥러닝 기반 얼굴 모션 추출 기술 연구 개발주요 업무 (상세)- 인공지능(딥러닝) 기반 얼굴 표정(모션) 변화 검출 및 강도 추출 기술 연구 개발- 모션 캡처 기술 기반 서비스 개발2. 딥러닝 기반 바디 모션 추출 기술 연구 개발주요 업무 (상세)   - 인공지능(딥러닝)기반 인체 3차원 모션 캡처 기술 연구 개발   - 모션 캡처 기술 기반 서비스 개발\n\n      ","\n        업무 관련 기술 / 활동 분야\n        \n          Python\n          C++\n          C#\n          TensorFlow\n          DeepLearning\n          딥러닝\n          deep-learning\n          인공지능\n          AI(인공지능)\n          게임엔진개발\n          unity\n          Unreal\n          face-recognition\n        \n      ","\n        채용 상세\n                    1. 딥러닝 기반 얼굴 모션 추출 기술 연구 개발담당업무- 딥러닝 기반 얼굴 모션 추출 기술 연구 개발- 인공지능(딥러닝) 기반 얼굴 표정(모션) 변화 검출 및 강도 추출 기술 연구 개발- 모션 캡처 기술 기반 서비스 개발자격요건1) 학력 : 대학원 석사 졸 이상2) 전공 : 컴퓨터 공학 관련 전공3) 연령 : 제한 없음4) 직급 : 제한 없음5) …\n            더 보기\n            1. 딥러닝 기반 얼굴 모션 추출 기술 연구 개발담당업무- 딥러닝 기반 얼굴 모션 추출 기술 연구 개발- 인공지능(딥러닝) 기반 얼굴 표정(모션) 변화 검출 및 강도 추출 기술 연구 개발- 모션 캡처 기술 기반 서비스 개발자격요건1) 학력 : 대학원 석사 졸 이상2) 전공 : 컴퓨터 공학 관련 전공3) 연령 : 제한 없음4) 직급 : 제한 없음5) 성별 : 제한 없음6) 주요역량요건 : - Deep Learning 기반한 영상 분석 및 인식에 대한 이해- Tensorflow/Pytorch 등 딥러닝 프레임워크에 대한 깊은 이해와 연구 개발 경험 보유- Python/C++에 대한 능숙한 개발 경험우대사항- 관련 분야 박사학위 소지자- 인공지능(Deep Learning) 연구 개발 경험(컴퓨터 비전 기반 전공자 우대) 2년 이상- Face Recognition/Facial Action Unit Estimation 분야 연구 경험자- 게임 엔진(Unity, Unreal)연계 캐릭터 애니메이션 개발 경험자- 인공지능 기반 기술 서비스 출시 경험자2. 딥러닝 기반 바디 모션 추출 기술 연구 개발담당업무- 딥러닝 기반 바디 모션 추출 기술 연구 개발- 인공지능(딥러닝)기반 인체 3차원 모션 캡처 기술 연구 개발- 모션 캡처 기술 기반 서비스 개발자격요건1) 학력 : 대학원 석사 졸 이상2) 전공 : 컴퓨터 공학 관련 전공3) 연령 : 제한 없음4) 직급 : 제한 없음5) 성별 : 제한 없음6) 주요역량요건 : - Deep Learning 기반한 영상 분석 및 인식에 대한 이해- Tensorflow/Pytorch 등 딥러닝 프레임워크에 대한 깊은 이해와 연구 개발 경험 보유- Python/C++에 대한 능숙한 개발 경험우대사항- 관련 분야 박사학위 소지자- 인공지능(Deep Learning) 연구 개발 경험(컴퓨터 비전 기반 전공자 우대) 2년 이상- Human Pose Estimation 분야 연구 경험 경험자- 게임 엔진(Unity, Unreal)연계 캐릭터 애니메이션 개발 경험자- 인공지능 기반 기술 서비스 출시 경험자* 회사 내 수면실과 안마의자, 휴게공간 등이 마련되어 있습니다.* 생일달에는 상품권 지급과 함께 생일파티를 진행합니다.* 배우자 혹은 부모(1인)의 생일 꽃다발 및 케익을 배송합니다.* 1백만원 상당의 모션데스크를 사용하고 있습니다.\n"]}