{"url":"https://www.rocketpunch.com//jobs/70201/%EB%B0%B1%EC%97%94%EB%93%9C-%EC%95%B1-%EA%B0%9C%EB%B0%9C%EC%9E%90","title":"백엔드 앱 개발자","origin":"더위티","start_date":"02/28 ","newbie":"소경력","content":["\n        주요 업무\n        [주요업무]- 새롭게 준비하는 서비스 서버 개발 및 관리   - 데이터 자동 처리 환경 개발- AWS 인프라 운영 및 관리\n      ","\n        업무 관련 기술 / 활동 분야\n        \n          Android\n          MySQL\n          Java\n          JavaScript\n          Python\n          jQuery\n          Git\n          Amazon AWS\n          Back-end\n        \n      ","\n        채용 상세\n        뉴미디어 영상 콘텐츠에 대한 노하우를 바탕으로 관련 플랫폼서비스를 기획하고 있습니다.위티를 함께 이끌어갈 멤버를 찾고 있습니다.많은 분들의 지원 바랍니다.[공통]1. 채용과정- 1차 서류심사 -\u003e 2차 인터뷰 -\u003e 최종합격*재직자의 경우 인터뷰 일정 협의 가능합니다.2. 급여-최소 3,000 만원 이상* 연봉 및 처우는 개인 역량에 따라 협의3. 복지혜택-연차-오전 9-11시 사이 자율출근 -매년 명절(설날, 추석) 전날 그리고 마지막 근무일 근무시간 단축-스톡옵션4. 근무환경-최적의 업무 장비 지원---------------------------------------------------------------------------[주요업무]- 새롭게 준비하는 서비스 서버 개발 및 관리   - 데이터 자동 처리 환경 개발- AWS 인프라 운영 및 관리[자격요건]- 유관경력 1년 이상- 원활한 커뮤니케이션 능력- 서비스 운영 경험- AWS, GCP 등 클라우드 인프라 구축/운영 경험이 있는 분- 백엔드 API 개발 경험자- 데이터 모델링 수행 경험"]}