{"url":"https://www.rocketpunch.com//jobs/69668/Web-Developer","title":"Web Developer","origin":"스켈터랩스","start_date":"02/17 ","newbie":"경력","content":["\n        주요 업무\n        - 웹사이트 개발 및 운영\n      ","\n        업무 관련 기술 / 활동 분야\n        \n          웹사이트 개발\n          웹사이트운영\n          웹사이트\n          웹개발자\n          자바스크립트\n          워드프레스\n          프론트엔드 및 개발 (워드프레스 기반)\n          web-api\n          Sketch\n          Adobe Photoshop\n          Adobe Illustrator\n          zeplin\n          abstract\n          React.js\n          framework\n          web development\n        \n      ","\n        채용 상세\n        - 웹 사이트 개발. 회사와 프로젝트 레벨에서 필요한 웹사이트를 개발하고 사용자 경험의 완성도를 높이기 위해 UX 구현시 프로토타입, 인터렉션, 애니메이션과 디테일을 프로덕트에 구현/반영합니다. 사내 단기 데모 프로젝트 및 웹 사이트의 개발을 담당합니다.  - 웹 표준, 웹 접근성, 크로스 브라우저 호환, 시멘틱 마크업 등의 원칙에 맞춰 웹 사이트를 개발  - 웹 사이트에서 자주 사용되는 웹 UI 컴포넌트 개발  - 상호간 공동 작업 및 유지보수를 위해 코드 스타일, 코멘트가 잘 이해할 수 있는지 신경 써서 개발하며 웹 사이트에 사용되는 플러그인 변경사항 등을 문서화 하고 관리- 웹 사이트 운영. 만들어진 프로덕트를 운영하고 장애 발생시 신속하게 대응합니다. 안정적인 사이트 운영을 위해 미연에 운영 상황에 발생할 수 있는 문제 상황들에 대비합니다. 필요시 효율적인 운영을 위한 개발 툴도 개발합니다.    - 운영에 문제가 발생하지 않도록 프로세스를 문서화 하고 문제 발생시 동일 문제 발생을 막기 위해 운영 리포트를 작성/관리  - 웹 사이트 개발/관리 뿐 아니라 유지보수를 돕거나 자동화 하는 툴도 마찬가지로 우선 순위해서 개발기본 요건- 웹 표준, 웹 및 자바스크립트 개발에 대한 이해 및 경험- WordPress 관리 툴에 대한 이해 및 경험- Web API에 대한 이해 및 경험- UX 툴들에 대한 기본적인 이해 및 경험  예: Sketch, Adobe Photoshop, Illustrator, Zeplin, Abstract 등우대 사항- React.js 프레임워크 및 템플릿 언어들에 대한 이해 및 경험- 퍼블리셔로서 경험"]}