{"url":"https://www.rocketpunch.com//jobs/65381/%EC%9D%B8%EA%B3%B5%EC%A7%80%EB%8A%A5-%EB%94%A5%EB%9F%AC%EB%8B%9D-%EC%A0%84%EA%B3%B5-%EC%B1%84%EC%9A%A9","title":"인공지능, 딥러닝 전공 채용 !!","origin":"모니터코퍼레이션 (NAVER, BPP, TIPS 투자유치)","start_date":"02/25 ","newbie":"신입경력","content":["\n        주요 업무\n                    모니터코퍼레이션은 인공지능 기반 의료영상처리를 하고 있습니다. 의료영상은 3D영상을 처리하는 경우가 많고 그만큼 메모리 문제, 연산 문제, 정확도, 학습, 전처리, 후처리 등 많은 기술적인 문제를 포함하여 영상처리의 전반적인 영역에 대한 접근을 필요로 합니다. Detection, classification, segmentation, quantific…\n            더 보기\n            모니터코퍼레이션은 인공지능 기반 의료영상처리를 하고 있습니다. 의료영상은 3D영상을 처리하는 경우가 많고 그만큼 메모리 문제, 연산 문제, 정확도, 학습, 전처리, 후처리 등 많은 기술적인 문제를 포함하여 영상처리의 전반적인 영역에 대한 접근을 필요로 합니다. Detection, classification, segmentation, quantification 등 영상처리의 큰 주제들을 모두 경험할 수 있는 기회와 의료라는 특수한 영역에서 영상처리분야 연구 논문으로 나오던 주제들이 어떻게 소비자 지향적인 cutting-edge 알고리즘을 포함한 제품으로 연결될 수 있는지를 배울 수 있는 좋은 기회가 있습니다.또한 모니터코퍼레이션은 적극적인 해외 진출을 목표로 합니다. 우리 손으로 만든 제품이 실험실이 아닌 실제 필드에서 글로벌하게 사용될 수 있는 경험은 그 자체만으로도 소중한 경험이 될 것입니다. 모니터코퍼레이션은 이를 함께 하실 인재를 뽑고 또 그 인재에 충분한 투자를 할 준비가 되어 있습니다. 또한 임상 논문, 영상처리 논문 등 연구에 참여할 수 있는 기회와 학회 참석을 지원합니다. 모니터코퍼레이션은 높은 수준의 기술 논문과 임상 논문을 해외 학회에 꾸준히 발표하고 있습니다. 합류하실 분들도 이러한 연구 성과 발표의 기회가 주어집니다.현재 국내 최고 수준 대학 출신으로 구성된 석박사 연구 인력들이 함께 연구개발을 진행하고 있습니다. (KAIST, 서울대 석박사). 또한 NAVER 인공지능 팀 리더와의 미팅을 통해 본 팀의 경쟁력을 인정받고 NAVER 투자 유치를 하였습니다. 인공지능 기반의 영상처리를 연구 성과뿐만 아니라 실제 제품으로 만들고 헬스케어 산업에서 혁신과 신산업을 글로벌하게 만들고 싶은 많은 분들의 관심 부탁드립니다. 현재 임상시험 진행중이고, 글로벌 시장 진출을 위해 준비중입니다. (유럽, 미국, 동남아, 오세아니아 등)감사합니다 !\n\n      ","\n        업무 관련 기술 / 활동 분야\n        \n          Python\n          TensorFlow\n           Tensorflow, Keras 등 머신러닝/딥러닝 \n          PyTorch\n          인공지능\n          딥러닝\n          Machine Learning \n          deep-learning\n          기계학습\n          머신러닝\n          artificial-intelligence\n          image-processing\n          image-recognition\n          computer-vision\n          영상처리\n          object-detection\n          Object Classification\n          텐서플로우\n          컴퓨터비전\n          CNN\n          딥러닝이미지분석\n        \n      ","\n        채용 상세\n                    담당업무- 인공지능 기반 영상처리- 3D 영상처리자격요건- python, tensorflow, pytorch 사용경험- 인공지능, 딥러닝 전공자- 배움에 대한 높은 열정을 갖고 계신 분우대사항- 석, 박사 학위 소지자- 전공보다는 열정 !- 새로운 문제를 풀어보고 싶은 분[회사소개 및 업무]모니터코퍼레이션은 인공지능 기반 의료영상처리를 하고 있습니다…\n            더 보기\n            담당업무- 인공지능 기반 영상처리- 3D 영상처리자격요건- python, tensorflow, pytorch 사용경험- 인공지능, 딥러닝 전공자- 배움에 대한 높은 열정을 갖고 계신 분우대사항- 석, 박사 학위 소지자- 전공보다는 열정 !- 새로운 문제를 풀어보고 싶은 분[회사소개 및 업무]모니터코퍼레이션은 인공지능 기반 의료영상처리를 하고 있습니다. 의료영상은 3D영상을 처리하는 경우가 많고 그만큼 메모리 문제, 연산 문제, 정확도, 학습, 전처리, 후처리 등 많은 기술적인 문제를 포함하여 영상처리의 전반적인 영역에 대한 접근을 필요로 합니다. Detection, classification, segmentation, quantification 등 영상처리의 큰 주제들을 모두 경험할 수 있는 기회와 의료라는 특수한 영역에서 영상처리분야 연구 논문으로 나오던 주제들이 어떻게 소비자 지향적인 cutting-edge 알고리즘을 포함한 제품으로 연결될 수 있는지를 배울 수 있는 좋은 기회가 있습니다. 연구와 개발에 열정이 있으신 분들과 함께 더욱 더 발전해 나가는 인공지능 연구팀이 되고자 합니다.또한 모니터코퍼레이션은 적극적인 해외 진출을 목표로 합니다. 우리 손으로 만든 제품이 실험실이 아닌 실제 필드에서 글로벌하게 사용될 수 있는 경험은 그 자체만으로도 소중한 경험이 될 것입니다. 모니터코퍼레이션은 이를 함께 하실 인재를 뽑고 또 그 인재에 충분한 투자를 할 준비가 되어 있습니다. 또한 임상 논문, 영상처리 논문 등 연구에 참여할 수 있는 기회와 학회 참석을 지원합니다.현재 국내 최고 수준 대학 출신 석박사 연구 인력들이 함께 연구개발을 진행하고 있습니다. 또한 NAVER 인공지능 팀 리더와의 미팅을 통해 본 팀의 인공지능 연구 경쟁력을 인정받고 NAVER 투자 유치를 하였습니다. 인공지능 기반의 영상처리를 연구 성과뿐만 아니라 실제 제품으로 만들고 헬스케어 산업에서 혁신과 신산업을 글로벌하게 만들고 싶은 많은 분들의 관심 부탁드립니다.감사합니다 :)현재 임상시험 진행중이고, 글로벌 시장 진출을 위해 준비중입니다. (유럽, 미국, 동남아 등)임상검증을 위해 다양한 대학병원과 협력관계를 유지하고 있고 공동 연구를 진행하고 있습니다.[근무지]서울시 강남구 강남대로 382 메리츠빌딩 16층 NAVER D2 (강남역 2번출구 바로 앞)[복지]자율 휴가, 저녁 제공, 커피 제공, 다과 제공, 자율 출퇴근.결과에 대한 책임, 서로의 열정에 대한 믿음을 바탕으로 업무의 자율을 보장해 드립니다.\n\n            \n              \n                  \n                \n            \n          \n            \n              \n                  \n                \n            \n          \n            \n              \n                  \n+1                \n            \n          \n            \n              \n                  \n                \n            \n          "]}