{"url":"https://www.rocketpunch.com//jobs/57649/%EC%A7%81%EC%A0%91-%EC%82%AC%EC%9A%A9%EC%9E%90-%EA%B2%BD%ED%97%98%EC%9D%84-%EA%B3%A0%EB%AF%BC%ED%95%98%EC%97%AC-%EB%94%94%EC%9E%90%EC%9D%B8%ED%95%98%EB%8A%94-UXUI-%EB%94%94%EC%9E%90%EC%9D%B4%EB%84%88%EB%A5%BC-%EC%B0%BE%EC%8A%B5%EB%8B%88%EB%8B%A4","title":"직접 사용자  경험을 고민하여 디자인하는 UXUI 디자이너를 찾습니다.","origin":"런치팩","start_date":"02/25 ","newbie":"경력","content":["\n        주요 업무\n                    개발자 없이 플랫폼 서비스를 창업할 수 있는 솔루션, LaunchPack 에서창업자가 설명없이도 조작할 수 있게끔 직관적인 UXUI 를 디자인 하는 일을 하시게 됩니다.런치팩은 8명, Role Driven 조직으로 위계가 아닌 각자의 포지션에서 해당 업무를 진취적으로 리드해 나가는 문화를 가지고 있습니다.수평적으로 의사소통하며 의사결정의 기준은 오로…\n            더 보기\n            개발자 없이 플랫폼 서비스를 창업할 수 있는 솔루션, LaunchPack 에서창업자가 설명없이도 조작할 수 있게끔 직관적인 UXUI 를 디자인 하는 일을 하시게 됩니다.런치팩은 8명, Role Driven 조직으로 위계가 아닌 각자의 포지션에서 해당 업무를 진취적으로 리드해 나가는 문화를 가지고 있습니다.수평적으로 의사소통하며 의사결정의 기준은 오로지 고객입니다. 성과 \u003e\u003e\u003e\u003e\u003e 근무시간.우리는 일이 되게 하는 것이 중요하지 얼마나 사무실에 앉아있냐가 중요한 조직은 아닙니다.확실한 성과를 위해 일하며, 그 자율과 책임은 본인에게 달려있다는 것을 알고 있는 조직입니다.완결과 결과로 말합니다.\n\n      ","\n        업무 관련 기술 / 활동 분야\n        \n          UI/UX디자인\n          웹디자인\n          모바일디자인\n          GUI디자인\n          UX디자인\n          UI디자인\n          브랜드디자인\n          Adobe Illustrator\n          Adobe Photoshop\n          서비스디자인\n          서비스 기획\n        \n      ","\n        채용 상세\n                    이런 일을 하실 거예요.- UXUI(고객 경험, 고객 인터페이스) 디자인이 중 1가지 이상 해당된다면, 저희와 핏이 맞을 수 있는 분들의 유형이예요.- 비주얼 디자인보다 UXUI가 더 잘 맞으시는 분- 서비스의 처음부터 끝까지 다 나의 디자인을 적용시켜보고 싶으신 분- 사용자에게 유도하는 액션에 알맞는 아이콘모양이 머릿속에 직관적으로 바로 떠오르시는…\n            더 보기\n            이런 일을 하실 거예요.- UXUI(고객 경험, 고객 인터페이스) 디자인이 중 1가지 이상 해당된다면, 저희와 핏이 맞을 수 있는 분들의 유형이예요.- 비주얼 디자인보다 UXUI가 더 잘 맞으시는 분- 서비스의 처음부터 끝까지 다 나의 디자인을 적용시켜보고 싶으신 분- 사용자에게 유도하는 액션에 알맞는 아이콘모양이 머릿속에 직관적으로 바로 떠오르시는 분- 자기의 디자인에 대한 기획의도를 사용자의 입장에서 조리있게 얘기할 수 있는 분- Adobe XD, 프로토타이핑 툴을 편하게 다루시는 분- 자기분야에 대해 치열하게 고민하고 공부하고 또 공부할 수록 전문성이 생기는 것이 즐거우신 분- 타 팀과의 협업과 소통을 잘하시는 분우대사항- 서비스 UXUI 기획 경험자- 워드프레스, 윅스를 통해서 홈페이지를 만들어 보신 분\n"]}