{"url":"https://www.rocketpunch.com//jobs/69315/%ED%8D%BC%ED%94%8C-%EC%8A%A4%EC%99%84-Purple-Swan-%EA%B7%B8%EB%9E%98%ED%94%BD-%EB%94%94%EC%9E%90%EC%9D%B4%EB%84%88-%EC%B1%84%EC%9A%A9-%EC%96%B4%EC%84%9C%EC%99%80-%EB%B3%B4%EB%9D%BC%EC%83%89-%EB%B0%B1%EC%A1%B0%EB%8A%94-%EC%B2%98%EC%9D%8C-%EB%B3%B4%EC%A7%80","title":"퍼플 스완 (Purple Swan) 그래픽 디자이너 채용, 어서와~ 보라색 백조는 처음 보지?","origin":"퍼플 스완","start_date":"02/10 ","newbie":"경력","content":["\n        주요 업무\n        - 퍼플 스완 이벤트관련 사인물, 인쇄물 디자인- 온/오프라인 마케팅 디자인물 제작- 퍼플 스완 이벤트 현장 코디네이션 또는 운영 지원 업무\n      ","\n        업무 관련 기술 / 활동 분야\n        \n          그래픽디자인\n          Adobe Photoshop\n          브랜드디자인\n          마케팅디자인\n          콘텐츠디자인\n          크리에이티브디자인\n          광고디자인\n          서비스디자인\n          Adobe Illustrator\n        \n      ","\n        채용 상세\n        담당업무- 퍼플 스완 이벤트관련 사인물, 인쇄물 디자인- 온/오프라인 마케팅 디자인물 제작- 퍼플 스완 이벤트 현장 코디네이션 또는 운영 지원 업무자격요건- 4년제 대학 졸업- 2년 이상의 그래픽 디자인 경력- 토익 700점 이상 (타 공인 영어 시험 성적으로 환산 가능)- 즐겁게 일하며 자신의 일을 사랑하는 분- 창의적이고 기획력이 있으신 분- 매우 꼼꼼한 분- 책임감이 강하고 긍정적 마인드를 갖춘 자우대사항- MICE관련 학과 (복수)전공 또는 관련 업무 유경험자- 블록체인 기술관련 경력이 있거나 해당 기술에 대한 이해가 있는 자∙ 퍼플 스완 적성 검사 ∙1. 나는 보라색을 좋아한다 (Y/N)2. 마구 샘 솟는 내 아이디어를 주체할 수 없다 (Y/N)3. 1px의 다름도 용납할 수 없다 (Y/N)4. 새로운 프로젝트에 도전해보고 싶다 (Y/N)5. 어차피 일할 거 글로벌하게 일하고 싶다 (Y/N)6. 좋아하는 일이 하면 시간가는 줄 모른다 (Y/N)7. 팀원과 영어로 업무를 하고 싶다 (Y/N)- 1~2개: 당신은 퍼플 스완에서 적응을 잘 하실거예요!- 3~4개: 당신은 퍼플 스완에 오면 행복하실 거예요!- 5~7개: 어서와요! 보라 백조는 처음이죠? 환영해요!제출 서류1. 디자인 포트폴리오2. 커버 레터 1장, 이력서 1장3. 증빙 서류: 졸업 증명서, 어학 성적 증명서, 자격증 사본 1부4. 제출처: 로켓펀치 지원 또는 info@purpleswan.io    (이메일 지원 시, 증빙 서류는 면접 시에 제출 가능)복지 혜택- 커피 및 간식 제공- 연차- 근무 시간: 9:00 - 18:00 (월~금)- 명절 선물 제공, 경조사비, 4대 보험근무 조건- 고용형태: 정규직 (수습 기간: 3개월)- 급여조건: 연봉 회사 내규 퍼플 스완 소개백조는 우아함, 균형, 조화를 상징하는 동물이며, 보라색은 서로 반대되는 강렬한 붉은색과 차분한 푸른색을 조합하여 나온 신비한 색으로 고귀함, 호화로움, 열정, 에너지를 연상시킵니다. 이 모든 요소들은 한데 어우러져 퍼플 스완의 무한한 가치 창조에 대한 헌신을 보여줍니다. 퍼플 스완(Purple Swan)은 엘민미디어(Elmin Media)의 콘텐츠 기획 솔루션 회사로 시작하여, 우리 사회에 영향을 주는 아이디어와 주제를 공유, 탐구할 수 있는 창의적인 고품격 행사와 컨퍼런스를 전문적으로 기획하고 운영해왔습니다.- 웹사이트: www.purpleswan.io- 근무지: 서울특별시 영등포구 선유로 49길 17 부윤빌딩 6층- 산업분야: MICE 기획/조직/운영/사후관리, 마케팅, 컨설팅, 시각디자인, 번역, 강연, 통역, 네트워킹, 기업/정부 컨퍼런스, 연사섭외, 브랜딩, 갈라 디너, 밋업, 블록체인 기술 등\n            \n              \n                  \n                \n            \n          \n            \n              \n                  \n                  \n                \n            \n          "]}