{"url":"https://www.rocketpunch.com//jobs/64412/IOS-%EA%B0%9C%EB%B0%9C%EC%9E%90%EC%97%90-%EC%A7%80%EC%9B%90%ED%95%98%EC%84%B8%EC%9A%94","title":"IOS 개발자에 지원하세요!","origin":"피알앤디컴퍼니","start_date":"02/29 ","newbie":"경력","content":["\n        주요 업무\n                    \u003c회사소개\u003e헤이딜러는 매일 1만명 이상의 고객이 사용하며, 1,500대 이상 차량이 올라오는 국내 1위 내차팔기 서비스 입니다. 헤이딜러는 B2C(중고차 구매) 중심으로 SK엔카, K카 등이 주도해온 중고차 시장에서 C2B(내차팔기) 분야에 최적화된 서비스를 제공하면서 빠르게 성장해 왔습니다.\n\n      ","\n        업무 관련 기술 / 활동 분야\n        \n          Django\n          PostgreSQL\n          Sentry\n          newrelic\n          Google Analytics\n          Firebase\n          Fabric\n          GitHub\n          Jenkins\n          zeplin\n        \n      ","\n        채용 상세\n                    담당업무• 헤이딜러 고객용 / 딜러용 iOS 개발• 앱 개선 및 안정화자격요건• 최소 3년 이상의 iOS 네이티브 앱 실무 경험• Swift 언어에 능숙하신 분• Auto Layout 사용에 능숙하신 분• Reactive 프로그래밍에 대한 이해 및 RxSwift 사용 경험이 있으신 분• MVVM, MVP 등의 디자인 패턴 적용 경험이 있으신 분우대사…\n            더 보기\n            담당업무• 헤이딜러 고객용 / 딜러용 iOS 개발• 앱 개선 및 안정화자격요건• 최소 3년 이상의 iOS 네이티브 앱 실무 경험• Swift 언어에 능숙하신 분• Auto Layout 사용에 능숙하신 분• Reactive 프로그래밍에 대한 이해 및 RxSwift 사용 경험이 있으신 분• MVVM, MVP 등의 디자인 패턴 적용 경험이 있으신 분우대사항• Git을 통한 협업에 익숙하신 분• 유닛 테스트 및 UI 테스트 작성 경험이 있으신 분• 오픈소스 개발 경험이 있으신 분개발인프라\u003c저희는 이렇게 일하고 있어요\u003e'헤이딜러에서는 어떻게 일하나요?' \u003e https://bit.ly/2TQXdu7 를 참고해주세요.• 서버 : Django• DB : Postgresql / Redis• 분석 : Sentry, New Relic, Google Analytics, Firebase, Fabric• 코드관리/빌드 : Github, Jenkins• 이슈/문서 관리 : Confluence, JIRA, Zeplin• 커뮤니케이션 : Slack제출서류• 자기소개서 : 자유양식 (헤이딜러 지원이유 기재)• 이력서, 포트폴리오 : 자유양식 (인적사항, 경력, 프로젝트 포함)제출방법• 이메일 제출 : jobs@prnd.co.kr• 이메일 제목 : [IOS 개발자] 홍길동채용과정• 서류전형 합격시 1차면접 \u003e 2차면접 순서로 진행됩니다.  (일부 직군의 경우 간단한 과제가 있을 수 있으며, 이 경우 서류전형 합격자에 한하여 1차 면접 전 사전과제   가 진행됩니다)• 서류 전형 결과는 합격자에 한하여 1주 이내 연락드리고 있습니다.근무조건  • 근무형태 : 정규직(3개월의 수습기간이 적용될 수 있습니다)• 근무지 : 서울 강남구 강남대로 376, 11층 • 급여 : 전 직장 기준 협의• 신형 맥북 최고사양 제공\n\n            \n              \n                  \n                \n            \n          \n            \n              \n                  \n                \n            \n          \n            \n              \n                  \n+3                \n            \n          \n            \n              \n                  \n                \n            \n          \n            \n              \n                  \n                \n            \n          \n            \n              \n                  \n                \n            \n          "]}