{"url":"https://www.rocketpunch.com//jobs/68360/%ED%8A%B8%EB%A6%BD%ED%81%B4%EB%A6%BD-%EC%8A%A4%ED%86%A1%ED%91%B8%ED%8B%B0%EC%A7%80Stock-Footage-%ED%94%8C%EB%9E%AB%ED%8F%BC-%EC%9B%B9%EA%B0%9C%EB%B0%9C%EC%84%9C%EB%B2%84-%EA%B0%9C%EB%B0%9C%EC%9E%90","title":"트립클립 스톡푸티지(Stock Footage) 플랫폼 웹개발/서버 개발자","origin":"트립클립","start_date":"01/20 ","newbie":"신입경력","content":["\n        주요 업무\n                    [트립클립 및 서비스 소개] \"이제는 영상 DATA입니다\" 트립클립(tripClip) 스톡푸티지(Stock Footage) 거래 플랫폼 www.tripClip.kr 스톡푸티지 (Stock Footage) = 영상소스= 스톡비디오 (Stock Video) - 영상 편집, 제작시 필요한 영상소스를 검색하고, 구매할 수 있는 웹서비스 - 자신이 촬영한 (…\n            더 보기\n            [트립클립 및 서비스 소개] \"이제는 영상 DATA입니다\" 트립클립(tripClip) 스톡푸티지(Stock Footage) 거래 플랫폼 www.tripClip.kr 스톡푸티지 (Stock Footage) = 영상소스= 스톡비디오 (Stock Video) - 영상 편집, 제작시 필요한 영상소스를 검색하고, 구매할 수 있는 웹서비스 - 자신이 촬영한 (DSLR, 미러리스, 스마트폰, 액션캠, 드론 등) 영상 소스를 업로드하여 영상 제작자들에게 판매하고 부수익을 올릴 수 있는 서비스\n\n      ","\n        업무 관련 기술 / 활동 분야\n        \n          Python\n          MySQL\n          JavaScript\n          Naver Cloud\n          HTML\n          Django\n        \n      ","\n        채용 상세\n                    [담당업무] - 트립클립 플랫폼 www.tripClip.kr 웹서비스  - 트립클립 기존 기능 개선, 안정성 향상 - 트립클립 신규서비스 기획의 구현 [사용언어] - 파이썬, django [요구 숙련도] - 파이썬 스크립트를 이용해 서버 어플리케이션 제작 가능- 파이썬에 django 프레임워크를 이용해 웹 어플리케이션 제작 가능       - htm…\n            더 보기\n            [담당업무] - 트립클립 플랫폼 www.tripClip.kr 웹서비스  - 트립클립 기존 기능 개선, 안정성 향상 - 트립클립 신규서비스 기획의 구현 [사용언어] - 파이썬, django [요구 숙련도] - 파이썬 스크립트를 이용해 서버 어플리케이션 제작 가능- 파이썬에 django 프레임워크를 이용해 웹 어플리케이션 제작 가능       - html, javascript에 대한 이해 - 리눅스 사용 가능 - 파이썬으로 개발된 어플리케이션의 배포를 위한 apache 설정, mysql database 설정- rabbitmq 설정등에 거부감이 없어야 함[우대사항] - 컴퓨터 과학 전공 우대 - 신입/경력 무관 - 사용자의 편의를 위해 주도적으로 기획, 개선을 추구하시는 분- 스톡푸티지(영상 소스), 영상 데이터의 비전에 대해 공감하시는 분 - 데이터가공, 머신러닝, AI 등에 관심이 있으신 분\n"]}