{"url":"https://www.rocketpunch.com//jobs/69948/%EA%B3%A0%EC%86%8D-%EC%84%B1%EC%9E%A5-%EC%8A%A4%ED%83%80%ED%8A%B8%EC%97%85-%EC%9C%84%EC%97%90-%EC%98%AC%EB%9D%BC%ED%83%80%EB%9D%BC-%EC%9D%B5%EC%84%A0%EB%8B%A4%EB%8B%A4-%EA%B2%BD%EB%A0%A5%EC%82%AC%EC%9B%90-%EA%B3%B5%EA%B0%9C%EC%B1%84%EC%9A%A9","title":"고속 성장 스타트업 위에 올라타라 : ) [익선다다 경력사원 공개채용]","origin":"익선다다","start_date":"02/21 ","newbie":"경력","content":["\n        주요 업무\n                    ○ 채용직무는 다음과 같습니다.- 브랜드컨설팅- 아트디렉터- SNS(디지털)마케터- 웹디자이너- 공간디자이너- 한식 쉐프(메뉴개발 및 주방메인쉐프)- 양식 쉐프(메뉴개발 및 주방메인쉐프)- 중식 or 일식 쉐프(메뉴개발 및 주방메인쉐프)- 베이커리 파티쉐(메뉴개발 및 메인파티쉐 가능한 분)\n            더 보기\n            ○ 채용직무는 다음과 같습니다.- 브랜드컨설팅- 아트디렉터- SNS(디지털)마케터- 웹디자이너- 공간디자이너- 한식 쉐프(메뉴개발 및 주방메인쉐프)- 양식 쉐프(메뉴개발 및 주방메인쉐프)- 중식 or 일식 쉐프(메뉴개발 및 주방메인쉐프)- 베이커리 파티쉐(메뉴개발 및 메인파티쉐 가능한 분)\n\n      ","\n        업무 관련 기술 / 활동 분야\n        \n          공간디자인\n          공간기획\n          인테리어\n          Sketch Up\n          실내건축디자인\n          인테리어 디자인\n          공간비즈니스\n          도시재생\n          공간브랜딩\n        \n      ","\n        채용 상세\n                    ★ 지원서, 이력서 \u0026 포트폴리오는 recruit@iksundada.co.kr 로 제출을 권장합니다.(PF제출 필수 직무는 PF 누락 시, 서류전형 탈락하니, 유의 바람)○ 직무별 자격요건  - 브랜드컨설팅(경력5년이상) - 포트폴리오 제출 필수  - 아트디렉터(경력5년이상) - 포트폴리오 제출 필수  - SNS(디지털)마케터(경력2년이상) …\n            더 보기\n            ★ 지원서, 이력서 \u0026 포트폴리오는 recruit@iksundada.co.kr 로 제출을 권장합니다.(PF제출 필수 직무는 PF 누락 시, 서류전형 탈락하니, 유의 바람)○ 직무별 자격요건  - 브랜드컨설팅(경력5년이상) - 포트폴리오 제출 필수  - 아트디렉터(경력5년이상) - 포트폴리오 제출 필수  - SNS(디지털)마케터(경력2년이상) - 포트폴리오 제출 필수  - 웹디자이너(경력3년이상) - 포트폴리오 제출 필수  - 공간디자이너(경력4년이상) - 포트폴리오 제출 필수  - 한식 쉐프(경력3년이상)  - 양식 쉐프(경력3년이상)  - 일식 or 중식 쉐프(경력3년이상)  - 베이커리 파티쉐(경력3년이상)○ 우대사항(공통)  - 지원서 성실 작성자, PF 성실자  - 장기근속가능자  - 관련업무 경력자 / 수상경력  - 관련학과 졸업생○ 직무별 우대사항  - 웹디자이너는 포토샵, 일러스트레이터, GUI 능숙자  - SNS(디지털)마케터는 기획 및 그래픽디자인 능숙자  - 공간디자이너는 오토캐드, 스케치업, 스케치업 랜더 능숙자  - 영업부는 메뉴개발 경험, 자영업 경력, 제출가능PF, 사진 제출 시\n\n            \n              \n                  \n                \n            \n          \n            \n              \n                  \n                \n            \n          \n            \n              \n                  \n                \n            \n          "]}