{"url":"https://www.rocketpunch.com//jobs/69468/%EC%BB%A4%EB%A8%B8%EC%8A%A4-%EB%94%94%EC%9E%90%EC%9D%B4%EB%84%88","title":"커머스 디자이너","origin":"오지큐(주)","start_date":"02/12 ","newbie":"경력","content":["\n        주요 업무\n        OGQ는 소셜 크리에이터 플랫폼인 OGQ Market, 네이버 OGQ 마켓, 아프리카TV OGQ 마켓 등 다양한 플랫폼을 개발, 운영하고 있습니다. OGQ와 함께 전 세계 크리에이터들이 본인의 콘텐츠를 제작, 관리할 수 있는 서비스를 만들어갈 분을 찾고 있습니다.\n      ","\n        업무 관련 기술 / 활동 분야\n        \n          제품디자인\n          브랜드디자인\n          편집디자인\n          커머스서비스\n          콘텐츠디자인\n        \n      ","\n        채용 상세\n        [담당업무]• OGQ 커머스 영역에서 보여지는 모든 콘텐츠를 디자인합니다. - OGQ FRIENDS \u0026 Creator 제품 디자인 - 상품 소개 및 상세 페이지 디자인 - 커머스 카탈로그 및 인쇄물 디자인• OGQ 커머스 홍보를 위한 콘텐츠를 제작 및 디자인합니다. - OGQ SNS 채널에 노출되는 콘텐츠 제작 - 정기적으로 운영하는 프로모션 및 이벤트, 배너 제작[자격요건]• 유사 경력 2년 이상• 포토샵, 일러스트레이터 등의 디자인 툴을 잘 활용하시는 분• 자신이 디자인한 내용을 스토리텔링과 더불어 설득할 수 있는 분[우대사항]• E-commerce 플랫폼에 대한 이해도가 높으신 분• 콘텐츠 및 커머스 상품 전반적인 기획 및 디자인 경험이 있으신 분• 콘텐츠 브랜딩 및 프로모션 진행 경험이 있으신 분• 변화에 유연하게 대처하고, 업무를 긍정적으로 주도할 수 있는 분\n            \n              \n                  \n                \n            \n          \n            \n              \n                  \n                \n            \n          \n            \n              \n                  \n+2                \n            \n          \n            \n              \n                  \n                \n            \n          \n            \n              \n                  \n                \n            \n          "]}