{"url":"https://www.rocketpunch.com//jobs/70137/%EC%95%88%EB%93%9C%EB%A1%9C%EC%9D%B4%EB%93%9C-%EC%95%B1-%EA%B0%9C%EB%B0%9C%EC%9E%90-%EB%AA%A8%EC%A7%91","title":"안드로이드 앱 개발자 모집","origin":"공팔리터","start_date":"02/26 ","newbie":"경력","content":["\n        주요 업무\n                    사용언어 : JAVA주요 라이브러리 : RxJava, Retrofit2, OkHttp3, Glide, Exo Player업무 도구: Github, Jira, Confluence, Zeplin 사용★ 포트폴리오 필수 제출 * Android(Native App) 3년 이상의 개발 경력을 가진 분* Android 플랫폼에 대해 깊은 이해를 가지신 분* J…\n            더 보기\n            사용언어 : JAVA주요 라이브러리 : RxJava, Retrofit2, OkHttp3, Glide, Exo Player업무 도구: Github, Jira, Confluence, Zeplin 사용★ 포트폴리오 필수 제출 * Android(Native App) 3년 이상의 개발 경력을 가진 분* Android 플랫폼에 대해 깊은 이해를 가지신 분* Java, RxJava 를 이용하여 개발을 해보신 분* 상용 서비스 및 제품 개발 참여해본 경험 보유* Reactive 프로그래밍에 대한 이해 및 RxJava 사용 경험 보유* Git, JIRA, Confluence, Zeplin 등의 이슈 관리 협업 툴을 통한 개발 경험* 오픈소스 라이브러리를 적극적으로 활용하시는 분* Android 최신 트렌드를 이용한 개발 경험 보유* 다른 팀원의 성장에 도움을 줄 수 있는 분\n\n      ","\n        업무 관련 기술 / 활동 분야\n        \n          JavaScript\n          agile\n          spring-framework\n          mybatis\n          SQL\n          개발 \n          Git\n          Node.js\n          jQuery\n          Java\n          GitHub\n          Front-end\n          Amazon AWS\n          Bootstrap\n          CSS3\n          MySQL\n          Android\n          iOS\n          ios 앱개발\n          iOS/AOS\n          Objective-C\n          ui\n          Swift\n          Swift 개발 경험자\n        \n      ","\n        채용 상세\n                    우대사항*새로운 기술 습득과 지식 공유에 즐거움을 느끼시는 분*새로운 기술을 익히는 것을 즐기는 분* MVP, MVC 등의 디자인 패턴 적용에 대한 경험 보유* SNS API를 이용하여 개발 진행해보신 분* Custom UI 개발 경험이 있으신 분* 글로벌 서비스 런칭 경험이 있으신 분* 자신의 맡은 작업에 대한 책임감이 강하신 분* 협업간 원활한 …\n            더 보기\n            우대사항*새로운 기술 습득과 지식 공유에 즐거움을 느끼시는 분*새로운 기술을 익히는 것을 즐기는 분* MVP, MVC 등의 디자인 패턴 적용에 대한 경험 보유* SNS API를 이용하여 개발 진행해보신 분* Custom UI 개발 경험이 있으신 분* 글로벌 서비스 런칭 경험이 있으신 분* 자신의 맡은 작업에 대한 책임감이 강하신 분* 협업간 원활한 커뮤니케이션이 가능한 분​\u003c근무환경\u003e • 열심히 일한 당신 떠나요! (연월차제도) • 굶지말고 든든하게 (간식,과일, 커피 제공) • 자유로운 소통을 위하여 (팀회식비 지원) • 배움은 때가 없다 (직무 교육 지원) • 책책책 책을 읽읍시다 (업무 관련 도서 지원) • 개발자의 갬성은 장비로부터 (맥지원 일부) • 목돈마련 현실로 (청년내일채움공제) • 휴가비 20만원지원 (근로자휴가지원사업) • 기쁨도 슬픔도 함께해요 (경조사지원) • 성과에 대하 확실한 보상! (인센티브제 일부) • 혼자 고민하지 말아요 (소통메이트) • 산모와 아이의 건강을 위하여 (단기근무,육아휴직,출산휴가를 지원합니다) • 당신의 패션을 존중합니다 (자유복장)\n"]}