{"url":"https://www.rocketpunch.com//jobs/67319/%ED%95%9C%EA%B5%AD-%EC%8B%9C%EC%9E%A5-%EC%B4%9D%EA%B4%84-%EB%A7%88%EC%BC%80%ED%8C%85-Marketing-Executive-%E2%80%93-Korean-market","title":"한국 시장 총괄 마케팅 (Marketing Executive – Korean market)","origin":"빛글림","start_date":"12/23 ","newbie":"인턴신입경력","content":["\n        주요 업무\n        TUBUDD는 저희 빛글림의 파트너 기업으로써 한국 진출을 위해 도움을 요청했습니다.저희를 통해 베트남 및 세계 관광 시장에 관심 있으신 분들은 지원해보세요!업무 내용:- 한국 시장을 위한 마케팅 계획 수립 및 운영- 한국어 및 영어로 콘텐츠 제작 (웹 사이트, 소셜 네트워크, 이메일)- 회사 행사 및 기타 활동 참여- 강력한 고객 데이터베이스 구축- 고객 문의- 한국 시장과 관련된 소셜 네트워크, 이메일 작업- 한국~베트남 시장의 파트너 발굴 및 구축- 한국 Tubudd 지사 대표- 한국 내 미디어 또는 기타 언론사와의 접촉Responsibilities:- Create and run marketing plan specifically for Korean market.- Create content in Korean and English (website, social networks, email)- Take part in company’s events and other activities.- Build a strong customer database.- Be professional when dealing with customers.- Be responsive on social networks, emails relating to Korean market.-\tFind more business, partners to partner with from Korea market to Vietnam-\tRepresent Tubudd office in South Korea-\tBe the contact point for customer service and partnerships.-\tContact with media or other contract points in South Korea\n      ","\n        업무 관련 기술 / 활동 분야\n        \n          온라인마케팅\n          소셜마케팅\n          디지털마케팅\n        \n      ","\n        채용 상세\n        기술과 자격- 중/고급 수준의 영어- 여행 및 관광 지식- 베트남에 관심이 있으신 분- 특히 한국인을 대상으로 하는 마케팅을 한 경험이 있으면 좋습니다. (한국의 트렌드를 이해하고 마케팅 전략을 구축)- 사업 개발 기술이 필요- 우수한 작문 기술과 멀티 태스킹 기술- 뛰어난 조직 기술 필수Skills And Qualifications:- Speak Korean as mother tongue or at advanced high level.-\tSpeak English at advanced high level- Knowledge of travel and tourism.-\tLove Vietnam, used to go to Vietnam is a good point.- Understand and have experience in using marketing channels specifically for Korean; understand Korean trends and turn it into marketing plan.-\tBusiness development skills are needed.- Excellent writing skills and multitasking skills.- Outstanding organisational skills are a must.- Proficiency of the English language.\n            \n              \n                  \n                  \n                \n            \n          "]}