{"url":"https://www.rocketpunch.com//jobs/70237/%EC%84%9C%EB%B9%84%EC%8A%A4-%EC%9A%B4%EC%98%81%EA%B8%B0%ED%9A%8D%EC%9E%90","title":"서비스 운영기획자","origin":"마켓보로","start_date":"02/28 ","newbie":"경력","content":["\n        주요 업무\n                    - 식자재관련 B2B오픈쇼핑몰 운영 기획 및 서비스 유지보수- 서비스 지표 및 VOC 분석을 통한 개선 인사이트 도출- 사용자 경험에 최적화된 user flow 정의 및 설계- 서비스 관점에서의 유사 서비스 동향 모니터링/리서치\n\n      ","\n        업무 관련 기술 / 활동 분야\n        \n          Google Apps\n          Google Drive\n          wiki\n          JIRA\n          Slack\n        \n      ","\n        채용 상세\n                    자격요건- 온라인 서비스 기획, 플랫폼 기획 3년 이상 경력이 있는 분- 복잡한 내용을 간결하게 문서화 가능한 분- 자신의 생각을 타인에게 명료하게 전달 가능한 분- 사업/디자인/개발 등 협업 부서와의 원활한 커뮤니케이션이 가능한 분- 긍정적인 사고와 마인드로 협업을 이끌어가실 수 있는 분우대사항- 웹/모바일 서비스를 처음부터 런칭까지 해보신 경험이…\n            더 보기\n            자격요건- 온라인 서비스 기획, 플랫폼 기획 3년 이상 경력이 있는 분- 복잡한 내용을 간결하게 문서화 가능한 분- 자신의 생각을 타인에게 명료하게 전달 가능한 분- 사업/디자인/개발 등 협업 부서와의 원활한 커뮤니케이션이 가능한 분- 긍정적인 사고와 마인드로 협업을 이끌어가실 수 있는 분우대사항- 웹/모바일 서비스를 처음부터 런칭까지 해보신 경험이 있으신 분- 오픈마켓, 소셜쇼핑몰 등의 운영 경험이 있으신 분 또는 KPI 설정 및 수행경험이 있으신 분- 빠른 속도로 성장하는 스타트업에서 핵심적인 역할을 수행해 본 경험\n\n            \n              \n                  \n                \n            \n          \n            \n              \n                  \n                \n            \n          \n            \n              \n                  \n+5                \n            \n          \n            \n              \n                  \n                \n            \n          \n            \n              \n                  \n                \n            \n          \n            \n              \n                  \n                \n            \n          \n            \n              \n                  \n                \n            \n          \n            \n              \n                  \n                  \n                \n            \n          "]}